user,topic_id,id,createdAt,attempt,response,userMessage
demo-test-3,1001,21679,2025-07-10 09:56:47.000,73,Connects people worldwide effectively.,Give me 1 sentence about the importance of learning English. Max 5 words.
demo-test-57,1001,21678,2025-07-10 09:56:47.000,9,Learning English opens many doors!,Give me 1 sentence about the importance of learning English. Max 5 words.
demo-test-7,1001,21684,2025-07-10 09:56:48.000,58,English opens global opportunities! ?✨,Give me 1 sentence about the importance of learning English. Max 5 words.
demo-test-19,1001,21681,2025-07-10 09:56:48.000,30,English opens many opportunities! ?✨,Give me 1 sentence about the importance of learning English. Max 5 words.
demo-test-20,1001,21682,2025-07-10 09:56:48.000,29,Connects people around the world! ?,Give me 1 sentence about the importance of learning English. Max 5 words.
demo-test-23,1001,21683,2025-07-10 09:56:48.000,19,English connects people worldwide! ?,Give me 1 sentence about the importance of learning English. Max 5 words.
demo-test-28,1001,21685,2025-07-10 09:56:48.000,16,English connects people globally!,Give me 1 sentence about the importance of learning English. Max 5 words.
demo-test-37,1001,21686,2025-07-10 09:56:48.000,10,Learning English opens many doors! ?? What do you think about that?,Give me 1 sentence about the importance of learning English. Max 5 words.
demo-test-39,1001,21680,2025-07-10 09:56:48.000,11,Learning English opens many doors! ?✨ What do you think about that?,Give me 1 sentence about the importance of learning English. Max 5 words.
demo-test-46,1001,21689,2025-07-10 09:56:48.000,10,Learning English opens many doors! ?✨,Give me 1 sentence about the importance of learning English. Max 5 words.
demo-test-66,1001,21688,2025-07-10 09:56:48.000,8,Learning English opens many doors! What do you think about that?,Give me 1 sentence about the importance of learning English. Max 5 words.
demo-test-74,1001,21687,2025-07-10 09:56:48.000,8,Learning English opens many doors! ?✨ What do you think about that?,Give me 1 sentence about the importance of learning English. Max 5 words.
demo-test-2,1001,21693,2025-07-10 09:56:49.000,76,Connects people globally!,Give me 1 sentence about the importance of learning English. Max 5 words.
demo-test-4,1001,21697,2025-07-10 09:56:49.000,72,Connects people globally. ?,Give me 1 sentence about the importance of learning English. Max 5 words.
demo-test-5,1001,21708,2025-07-10 09:56:49.000,74,Connects people worldwide easily.,Give me 1 sentence about the importance of learning English. Max 5 words.
demo-test-6,1001,21702,2025-07-10 09:56:49.000,58,English connects people worldwide! ?✨,Give me 1 sentence about the importance of learning English. Max 5 words.
demo-test-13,1001,21698,2025-07-10 09:56:49.000,30,English opens global opportunities!,Give me 1 sentence about the importance of learning English. Max 5 words.
demo-test-14,1001,21692,2025-07-10 09:56:49.000,29,Unlocks global communication opportunities! ?✨,Give me 1 sentence about the importance of learning English. Max 5 words.
demo-test-16,1001,21704,2025-07-10 09:56:49.000,29,English connects people worldwide! ?✨,Give me 1 sentence about the importance of learning English. Max 5 words.
demo-test-17,1001,21695,2025-07-10 09:56:49.000,29,Connects people worldwide! ??,Give me 1 sentence about the importance of learning English. Max 5 words.
demo-test-21,1001,21696,2025-07-10 09:56:49.000,20,English helps connect the world! ?,Give me 1 sentence about the importance of learning English. Max 5 words.
demo-test-22,1001,21706,2025-07-10 09:56:49.000,21,English opens many opportunities! ?,Give me 1 sentence about the importance of learning English. Max 5 words.
demo-test-26,1001,21701,2025-07-10 09:56:49.000,16,English connects people worldwide! ?,Give me 1 sentence about the importance of learning English. Max 5 words.
demo-test-29,1001,21700,2025-07-10 09:56:49.000,20,English connects people worldwide! ?✨,Give me 1 sentence about the importance of learning English. Max 5 words.
demo-test-30,1001,21694,2025-07-10 09:56:49.000,17,English connects people worldwide. ?,Give me 1 sentence about the importance of learning English. Max 5 words.
demo-test-48,1001,21690,2025-07-10 09:56:49.000,11,Learning English opens many doors! ?✨ What do you think?,Give me 1 sentence about the importance of learning English. Max 5 words.
demo-test-56,1001,21709,2025-07-10 09:56:49.000,8,Learning English opens many doors! ? What do you want to do with English?,Give me 1 sentence about the importance of learning English. Max 5 words.
demo-test-1,1024,21691,2025-07-10 09:56:49.000,5,Learning English opens global opportunities. What’s your favorite way to practice English? Your answer will help me assist you better!,Give me 1 sentence about the importance of learning English. Max 5 words.
demo-test-44,1024,21699,2025-07-10 09:56:49.000,5,Learning English opens global opportunities. What's your favorite topic to discuss? Your answer will help me tailor our future conversations!,Give me 1 sentence about the importance of learning English. Max 5 words.
demo-test-59,1024,21710,2025-07-10 09:56:49.000,5,"Learning English opens global opportunities. By the way, what hobbies do you enjoy? Your answer helps me tailor our conversations better!",Give me 1 sentence about the importance of learning English. Max 5 words.
demo-test-60,1024,21705,2025-07-10 09:56:49.000,5,Learning English opens global opportunities. What's your favorite way to practice English? Your answer will help improve our future chats!,Give me 1 sentence about the importance of learning English. Max 5 words.
demo-test-63,1024,21707,2025-07-10 09:56:49.000,5,Learning English opens global opportunities. What's your favorite way to practice English? Your answer helps me improve our future chats!,Give me 1 sentence about the importance of learning English. Max 5 words.
demo-test-75,1024,21703,2025-07-10 09:56:49.000,5,Learning English opens global opportunities. What's your favorite hobby? Your answer will help me tailor our future chats!,Give me 1 sentence about the importance of learning English. Max 5 words.
demo-test-9,1001,21726,2025-07-10 09:56:50.000,58,English connects people worldwide! ?✨,Give me 1 sentence about the importance of learning English. Max 5 words.
demo-test-11,1001,21724,2025-07-10 09:56:50.000,28,English opens global opportunities! ?,Give me 1 sentence about the importance of learning English. Max 5 words.
demo-test-12,1001,21725,2025-07-10 09:56:50.000,29,Connect with the world! ?,Give me 1 sentence about the importance of learning English. Max 5 words.
demo-test-15,1001,21715,2025-07-10 09:56:50.000,29,English opens many opportunities!,Give me 1 sentence about the importance of learning English. Max 5 words.
demo-test-18,1001,21728,2025-07-10 09:56:50.000,31,English connects people worldwide! ?,Give me 1 sentence about the importance of learning English. Max 5 words.
demo-test-24,1001,21712,2025-07-10 09:56:50.000,20,English connects people worldwide! ??,Give me 1 sentence about the importance of learning English. Max 5 words.
demo-test-25,1001,21718,2025-07-10 09:56:50.000,20,Learning English opens many doors! ?✨,Give me 1 sentence about the importance of learning English. Max 5 words.
demo-test-31,1001,21714,2025-07-10 09:56:50.000,11,English connects people around the world! ? What do you think about that?,Give me 1 sentence about the importance of learning English. Max 5 words.
demo-test-47,1001,21716,2025-07-10 09:56:50.000,11,Learning English connects people worldwide! ?? What do you think?,Give me 1 sentence about the importance of learning English. Max 5 words.
demo-test-51,1001,21729,2025-07-10 09:56:50.000,9,Learning English opens many doors! ?✨ What doors would you like to open?,Give me 1 sentence about the importance of learning English. Max 5 words.
demo-test-52,1001,21736,2025-07-10 09:56:50.000,10,Learning English opens many doors!,Give me 1 sentence about the importance of learning English. Max 5 words.
demo-test-53,1001,21720,2025-07-10 09:56:50.000,3,Learning English opens many doors! ? \n\nWhat do you want to learn next? More vocabulary or grammar?,Give me 1 sentence about the importance of learning English. Max 5 words.
demo-test-33,1024,21723,2025-07-10 09:56:50.000,5,Learning English opens global opportunities. What hobbies do you enjoy? Your answer helps me tailor our conversations better!,Give me 1 sentence about the importance of learning English. Max 5 words.
demo-test-38,1024,21717,2025-07-10 09:56:50.000,5,Learning English opens global opportunities. What hobbies do you enjoy? Your answer will help me tailor our conversations to your interests!,Give me 1 sentence about the importance of learning English. Max 5 words.
demo-test-40,1024,21721,2025-07-10 09:56:50.000,5,Learning English opens global opportunities. What's your favorite way to practice English? Your answer helps me tailor our future conversations!,Give me 1 sentence about the importance of learning English. Max 5 words.
demo-test-41,1024,21733,2025-07-10 09:56:50.000,5,Learning English opens global opportunities. What's your favorite way to practice English? Your answer will help improve our future conversations!,Give me 1 sentence about the importance of learning English. Max 5 words.
demo-test-42,1024,21735,2025-07-10 09:56:50.000,5,Learning English opens global opportunities. What's your favorite way to practice English? Your answer will help tailor our future chats!,Give me 1 sentence about the importance of learning English. Max 5 words.
demo-test-45,1024,21732,2025-07-10 09:56:50.000,5,Learning English opens global opportunities. What hobbies do you enjoy? Your answer will help me tailor our future conversations!,Give me 1 sentence about the importance of learning English. Max 5 words.
demo-test-49,1024,21722,2025-07-10 09:56:50.000,5,Learning English opens global opportunities. What’s your favorite way to practice English? Your answer will help me support you better!,Give me 1 sentence about the importance of learning English. Max 5 words.
demo-test-54,1024,21719,2025-07-10 09:56:50.000,5,Learning English opens global opportunities. What's your favorite way to practice English? Your answer helps us tailor our conversations better!,Give me 1 sentence about the importance of learning English. Max 5 words.
demo-test-55,1024,21711,2025-07-10 09:56:50.000,5,Learning English connects the world. What's your favorite topic to discuss? Your answer will help improve our future chats!,Give me 1 sentence about the importance of learning English. Max 5 words.
demo-test-58,1024,21731,2025-07-10 09:56:50.000,5,Learning English opens global opportunities. What's your favorite way to practice English? Your answer will help me improve our interactions!,Give me 1 sentence about the importance of learning English. Max 5 words.
demo-test-62,1024,21727,2025-07-10 09:56:50.000,5,"Learning English opens global opportunities. By the way, what hobbies do you enjoy? Your answer will help me tailor our future chats!",Give me 1 sentence about the importance of learning English. Max 5 words.
demo-test-68,1024,21713,2025-07-10 09:56:50.000,5,"Learning English opens global opportunities. By the way, what’s your favorite topic to discuss? Your answer will help improve our chats!",Give me 1 sentence about the importance of learning English. Max 5 words.
demo-test-72,1024,21730,2025-07-10 09:56:50.000,5,Learning English opens global doors. What’s your favorite way to practice English? Your answer will help enhance our future chats!,Give me 1 sentence about the importance of learning English. Max 5 words.
demo-test-73,1024,21734,2025-07-10 09:56:50.000,5,"Learning English opens global opportunities. By the way, what's your favorite topic to discuss? Your answer helps me tailor our chats better!",Give me 1 sentence about the importance of learning English. Max 5 words.
demo-test-10,1001,21748,2025-07-10 09:56:51.000,57,English connects people worldwide! ?,Give me 1 sentence about the importance of learning English. Max 5 words.
demo-test-27,1001,21747,2025-07-10 09:56:51.000,20,Learning English opens many doors! ?✨,Give me 1 sentence about the importance of learning English. Max 5 words.
demo-test-32,1024,21741,2025-07-10 09:56:51.000,5,Learning English connects people globally. What hobbies do you enjoy? Your answer will help me tailor our conversations better!,Give me 1 sentence about the importance of learning English. Max 5 words.
demo-test-34,1024,21743,2025-07-10 09:56:51.000,5,"Learning English connects cultures globally. By the way, what hobbies do you enjoy? Your answer will help me improve our future conversations!",Give me 1 sentence about the importance of learning English. Max 5 words.
demo-test-36,1024,21742,2025-07-10 09:56:51.000,5,"Learning English opens global opportunities. By the way, what hobbies do you enjoy? Your answer will help me tailor our conversations better!",Give me 1 sentence about the importance of learning English. Max 5 words.
demo-test-43,1024,21745,2025-07-10 09:56:51.000,5,Learning English connects cultures globally. What’s your favorite way to practice English? Your answer will help me tailor our chats better!,Give me 1 sentence about the importance of learning English. Max 5 words.
demo-test-50,1024,21740,2025-07-10 09:56:51.000,5,"Learning English opens global opportunities. By the way, what hobbies do you enjoy? Your answer will help me tailor our conversations better!",Give me 1 sentence about the importance of learning English. Max 5 words.
demo-test-61,1024,21739,2025-07-10 09:56:51.000,5,Learning English opens global opportunities. What hobbies do you enjoy? Your answer will help me tailor our future conversations!,Give me 1 sentence about the importance of learning English. Max 5 words.
demo-test-64,1024,21738,2025-07-10 09:56:51.000,5,"Learning English opens global opportunities. By the way, what’s your favorite topic to discuss? Your answer helps me tailor our conversations better!",Give me 1 sentence about the importance of learning English. Max 5 words.
demo-test-65,1024,21744,2025-07-10 09:56:51.000,5,Learning English opens global opportunities. What hobbies do you enjoy? Your answer helps me tailor our conversations better!,Give me 1 sentence about the importance of learning English. Max 5 words.
demo-test-67,1024,21750,2025-07-10 09:56:51.000,5,"Learning English opens global opportunities. By the way, what’s your favorite way to practice English? Your answer will help me assist you better!",Give me 1 sentence about the importance of learning English. Max 5 words.
demo-test-69,1024,21737,2025-07-10 09:56:51.000,5,"Learning English opens global opportunities. By the way, what hobbies do you enjoy? Your answer will help me tailor our future conversations!",Give me 1 sentence about the importance of learning English. Max 5 words.
demo-test-70,1024,21746,2025-07-10 09:56:51.000,5,Learning English opens global opportunities. What's your favorite subject in school? Your answer helps me tailor our chats better!,Give me 1 sentence about the importance of learning English. Max 5 words.
demo-test-71,1024,21749,2025-07-10 09:56:51.000,5,Learning English opens global opportunities. What's your favorite way to practice English? Your answer helps me tailor our future chats!,Give me 1 sentence about the importance of learning English. Max 5 words.
demo-test-8,1001,21751,2025-07-10 09:56:52.000,57,English connects people globally. ?,Give me 1 sentence about the importance of learning English. Max 5 words.
demo-test-35,1024,21752,2025-07-10 09:56:52.000,5,"Learning English opens global opportunities. By the way, what’s your favorite topic to discuss? Your answer will help me tailor our future chats!",Give me 1 sentence about the importance of learning English. Max 5 words.
demo-test-2,1001,21759,2025-07-10 10:01:44.000,77,Opens doors to opportunities!,Give me 1 sentence about the importance of learning English. Max 5 words.
demo-test-3,1001,21754,2025-07-10 10:01:44.000,74,Opens doors to opportunities.,Give me 1 sentence about the importance of learning English. Max 5 words.
demo-test-5,1001,21755,2025-07-10 10:01:44.000,75,Enhances job opportunities globally.,Give me 1 sentence about the importance of learning English. Max 5 words.
demo-test-7,1001,21758,2025-07-10 10:01:44.000,59,English connects people worldwide! ?✨,Give me 1 sentence about the importance of learning English. Max 5 words.
demo-test-11,1001,21760,2025-07-10 10:01:44.000,29,English connects people worldwide! ?,Give me 1 sentence about the importance of learning English. Max 5 words.
demo-test-43,1001,21757,2025-07-10 10:01:44.000,6,English helps you make friends! What do you like most about learning English? ?,Give me 1 sentence about the importance of learning English. Max 5 words.
demo-test-46,1001,21756,2025-07-10 10:01:44.000,11,English connects people worldwide! ??,Give me 1 sentence about the importance of learning English. Max 5 words.
demo-test-49,1001,21761,2025-07-10 10:01:44.000,6,English connects people around the world. How do you practice English every day? ?,Give me 1 sentence about the importance of learning English. Max 5 words.
demo-test-1,1001,21768,2025-07-10 10:01:45.000,6,English helps you communicate worldwide. What do you find most fun about learning English?,Give me 1 sentence about the importance of learning English. Max 5 words.
demo-test-4,1001,21762,2025-07-10 10:01:45.000,73,Opens doors to opportunities. ?,Give me 1 sentence about the importance of learning English. Max 5 words.
demo-test-9,1001,21783,2025-07-10 10:01:45.000,59,English opens global opportunities! ?✨,Give me 1 sentence about the importance of learning English. Max 5 words.
demo-test-10,1001,21779,2025-07-10 10:01:45.000,58,English opens global opportunities! ?,Give me 1 sentence about the importance of learning English. Max 5 words.
demo-test-13,1001,21786,2025-07-10 10:01:45.000,31,English connects people worldwide!,Give me 1 sentence about the importance of learning English. Max 5 words.
demo-test-19,1001,21763,2025-07-10 10:01:45.000,31,English connects people worldwide! ??,Give me 1 sentence about the importance of learning English. Max 5 words.
demo-test-20,1001,21766,2025-07-10 10:01:45.000,30,Opens doors to many opportunities! ?,Give me 1 sentence about the importance of learning English. Max 5 words.
demo-test-21,1001,21781,2025-07-10 10:01:45.000,21,English opens many job opportunities! ?,Give me 1 sentence about the importance of learning English. Max 5 words.
demo-test-22,1001,21764,2025-07-10 10:01:45.000,22,English connects people worldwide! ?,Give me 1 sentence about the importance of learning English. Max 5 words.
demo-test-23,1001,21775,2025-07-10 10:01:45.000,20,English opens many doors! ?✨,Give me 1 sentence about the importance of learning English. Max 5 words.
demo-test-24,1001,21770,2025-07-10 10:01:45.000,21,English opens many opportunities! ?,Give me 1 sentence about the importance of learning English. Max 5 words.
demo-test-26,1001,21773,2025-07-10 10:01:45.000,17,English opens many opportunities! ?,Give me 1 sentence about the importance of learning English. Max 5 words.
demo-test-27,1001,21777,2025-07-10 10:01:45.000,21,English connects people worldwide! ?,Give me 1 sentence about the importance of learning English. Max 5 words.
demo-test-28,1001,21769,2025-07-10 10:01:45.000,17,English opens many opportunities!,Give me 1 sentence about the importance of learning English. Max 5 words.
demo-test-29,1001,21767,2025-07-10 10:01:45.000,21,English opens many opportunities! ?,Give me 1 sentence about the importance of learning English. Max 5 words.
demo-test-31,1001,21782,2025-07-10 10:01:45.000,12,English helps you make friends! ? Do you have friends who speak English?,Give me 1 sentence about the importance of learning English. Max 5 words.
demo-test-34,1001,21778,2025-07-10 10:01:45.000,6,English opens many job doors. What job do you want in the future? ?,Give me 1 sentence about the importance of learning English. Max 5 words.
demo-test-37,1001,21772,2025-07-10 10:01:45.000,11,English connects people around the world! ?? Do you agree?,Give me 1 sentence about the importance of learning English. Max 5 words.
demo-test-38,1001,21774,2025-07-10 10:01:45.000,6,English connects people worldwide. What do you think about that? ?,Give me 1 sentence about the importance of learning English. Max 5 words.
demo-test-39,1001,21771,2025-07-10 10:01:45.000,12,English connects people worldwide! ? What do you feel about learning English?,Give me 1 sentence about the importance of learning English. Max 5 words.
demo-test-40,1001,21776,2025-07-10 10:01:45.000,6,English connects people around the world. Do you like watching English movies?,Give me 1 sentence about the importance of learning English. Max 5 words.
demo-test-41,1001,21765,2025-07-10 10:01:45.000,6,English connects people worldwide. What do you think about learning English?,Give me 1 sentence about the importance of learning English. Max 5 words.
demo-test-42,1001,21784,2025-07-10 10:01:45.000,6,English connects people around world. What do you think about learning English?,Give me 1 sentence about the importance of learning English. Max 5 words.
demo-test-44,1001,21785,2025-07-10 10:01:45.000,6,English connects people worldwide. What do you think about learning English?,Give me 1 sentence about the importance of learning English. Max 5 words.
demo-test-47,1001,21780,2025-07-10 10:01:45.000,12,English helps in many jobs! ? What jobs interest you?,Give me 1 sentence about the importance of learning English. Max 5 words.
demo-test-6,1001,21797,2025-07-10 10:01:46.000,59,English opens global opportunities! ?,Give me 1 sentence about the importance of learning English. Max 5 words.
demo-test-8,1001,21792,2025-07-10 10:01:46.000,58,English opens job opportunities. ?,Give me 1 sentence about the importance of learning English. Max 5 words.
demo-test-12,1001,21794,2025-07-10 10:01:46.000,30,Opens doors to opportunities! ?,Give me 1 sentence about the importance of learning English. Max 5 words.
demo-test-14,1001,21798,2025-07-10 10:01:46.000,30,Connects people around the world! ?✨,Give me 1 sentence about the importance of learning English. Max 5 words.
demo-test-16,1001,21796,2025-07-10 10:01:46.000,30,English opens many opportunities! ?,Give me 1 sentence about the importance of learning English. Max 5 words.
demo-test-17,1001,21791,2025-07-10 10:01:46.000,30,Opens doors to new opportunities!,Give me 1 sentence about the importance of learning English. Max 5 words.
demo-test-18,1001,21800,2025-07-10 10:01:46.000,32,English opens many opportunities! ?,Give me 1 sentence about the importance of learning English. Max 5 words.
demo-test-30,1001,21799,2025-07-10 10:01:46.000,18,English opens many opportunities. ?,Give me 1 sentence about the importance of learning English. Max 5 words.
demo-test-32,1001,21787,2025-07-10 10:01:46.000,6,Learning English opens many doors. What do you want to learn next? ?,Give me 1 sentence about the importance of learning English. Max 5 words.
demo-test-33,1001,21788,2025-07-10 10:01:46.000,6,English connects people worldwide. What do you think about learning English?,Give me 1 sentence about the importance of learning English. Max 5 words.
demo-test-35,1001,21789,2025-07-10 10:01:46.000,6,"English connects people worldwide easily. Now, what do you like to do in your free time? ?",Give me 1 sentence about the importance of learning English. Max 5 words.
demo-test-36,1001,21790,2025-07-10 10:01:46.000,6,English connects people worldwide. What do you like to do in your free time?,Give me 1 sentence about the importance of learning English. Max 5 words.
demo-test-45,1001,21795,2025-07-10 10:01:46.000,6,English connects people around the world. What is your favorite food? ?,Give me 1 sentence about the importance of learning English. Max 5 words.
demo-test-50,1001,21793,2025-07-10 10:01:46.000,6,English connects people worldwide. What do you like to do on weekends? ?,Give me 1 sentence about the importance of learning English. Max 5 words.
demo-test-15,1001,21801,2025-07-10 10:01:47.000,30,English connects people worldwide!,Give me 1 sentence about the importance of learning English. Max 5 words.
demo-test-48,1001,21802,2025-07-10 10:01:47.000,12,English connects people around the world! ?? What do you want to learn next?,Give me 1 sentence about the importance of learning English. Max 5 words.
demo-test-25,1001,21803,2025-07-10 10:01:48.000,21,English connects people around the world! ?,Give me 1 sentence about the importance of learning English. Max 5 words.
demo-test-1,1001,21806,2025-07-10 10:03:24.000,7,English connects people around the world. What do you want to learn next?,Give me 1 sentence about the importance of learning English. Max 5 words.
demo-test-2,1001,21814,2025-07-10 10:03:25.000,78,Enhances career and travel prospects!,Give me 1 sentence about the importance of learning English. Max 5 words.
demo-test-6,1001,21808,2025-07-10 10:03:25.000,60,English boosts career chances! ?,Give me 1 sentence about the importance of learning English. Max 5 words.
demo-test-19,1001,21809,2025-07-10 10:03:25.000,32,English helps in global communication! ??,Give me 1 sentence about the importance of learning English. Max 5 words.
demo-test-20,1001,21818,2025-07-10 10:03:25.000,31,Essential for global communication! ?,Give me 1 sentence about the importance of learning English. Max 5 words.
demo-test-21,1001,21817,2025-07-10 10:03:25.000,22,English makes travel easier! ✈️,Give me 1 sentence about the importance of learning English. Max 5 words.
demo-test-22,1001,21810,2025-07-10 10:03:25.000,23,English helps you find jobs! ?,Give me 1 sentence about the importance of learning English. Max 5 words.
demo-test-23,1001,21811,2025-07-10 10:03:25.000,21,English helps you find jobs! ?,Give me 1 sentence about the importance of learning English. Max 5 words.
demo-test-25,1001,21807,2025-07-10 10:03:25.000,22,English helps you make friends! ?,Give me 1 sentence about the importance of learning English. Max 5 words.
demo-test-32,1001,21816,2025-07-10 10:03:25.000,7,English helps you communicate worldwide. What do you like about learning English? ?,Give me 1 sentence about the importance of learning English. Max 5 words.
demo-test-37,1001,21813,2025-07-10 10:03:25.000,12,English helps you find jobs! ?? What job do you want?,Give me 1 sentence about the importance of learning English. Max 5 words.
demo-test-41,1001,21815,2025-07-10 10:03:25.000,7,English helps in many jobs. Why do you want to learn English?,Give me 1 sentence about the importance of learning English. Max 5 words.
demo-test-43,1001,21812,2025-07-10 10:03:25.000,7,English opens many doors! What do you want to learn today? ?,Give me 1 sentence about the importance of learning English. Max 5 words.
demo-test-45,1001,21819,2025-07-10 10:03:25.000,7,English helps you get jobs. What job do you want? ?,Give me 1 sentence about the importance of learning English. Max 5 words.
demo-test-3,1001,21821,2025-07-10 10:03:26.000,75,Enhances communication and understanding globally.,Give me 1 sentence about the importance of learning English. Max 5 words.
demo-test-4,1001,21837,2025-07-10 10:03:26.000,74,Enhances job and travel prospects.,Give me 1 sentence about the importance of learning English. Max 5 words.
demo-test-5,1001,21836,2025-07-10 10:03:26.000,76,Builds communication across cultures.,Give me 1 sentence about the importance of learning English. Max 5 words.
demo-test-9,1001,21820,2025-07-10 10:03:26.000,60,English is key for communication!,Give me 1 sentence about the importance of learning English. Max 5 words.
demo-test-12,1001,21839,2025-07-10 10:03:26.000,31,Improves job prospects and travel! ?,Give me 1 sentence about the importance of learning English. Max 5 words.
demo-test-14,1001,21829,2025-07-10 10:03:26.000,31,Opens doors to new opportunities! ?,Give me 1 sentence about the importance of learning English. Max 5 words.
demo-test-18,1001,21830,2025-07-10 10:03:26.000,33,English helps you communicate globally! ?,Give me 1 sentence about the importance of learning English. Max 5 words.
demo-test-24,1001,21824,2025-07-10 10:03:26.000,22,English helps you communicate globally! ?,Give me 1 sentence about the importance of learning English. Max 5 words.
demo-test-27,1001,21831,2025-07-10 10:03:26.000,22,English helps in many jobs! ?,Give me 1 sentence about the importance of learning English. Max 5 words.
demo-test-31,1001,21835,2025-07-10 10:03:26.000,13,English opens many job opportunities! ? What job do you want in the future?,Give me 1 sentence about the importance of learning English. Max 5 words.
demo-test-33,1001,21827,2025-07-10 10:03:26.000,7,English helps in many jobs. What job do you want?,Give me 1 sentence about the importance of learning English. Max 5 words.
demo-test-34,1001,21834,2025-07-10 10:03:26.000,7,English helps you make friends. Do you have friends who speak English? ?,Give me 1 sentence about the importance of learning English. Max 5 words.
demo-test-35,1001,21826,2025-07-10 10:03:26.000,7,English helps you travel better. Where would you like to travel? ?️,Give me 1 sentence about the importance of learning English. Max 5 words.
demo-test-38,1001,21832,2025-07-10 10:03:26.000,7,English helps in many jobs. What job do you want? ?,Give me 1 sentence about the importance of learning English. Max 5 words.
demo-test-39,1001,21822,2025-07-10 10:03:26.000,13,English helps in many jobs! ? Do you want to use English for work?,Give me 1 sentence about the importance of learning English. Max 5 words.
demo-test-40,1001,21825,2025-07-10 10:03:26.000,7,English helps in many jobs. What job do you want?,Give me 1 sentence about the importance of learning English. Max 5 words.
demo-test-42,1001,21828,2025-07-10 10:03:26.000,7,English helps in many jobs. What job do you want?,Give me 1 sentence about the importance of learning English. Max 5 words.
demo-test-44,1001,21838,2025-07-10 10:03:26.000,7,English helps in many jobs. What job do you want?,Give me 1 sentence about the importance of learning English. Max 5 words.
demo-test-46,1001,21833,2025-07-10 10:03:26.000,12,English helps with global communication! ?✨,Give me 1 sentence about the importance of learning English. Max 5 words.
demo-test-50,1001,21823,2025-07-10 10:03:26.000,7,English helps in many jobs. What job do you want? ?,Give me 1 sentence about the importance of learning English. Max 5 words.
demo-test-7,1001,21852,2025-07-10 10:03:27.000,60,English helps you communicate globally! ?✨,Give me 1 sentence about the importance of learning English. Max 5 words.
demo-test-10,1001,21855,2025-07-10 10:03:27.000,59,English helps in worldwide communication!,Give me 1 sentence about the importance of learning English. Max 5 words.
demo-test-11,1001,21851,2025-07-10 10:03:27.000,30,English helps in many careers! ?,Give me 1 sentence about the importance of learning English. Max 5 words.
demo-test-13,1001,21849,2025-07-10 10:03:27.000,32,English helps in many jobs!,Give me 1 sentence about the importance of learning English. Max 5 words.
demo-test-15,1001,21843,2025-07-10 10:03:27.000,31,English helps in global communication!,Give me 1 sentence about the importance of learning English. Max 5 words.
demo-test-16,1001,21854,2025-07-10 10:03:27.000,31,English helps you communicate globally! ?,Give me 1 sentence about the importance of learning English. Max 5 words.
demo-test-25,1001,21850,2025-07-10 10:03:27.000,23,English is key for jobs! ?,Give me 1 sentence about the importance of learning English. Max 5 words.
demo-test-26,1001,21846,2025-07-10 10:03:27.000,18,English helps you communicate better! ?,Give me 1 sentence about the importance of learning English. Max 5 words.
demo-test-28,1001,21840,2025-07-10 10:03:27.000,18,English helps in many jobs!,Give me 1 sentence about the importance of learning English. Max 5 words.
demo-test-29,1001,21842,2025-07-10 10:03:27.000,22,English helps in global communication! ?,Give me 1 sentence about the importance of learning English. Max 5 words.
demo-test-30,1001,21848,2025-07-10 10:03:27.000,19,English helps you travel easily. ✈️,Give me 1 sentence about the importance of learning English. Max 5 words.
demo-test-36,1001,21847,2025-07-10 10:03:27.000,7,English helps you communicate better. What is your favorite food?,Give me 1 sentence about the importance of learning English. Max 5 words.
demo-test-47,1001,21845,2025-07-10 10:03:27.000,13,English opens doors to opportunities! ?✨ What opportunities do you want?,Give me 1 sentence about the importance of learning English. Max 5 words.
demo-test-48,1001,21841,2025-07-10 10:03:27.000,13,English helps you find jobs! ?? What job do you want?,Give me 1 sentence about the importance of learning English. Max 5 words.
demo-test-49,1001,21844,2025-07-10 10:03:27.000,7,English helps in many jobs. What job do you want in the future? ?,Give me 1 sentence about the importance of learning English. Max 5 words.
demo-test-1,1001,21859,2025-07-10 10:03:28.000,8,English opens doors to opportunities. What is your favorite English word?,Give me 1 sentence about the importance of learning English. Max 5 words.
demo-test-17,1001,21858,2025-07-10 10:03:28.000,31,Improves communication with others!,Give me 1 sentence about the importance of learning English. Max 5 words.
demo-test-19,1001,21857,2025-07-10 10:03:28.000,33,English is key for success! ?,Give me 1 sentence about the importance of learning English. Max 5 words.
demo-test-22,1001,21856,2025-07-10 10:03:28.000,24,English is key for travel! ✈️,Give me 1 sentence about the importance of learning English. Max 5 words.
demo-test-6,1001,21860,2025-07-10 10:03:29.000,61,English helps you travel easily! ✈️,Give me 1 sentence about the importance of learning English. Max 5 words.
demo-test-21,1001,21861,2025-07-10 10:03:29.000,23,English helps you make friends! ?,Give me 1 sentence about the importance of learning English. Max 5 words.
demo-test-8,1001,21862,2025-07-10 10:03:31.000,59,English helps in global communication. ?,Give me 1 sentence about the importance of learning English. Max 5 words.
demo-test-43,1001,21863,2025-07-10 10:03:32.000,8,English is key for communication! What’s your favorite English word? ?,Give me 1 sentence about the importance of learning English. Max 5 words.
demo-test-2,1001,21866,2025-07-10 10:03:33.000,79,Essential for global communication!,Give me 1 sentence about the importance of learning English. Max 5 words.
demo-test-9,1001,21870,2025-07-10 10:03:33.000,61,English helps in global connections!,Give me 1 sentence about the importance of learning English. Max 5 words.
demo-test-32,1001,21868,2025-07-10 10:03:33.000,8,English is key for opportunities. What is your favorite English word? ?,Give me 1 sentence about the importance of learning English. Max 5 words.
demo-test-37,1001,21869,2025-07-10 10:03:33.000,13,English is key for communication! ?️? Why do you want to learn English?,Give me 1 sentence about the importance of learning English. Max 5 words.
demo-test-41,1001,21864,2025-07-10 10:03:33.000,8,English is key for communication. What is your favorite English word?,Give me 1 sentence about the importance of learning English. Max 5 words.
demo-test-45,1001,21865,2025-07-10 10:03:33.000,8,English is key for communication. What do you like to do in your free time? ?,Give me 1 sentence about the importance of learning English. Max 5 words.
demo-test-50,1001,21867,2025-07-10 10:03:33.000,8,English is key for communication. Do you like to travel? ?✈️,Give me 1 sentence about the importance of learning English. Max 5 words.
demo-test-3,1001,21875,2025-07-10 10:03:34.000,76,Boosts career and travel opportunities.,Give me 1 sentence about the importance of learning English. Max 5 words.
demo-test-14,1001,21883,2025-07-10 10:03:34.000,32,Essential for global communication! ?✨,Give me 1 sentence about the importance of learning English. Max 5 words.
demo-test-18,1001,21882,2025-07-10 10:03:34.000,34,English is key for success! ?,Give me 1 sentence about the importance of learning English. Max 5 words.
demo-test-20,1001,21871,2025-07-10 10:03:34.000,32,Helps in travel and work! ✈️,Give me 1 sentence about the importance of learning English. Max 5 words.
demo-test-23,1001,21874,2025-07-10 10:03:34.000,22,English improves communication skills! ?️,Give me 1 sentence about the importance of learning English. Max 5 words.
demo-test-24,1001,21876,2025-07-10 10:03:34.000,23,English is key for success! ?✨,Give me 1 sentence about the importance of learning English. Max 5 words.
demo-test-27,1001,21877,2025-07-10 10:03:34.000,23,English is key for communication! ?️,Give me 1 sentence about the importance of learning English. Max 5 words.
demo-test-28,1001,21878,2025-07-10 10:03:34.000,19,English is key for communication!,Give me 1 sentence about the importance of learning English. Max 5 words.
demo-test-34,1001,21880,2025-07-10 10:03:34.000,8,English is a global language. What do you want to learn next? ?,Give me 1 sentence about the importance of learning English. Max 5 words.
demo-test-36,1001,21881,2025-07-10 10:03:34.000,8,English is key for success. What do you like to watch on TV?,Give me 1 sentence about the importance of learning English. Max 5 words.
demo-test-39,1001,21884,2025-07-10 10:03:34.000,14,English is key for communication! ? What do you like about English?,Give me 1 sentence about the importance of learning English. Max 5 words.
demo-test-40,1001,21879,2025-07-10 10:03:34.000,8,English is a global language. Do you want to travel?,Give me 1 sentence about the importance of learning English. Max 5 words.
demo-test-42,1001,21873,2025-07-10 10:03:34.000,8,English is a global language. Why do you want to learn English?,Give me 1 sentence about the importance of learning English. Max 5 words.
demo-test-46,1001,21872,2025-07-10 10:03:34.000,13,English is key for opportunities! ?,Give me 1 sentence about the importance of learning English. Max 5 words.
demo-test-4,1001,21887,2025-07-10 10:03:35.000,75,Builds global communication skills.,Give me 1 sentence about the importance of learning English. Max 5 words.
demo-test-8,1001,21897,2025-07-10 10:03:35.000,60,English is key for travel. ✈️,Give me 1 sentence about the importance of learning English. Max 5 words.
demo-test-10,1001,21892,2025-07-10 10:03:35.000,60,English is key for success!,Give me 1 sentence about the importance of learning English. Max 5 words.
demo-test-11,1001,21896,2025-07-10 10:03:35.000,31,English is key for communication! ?,Give me 1 sentence about the importance of learning English. Max 5 words.
demo-test-13,1001,21891,2025-07-10 10:03:35.000,33,English is key for success!,Give me 1 sentence about the importance of learning English. Max 5 words.
demo-test-15,1001,21893,2025-07-10 10:03:35.000,32,English is key to success!,Give me 1 sentence about the importance of learning English. Max 5 words.
demo-test-29,1001,21886,2025-07-10 10:03:35.000,23,English is key for travel! ✈️,Give me 1 sentence about the importance of learning English. Max 5 words.
demo-test-30,1001,21898,2025-07-10 10:03:35.000,20,English is key for communication. ?️,Give me 1 sentence about the importance of learning English. Max 5 words.
demo-test-35,1001,21888,2025-07-10 10:03:35.000,8,English is key for communication. What do you enjoy about learning English? ?,Give me 1 sentence about the importance of learning English. Max 5 words.
demo-test-38,1001,21885,2025-07-10 10:03:35.000,8,English is useful for travel. Where do you want to travel? ✈️,Give me 1 sentence about the importance of learning English. Max 5 words.
demo-test-44,1001,21894,2025-07-10 10:03:35.000,8,English is key for communication. What do you like to talk about?,Give me 1 sentence about the importance of learning English. Max 5 words.
demo-test-47,1001,21895,2025-07-10 10:03:35.000,14,English is key for communication! ?? What do you like to talk about?,Give me 1 sentence about the importance of learning English. Max 5 words.
demo-test-48,1001,21890,2025-07-10 10:03:35.000,14,English is key for communication! ?? What do you want to talk about?,Give me 1 sentence about the importance of learning English. Max 5 words.
demo-test-49,1001,21889,2025-07-10 10:03:35.000,8,English is key for travel. Where do you want to travel? ?✈️,Give me 1 sentence about the importance of learning English. Max 5 words.
demo-test-5,1001,21902,2025-07-10 10:03:36.000,77,Opens doors to global opportunities.,Give me 1 sentence about the importance of learning English. Max 5 words.
demo-test-12,1001,21901,2025-07-10 10:03:36.000,32,Enhances communication and understanding! ?,Give me 1 sentence about the importance of learning English. Max 5 words.
demo-test-16,1001,21903,2025-07-10 10:03:36.000,32,English is key for success! ?,Give me 1 sentence about the importance of learning English. Max 5 words.
demo-test-17,1001,21904,2025-07-10 10:03:36.000,32,Enhances global job opportunities!,Give me 1 sentence about the importance of learning English. Max 5 words.
demo-test-26,1001,21899,2025-07-10 10:03:36.000,19,English is key for success! ?,Give me 1 sentence about the importance of learning English. Max 5 words.
demo-test-31,1001,21900,2025-07-10 10:03:36.000,14,English is the global language! ? What do you want to learn in English?,Give me 1 sentence about the importance of learning English. Max 5 words.
demo-test-7,1001,21905,2025-07-10 10:03:37.000,61,English is key for success! ?,Give me 1 sentence about the importance of learning English. Max 5 words.
demo-test-33,1001,21906,2025-07-10 10:03:38.000,8,English is a global language. What do you like to do in your free time?,Give me 1 sentence about the importance of learning English. Max 5 words.
demo-test-121,1001,21911,2025-07-10 10:04:24.000,1,Learning English opens many doors! It helps you connect with people around the world and find better job opportunities. \n\nWhat do you want to do with your English skills?,Give me 1 sentence about the importance of learning English. Max 5 words.
demo-test-137,1001,21912,2025-07-10 10:04:24.000,1,Learning English opens many doors. \n\nWhat is your favorite English word?,Give me 1 sentence about the importance of learning English. Max 5 words.
demo-test-138,1001,21909,2025-07-10 10:04:24.000,1,Learning English opens doors. It helps you talk to many people and find better jobs! \n\nWhat do you like about learning English?,Give me 1 sentence about the importance of learning English. Max 5 words.
demo-test-143,1001,21910,2025-07-10 10:04:24.000,1,Learning English opens many doors. \n\nWhat do you want to learn in English?,Give me 1 sentence about the importance of learning English. Max 5 words.
demo-test-194,1001,21908,2025-07-10 10:04:24.000,1,"Learning English opens many doors! It helps you make friends, travel, and find better jobs. \n\nWhat do you want to do with your English skills?",Give me 1 sentence about the importance of learning English. Max 5 words.
demo-test-101,1001,21933,2025-07-10 10:04:25.000,1,"Learning English opens many doors. It helps you travel, work, and make friends around the world! \n\nWhat do you want to do with your English skills?",Give me 1 sentence about the importance of learning English. Max 5 words.
demo-test-102,1001,21935,2025-07-10 10:04:25.000,1,Learning English opens global doors! It helps you connect with many people and cultures. \n\nWhy do you want to learn English?,Give me 1 sentence about the importance of learning English. Max 5 words.
demo-test-105,1001,21918,2025-07-10 10:04:25.000,1,"Learning English opens many doors! It helps you travel, work, and make friends around the world. \n\nWhat do you want to do with your English skills?",Give me 1 sentence about the importance of learning English. Max 5 words.
demo-test-119,1001,21916,2025-07-10 10:04:25.000,1,"Learning English opens many doors. It helps you communicate, travel, and find better jobs. \n\nWhat do you want to do with your English skills?",Give me 1 sentence about the importance of learning English. Max 5 words.
demo-test-120,1001,21915,2025-07-10 10:04:25.000,1,Learning English opens doors to new friends and jobs! \n\nWhat do you want to do with your English skills?,Give me 1 sentence about the importance of learning English. Max 5 words.
demo-test-122,1001,21926,2025-07-10 10:04:25.000,1,Learning English opens doors! It helps you connect with people and find better jobs. \n\nWhat do you want to learn in English?,Give me 1 sentence about the importance of learning English. Max 5 words.
demo-test-123,1001,21919,2025-07-10 10:04:25.000,1,Learning English opens doors! It helps you communicate with many people and find new opportunities. \n\nWhy do you want to learn English?,Give me 1 sentence about the importance of learning English. Max 5 words.
demo-test-139,1001,21922,2025-07-10 10:04:25.000,1,Learning English opens many doors! It helps you talk to people worldwide and find good jobs. \n\nWhat do you like most about learning English?,Give me 1 sentence about the importance of learning English. Max 5 words.
demo-test-141,1001,21936,2025-07-10 10:04:25.000,1,"Learning English opens many doors! It helps you travel, make friends, and get good jobs. \n\nWhat do you want to do with your English skills?",Give me 1 sentence about the importance of learning English. Max 5 words.
demo-test-147,1001,21932,2025-07-10 10:04:25.000,1,"Learning English opens doors! It helps you travel, make friends, and find better jobs. What do you want to do with your English skills?",Give me 1 sentence about the importance of learning English. Max 5 words.
demo-test-155,1001,21928,2025-07-10 10:04:25.000,1,"Learning English opens new doors! It helps you travel, work, and make friends. \n\nWhat do you want to do with your English skills?",Give me 1 sentence about the importance of learning English. Max 5 words.
demo-test-156,1001,21913,2025-07-10 10:04:25.000,1,Learning English opens doors worldwide. It helps you connect with people and explore new opportunities. What do you want to do with your English skills?,Give me 1 sentence about the importance of learning English. Max 5 words.
demo-test-158,1001,21930,2025-07-10 10:04:25.000,1,Learning English opens many doors. It helps you communicate with people worldwide! \n\nWhat do you want to learn in English?,Give me 1 sentence about the importance of learning English. Max 5 words.
demo-test-160,1001,21929,2025-07-10 10:04:25.000,1,"Learning English opens many doors. It helps you travel, make friends, and find good jobs! \n\nWhat do you want to do with your English skills?",Give me 1 sentence about the importance of learning English. Max 5 words.
demo-test-161,1001,21939,2025-07-10 10:04:25.000,1,Learning English opens many doors. It helps you connect with people and access information worldwide. \n\nWhy do you want to learn English?,Give me 1 sentence about the importance of learning English. Max 5 words.
demo-test-163,1001,21927,2025-07-10 10:04:25.000,1,Learning English opens doors. It helps you talk to many people and explore new cultures! \n\nWhat do you want to do with your English skills?,Give me 1 sentence about the importance of learning English. Max 5 words.
demo-test-165,1001,21931,2025-07-10 10:04:25.000,1,Learning English opens many doors. It helps you connect with more people and get better jobs! \n\nWhat do you want to learn in English?,Give me 1 sentence about the importance of learning English. Max 5 words.
demo-test-173,1001,21924,2025-07-10 10:04:25.000,1,"Learning English opens many doors! It helps you travel, work, and make friends around the world. \n\nWhat do you want to do with your English skills? ",Give me 1 sentence about the importance of learning English. Max 5 words.
demo-test-174,1001,21920,2025-07-10 10:04:25.000,1,Learning English opens doors everywhere! \n\nWhat do you want to do with your English skills?,Give me 1 sentence about the importance of learning English. Max 5 words.
demo-test-177,1001,21917,2025-07-10 10:04:25.000,1,Learning English opens many doors! It helps you connect with people and explore new opportunities. \n\nWhat do you like most about learning English?,Give me 1 sentence about the importance of learning English. Max 5 words.
demo-test-178,1001,21914,2025-07-10 10:04:25.000,1,Learning English helps you connect with people around the world! \n\nWhat do you like most about learning English?,Give me 1 sentence about the importance of learning English. Max 5 words.
demo-test-179,1001,21937,2025-07-10 10:04:25.000,1,Learning English helps you connect with more people and find better job opportunities. \n\nWhat do you want to do with your English skills?,Give me 1 sentence about the importance of learning English. Max 5 words.
demo-test-191,1001,21921,2025-07-10 10:04:25.000,1,"Learning English opens doors! It helps you travel, make friends, and find good jobs. What do you want to do with your English skills?",Give me 1 sentence about the importance of learning English. Max 5 words.
demo-test-192,1001,21934,2025-07-10 10:04:25.000,1,"Learning English opens doors. It helps you travel, work, and make friends! \n\nWhat do you want to do with your English skills?",Give me 1 sentence about the importance of learning English. Max 5 words.
demo-test-193,1001,21938,2025-07-10 10:04:25.000,1,Learning English opens many doors. It helps you connect with people worldwide! \n\nWhat do you want to do with your English skills?,Give me 1 sentence about the importance of learning English. Max 5 words.
demo-test-196,1001,21923,2025-07-10 10:04:25.000,1,"Learning English opens doors! It helps you travel, work, and make friends around the world. \n\nWhat is your favorite way to practice English?",Give me 1 sentence about the importance of learning English. Max 5 words.
demo-test-200,1001,21925,2025-07-10 10:04:25.000,1,Learning English opens doors. It helps you talk with many people and travel easily! \n\nWhat do you want to do with your English skills?,Give me 1 sentence about the importance of learning English. Max 5 words.
demo-test-104,1001,21945,2025-07-10 10:04:26.000,1,"Learning English opens doors for you! It helps you travel, work, and make friends around the world. What do you want to do with English?",Give me 1 sentence about the importance of learning English. Max 5 words.
demo-test-157,1001,21941,2025-07-10 10:04:26.000,1,"Learning English opens doors. It helps you make friends, travel, and find a good job! \n\nWhat do you want to do with your English skills?",Give me 1 sentence about the importance of learning English. Max 5 words.
demo-test-162,1001,21946,2025-07-10 10:04:26.000,1,"English connects people worldwide. It helps you travel, work, and make friends! \n\nWhat do you like most about learning English?",Give me 1 sentence about the importance of learning English. Max 5 words.
demo-test-164,1001,21940,2025-07-10 10:04:26.000,1,"Learning English opens many doors. It helps you travel, make friends, and understand the world better! \n\nWhat do you want to do with your English skills?",Give me 1 sentence about the importance of learning English. Max 5 words.
demo-test-175,1001,21943,2025-07-10 10:04:26.000,1,"Learning English opens many doors. It helps you travel, work, and make friends around the world! \n\nWhat do you want to do with your English skills?",Give me 1 sentence about the importance of learning English. Max 5 words.
demo-test-176,1001,21944,2025-07-10 10:04:26.000,1,"Learning English opens doors. It's important for jobs, travel, and making friends! \n\nWhat do you want to do with your English skills?",Give me 1 sentence about the importance of learning English. Max 5 words.
demo-test-185,1001,21942,2025-07-10 10:04:26.000,1,Learning English opens doors! It helps you connect with many people and find new opportunities. \n\nWhat do you like most about learning English?,Give me 1 sentence about the importance of learning English. Max 5 words.
demo-test-106,1001,21959,2025-07-10 10:04:27.000,1,Learning English connects you globally! It helps you make friends and find good jobs. \n\nWhat do you want to do with your English skills?,Give me 1 sentence about the importance of learning English. Max 5 words.
demo-test-107,1001,21964,2025-07-10 10:04:27.000,1,Learning English opens doors to new opportunities. \n\nWhat do you want to do with your English skills?,Give me 1 sentence about the importance of learning English. Max 5 words.
demo-test-108,1001,21973,2025-07-10 10:04:27.000,1,Learning English opens doors! It helps you connect with people and find jobs. \n\nWhat do you want to do with your English skills?,Give me 1 sentence about the importance of learning English. Max 5 words.
demo-test-109,1001,21979,2025-07-10 10:04:27.000,1,"Learning English opens many doors! It helps you travel, make friends, and get better jobs. \n\nWhat do you want to do with your English skills?",Give me 1 sentence about the importance of learning English. Max 5 words.
demo-test-111,1001,21966,2025-07-10 10:04:27.000,1,Learning English opens doors! It helps you talk to many people and find better jobs. \n\nWhat do you want to do with your English skills?,Give me 1 sentence about the importance of learning English. Max 5 words.
demo-test-114,1001,21974,2025-07-10 10:04:27.000,1,"Learning English opens many doors! It helps you travel, work, and make friends around the world. \n\nWhat do you want to do with your English skills?",Give me 1 sentence about the importance of learning English. Max 5 words.
demo-test-117,1001,21987,2025-07-10 10:04:27.000,1,"Learning English opens many doors. It helps you travel, work, and make friends!\n\nWhat do you want to do with your English skills?",Give me 1 sentence about the importance of learning English. Max 5 words.
demo-test-124,1001,21967,2025-07-10 10:04:27.000,1,"Learning English opens many doors! It helps you travel, make friends, and find jobs. \n\nWhat do you want to do with your English skills?",Give me 1 sentence about the importance of learning English. Max 5 words.
demo-test-125,1001,21963,2025-07-10 10:04:27.000,1,"Learning English opens many doors! You can travel, work, and make friends all over the world. \n\nWhat do you want to do with your English skills?",Give me 1 sentence about the importance of learning English. Max 5 words.
demo-test-126,1001,21955,2025-07-10 10:04:27.000,1,Learning English opens doors everywhere! \n\nWhat do you want to do with your English skills?,Give me 1 sentence about the importance of learning English. Max 5 words.
demo-test-127,1001,21950,2025-07-10 10:04:27.000,1,"Learning English opens many doors. It helps you travel, work, and make friends!\n\nWhat do you want to do with your English skills?",Give me 1 sentence about the importance of learning English. Max 5 words.
demo-test-129,1001,21953,2025-07-10 10:04:27.000,1,Learning English opens many doors! It helps you talk to more people and find better jobs. What do you want to do with your English skills?,Give me 1 sentence about the importance of learning English. Max 5 words.
demo-test-130,1001,21986,2025-07-10 10:04:27.000,1,"Learning English opens many doors. It helps you travel, work, and make friends around the world! \n\nWhat do you want to do with your English skills?",Give me 1 sentence about the importance of learning English. Max 5 words.
demo-test-131,1001,21976,2025-07-10 10:04:27.000,1,"Learning English opens doors! It helps you travel, work, and make friends around the world. \n\nWhat do you want to do with your English skills?",Give me 1 sentence about the importance of learning English. Max 5 words.
demo-test-132,1001,21970,2025-07-10 10:04:27.000,1,Learning English opens many doors. It helps you communicate with people worldwide! \n\nWhat do you want to do with your English skills?,Give me 1 sentence about the importance of learning English. Max 5 words.
demo-test-134,1001,21969,2025-07-10 10:04:27.000,1,Learning English opens doors to opportunities. \n\nWhat do you want to do with your English skills?,Give me 1 sentence about the importance of learning English. Max 5 words.
demo-test-135,1001,21965,2025-07-10 10:04:27.000,1,"Learning English opens many doors. It helps you travel, make friends, and find jobs! \n\nWhat do you want to do with your English skills?",Give me 1 sentence about the importance of learning English. Max 5 words.
demo-test-136,1001,21956,2025-07-10 10:04:27.000,1,"Learning English opens many doors! You can travel, make friends, and find good jobs. What do you want to do with your English skills?",Give me 1 sentence about the importance of learning English. Max 5 words.
demo-test-140,1001,21951,2025-07-10 10:04:27.000,1,"Learning English opens many doors! It helps you travel, work, and meet new friends. \n\nWhat do you want to do with your English skills?",Give me 1 sentence about the importance of learning English. Max 5 words.
demo-test-142,1001,21947,2025-07-10 10:04:27.000,1,"Learning English opens many doors. It helps you travel, work, and make friends around the world! \n\nWhat do you like most about learning English?",Give me 1 sentence about the importance of learning English. Max 5 words.
demo-test-144,1001,21948,2025-07-10 10:04:27.000,1,Learning English helps you connect with people and understand the world better. \n\nWhat do you like most about learning English?,Give me 1 sentence about the importance of learning English. Max 5 words.
demo-test-145,1001,21958,2025-07-10 10:04:27.000,1,"Learning English opens many doors. It helps you travel, work, and make friends worldwide!  \n\nWhat do you want to do with your English skills?",Give me 1 sentence about the importance of learning English. Max 5 words.
demo-test-148,1001,21971,2025-07-10 10:04:27.000,1,"Learning English opens many doors. It helps you travel, work, and make friends worldwide! \n\nWhat do you want to do with your English skills?",Give me 1 sentence about the importance of learning English. Max 5 words.
demo-test-150,1001,21988,2025-07-10 10:04:27.000,1,"Learning English opens many doors. It helps you travel, work, and make friends worldwide! \n\nWhat do you want to do with your English skills?",Give me 1 sentence about the importance of learning English. Max 5 words.
demo-test-151,1001,21968,2025-07-10 10:04:27.000,1,"Learning English opens doors! It helps you travel, make friends, and get better jobs. \n\nWhat do you like most about learning English?",Give me 1 sentence about the importance of learning English. Max 5 words.
demo-test-152,1001,21983,2025-07-10 10:04:27.000,1,"Learning English opens many doors. It helps you travel, work, and make friends around the world! \n\nWhat do you want to do with your English skills?",Give me 1 sentence about the importance of learning English. Max 5 words.
demo-test-166,1001,21972,2025-07-10 10:04:27.000,1,Learning English opens many doors! It helps you connect with people and find good jobs. \n\nWhat do you want to do with your English skills?,Give me 1 sentence about the importance of learning English. Max 5 words.
demo-test-167,1001,21980,2025-07-10 10:04:27.000,1,"Learning English opens many doors! It helps you travel, work, and make friends around the world. \n\nWhat do you want to do with your English skills?",Give me 1 sentence about the importance of learning English. Max 5 words.
demo-test-168,1001,21981,2025-07-10 10:04:27.000,1,"Learning English opens many doors! It helps you travel, make friends, and find good jobs. \n\nWhat do you want to do with your English skills?",Give me 1 sentence about the importance of learning English. Max 5 words.
demo-test-170,1001,21978,2025-07-10 10:04:27.000,1,"Learning English opens doors. It helps you travel, work, and make friends! \n\nWhat do you want to do with your English skills?",Give me 1 sentence about the importance of learning English. Max 5 words.
demo-test-171,1001,21975,2025-07-10 10:04:27.000,1,"Learning English opens doors! It helps you travel, work, and make friends around the world. \n\nWhat do you want to do with your English skills?",Give me 1 sentence about the importance of learning English. Max 5 words.
demo-test-172,1001,21962,2025-07-10 10:04:27.000,1,Learning English opens many doors. \n\nWhat do you want to do with your English skills?,Give me 1 sentence about the importance of learning English. Max 5 words.
demo-test-180,1001,21954,2025-07-10 10:04:27.000,1,"Learning English opens many doors! You can travel, make friends, and find jobs. \n\nWhy do you want to learn English?",Give me 1 sentence about the importance of learning English. Max 5 words.
demo-test-182,1001,21949,2025-07-10 10:04:27.000,1,"Learning English opens many doors. It helps you travel, make friends, and get good jobs! \n\nWhat do you want to do with your English skills?",Give me 1 sentence about the importance of learning English. Max 5 words.
demo-test-183,1001,21977,2025-07-10 10:04:27.000,1,"Learning English opens doors. It helps you travel, make friends, and find jobs.\n\nWhat do you like most about learning English?",Give me 1 sentence about the importance of learning English. Max 5 words.
demo-test-186,1001,21984,2025-07-10 10:04:27.000,1,"Learning English opens many doors. It helps you travel, make friends, and find good jobs! \n\nWhat do you want to do with your English skills?",Give me 1 sentence about the importance of learning English. Max 5 words.
demo-test-188,1001,21985,2025-07-10 10:04:27.000,1,"Learning English opens many doors. It helps you travel, work, and make new friends! \n\nWhat do you want to do with your English skills?",Give me 1 sentence about the importance of learning English. Max 5 words.
demo-test-189,1001,21989,2025-07-10 10:04:27.000,1,"Learning English opens many doors. It helps you travel, work, and make friends! \n\nWhat do you want to do with your English skills?",Give me 1 sentence about the importance of learning English. Max 5 words.
demo-test-190,1001,21982,2025-07-10 10:04:27.000,1,Learning English opens doors to new friends and opportunities! \n\nWhat do you think is the most exciting thing about learning English?,Give me 1 sentence about the importance of learning English. Max 5 words.
demo-test-195,1001,21957,2025-07-10 10:04:27.000,1,Learning English connects us worldwide! \n\nWhat do you like most about learning English?,Give me 1 sentence about the importance of learning English. Max 5 words.
demo-test-197,1001,21961,2025-07-10 10:04:27.000,1,Learning English opens doors everywhere! \n\nWhat do you like most about learning English?,Give me 1 sentence about the importance of learning English. Max 5 words.
demo-test-198,1001,21960,2025-07-10 10:04:27.000,1,"Learning English opens many doors! It helps you travel, work, and make friends. \n\nWhat do you want to do with your English skills?",Give me 1 sentence about the importance of learning English. Max 5 words.
demo-test-199,1001,21952,2025-07-10 10:04:27.000,1,"Learning English opens doors! It helps you travel, work, and make friends around the world. What's your favorite way to practice English?",Give me 1 sentence about the importance of learning English. Max 5 words.
demo-test-103,1001,22003,2025-07-10 10:04:28.000,1,"Learning English opens many doors. It helps you travel, make friends, and find better jobs. \n\nWhat do you like most about learning English?",Give me 1 sentence about the importance of learning English. Max 5 words.
demo-test-110,1001,22002,2025-07-10 10:04:28.000,1,"Learning English opens doors. It helps you travel, work, and make friends worldwide! \n\nWhat do you want to do with your English skills?",Give me 1 sentence about the importance of learning English. Max 5 words.
demo-test-112,1001,22004,2025-07-10 10:04:28.000,1,"Learning English opens many doors! It helps you travel, work, and make friends worldwide. \n\nWhat do you want to do with your English skills?",Give me 1 sentence about the importance of learning English. Max 5 words.
demo-test-113,1001,21991,2025-07-10 10:04:28.000,1,Learning English opens doors! It helps you talk to many people and find good jobs. \n\nWhat do you like most about learning English?,Give me 1 sentence about the importance of learning English. Max 5 words.
demo-test-115,1001,21992,2025-07-10 10:04:28.000,1,"Learning English opens many doors. It helps you travel, work, and make friends around the world! \n\nWhat do you want to do with your English skills?",Give me 1 sentence about the importance of learning English. Max 5 words.
demo-test-116,1001,22006,2025-07-10 10:04:28.000,1,Learning English opens doors to new friends and jobs! \n\nWhat do you want to do with your English skills?,Give me 1 sentence about the importance of learning English. Max 5 words.
demo-test-118,1001,21994,2025-07-10 10:04:28.000,1,Learning English opens doors to new friends and opportunities. \n\nWhat do you want to do with your English skills?,Give me 1 sentence about the importance of learning English. Max 5 words.
demo-test-128,1001,21999,2025-07-10 10:04:28.000,1,Learning English opens doors! It helps you connect with people and find better jobs. \n\nWhat do you like most about learning English?,Give me 1 sentence about the importance of learning English. Max 5 words.
demo-test-133,1001,22000,2025-07-10 10:04:28.000,1,"Learning English opens many doors. It helps you travel, work, and make friends! \n\nWhat do you want to do with your English skills?",Give me 1 sentence about the importance of learning English. Max 5 words.
demo-test-146,1001,22007,2025-07-10 10:04:28.000,1,"Learning English opens many doors. It helps you travel, make friends, and find jobs! \n\nWhy do you want to learn English?",Give me 1 sentence about the importance of learning English. Max 5 words.
demo-test-149,1001,21993,2025-07-10 10:04:28.000,1,"Learning English opens doors! It helps you travel, work, and make friends. \n\nWhat do you want to do with your English skills?",Give me 1 sentence about the importance of learning English. Max 5 words.
demo-test-153,1001,21997,2025-07-10 10:04:28.000,1,"Learning English opens doors! You can travel, make friends, and find jobs. \n\nWhat do you want to do with your English skills?",Give me 1 sentence about the importance of learning English. Max 5 words.
demo-test-154,1001,22001,2025-07-10 10:04:28.000,1,Learning English opens many doors. \n\nWhat do you want to do with your English skills?,Give me 1 sentence about the importance of learning English. Max 5 words.
demo-test-159,1001,22005,2025-07-10 10:04:28.000,1,"Learning English opens many doors. It helps you travel, study, and make friends worldwide! \n\nWhat do you want to do with your English skills?",Give me 1 sentence about the importance of learning English. Max 5 words.
demo-test-169,1001,21996,2025-07-10 10:04:28.000,1,"Learning English opens many doors! It helps you travel, make friends, and find jobs. \n\nWhat do you want to do with your English skills?",Give me 1 sentence about the importance of learning English. Max 5 words.
demo-test-181,1001,21998,2025-07-10 10:04:28.000,1,Learning English opens many doors! It connects you with people and opportunities worldwide. \n\nWhat do you want to do in English?,Give me 1 sentence about the importance of learning English. Max 5 words.
demo-test-184,1001,21990,2025-07-10 10:04:28.000,1,"Learning English opens many doors! It helps you travel, work, and make friends. \n\nWhat do you want to do with your English skills?",Give me 1 sentence about the importance of learning English. Max 5 words.
demo-test-187,1001,21995,2025-07-10 10:04:28.000,1,Learning English opens many doors! It helps us connect with people and understand new cultures. \n\nWhat do you want to learn in English?,Give me 1 sentence about the importance of learning English. Max 5 words.
demo-test-194,1001,22010,2025-07-10 10:04:32.000,2,English connects people around the world! \n\nWhy do you want to learn English?,Give me 1 sentence about the importance of learning English. Max 5 words.
demo-test-137,1001,22011,2025-07-10 10:04:33.000,2,English connects people around the world.\n\nWhy do you want to learn English?,Give me 1 sentence about the importance of learning English. Max 5 words.
demo-test-138,1001,22012,2025-07-10 10:04:33.000,2,English connects people worldwide. \n\nWhy do you want to learn English?,Give me 1 sentence about the importance of learning English. Max 5 words.
demo-test-121,1001,22013,2025-07-10 10:04:35.000,2,English connects people globally! \n\nWhy do you want to learn English?,Give me 1 sentence about the importance of learning English. Max 5 words.
demo-test-160,1001,22015,2025-07-10 10:04:35.000,2,English connects people around the world. \n\nWhy do you want to learn English?,Give me 1 sentence about the importance of learning English. Max 5 words.
demo-test-177,1001,22014,2025-07-10 10:04:35.000,2,English connects people worldwide easily. \n\nWhy do you want to learn English?,Give me 1 sentence about the importance of learning English. Max 5 words.
demo-test-196,1001,22016,2025-07-10 10:04:35.000,2,English connects people globally! \n\nWhy do you want to learn English?,Give me 1 sentence about the importance of learning English. Max 5 words.
demo-test-104,1001,22022,2025-07-10 10:04:36.000,2,English connects people worldwide! It’s fun! What do you think about learning English?,Give me 1 sentence about the importance of learning English. Max 5 words.
demo-test-105,1001,22019,2025-07-10 10:04:36.000,2,English helps connect people globally! \n\nWhy do you want to learn English?,Give me 1 sentence about the importance of learning English. Max 5 words.
demo-test-120,1001,22017,2025-07-10 10:04:36.000,2,English helps connect with others! \n\nWhy do you want to learn English?,Give me 1 sentence about the importance of learning English. Max 5 words.
demo-test-129,1001,22021,2025-07-10 10:04:36.000,2,English connects people worldwide! What do you think about that?,Give me 1 sentence about the importance of learning English. Max 5 words.
demo-test-164,1001,22018,2025-07-10 10:04:36.000,2,English connects people worldwide! \n\nWhy do you want to learn English?,Give me 1 sentence about the importance of learning English. Max 5 words.
demo-test-200,1001,22020,2025-07-10 10:04:36.000,2,English connects people worldwide! \n\nWhy do you want to learn English?,Give me 1 sentence about the importance of learning English. Max 5 words.
demo-test-102,1001,22025,2025-07-10 10:04:37.000,2,English helps you travel easily! It’s fun to explore new places and meet new friends. \n\nWhat country do you want to visit?,Give me 1 sentence about the importance of learning English. Max 5 words.
demo-test-122,1001,22024,2025-07-10 10:04:37.000,2,English connects people worldwide! \n\nWhy do you want to learn English?,Give me 1 sentence about the importance of learning English. Max 5 words.
demo-test-174,1001,22027,2025-07-10 10:04:37.000,2,English connects people worldwide easily! \n\nWhat do you like most about learning English?,Give me 1 sentence about the importance of learning English. Max 5 words.
demo-test-180,1001,22026,2025-07-10 10:04:37.000,2,English connects people worldwide! \n\nWhat do you like most about English?,Give me 1 sentence about the importance of learning English. Max 5 words.
demo-test-185,1001,22023,2025-07-10 10:04:37.000,2,English helps you communicate globally! \n\nWhy do you want to learn English?,Give me 1 sentence about the importance of learning English. Max 5 words.
demo-test-108,1001,22034,2025-07-10 10:04:38.000,2,English connects people worldwide! \n\nWhy do you want to learn English?,Give me 1 sentence about the importance of learning English. Max 5 words.
demo-test-113,1001,22035,2025-07-10 10:04:38.000,2,English connects people worldwide! \n\nWhy do you want to learn English?,Give me 1 sentence about the importance of learning English. Max 5 words.
demo-test-116,1001,22030,2025-07-10 10:04:38.000,2,English connects people worldwide! \n\nWhy do you want to learn English?,Give me 1 sentence about the importance of learning English. Max 5 words.
demo-test-126,1001,22029,2025-07-10 10:04:38.000,2,English connects people globally. \n\nWhy do you want to learn English?,Give me 1 sentence about the importance of learning English. Max 5 words.
demo-test-136,1001,22032,2025-07-10 10:04:38.000,2,English connects people worldwide! What is your favorite English word?,Give me 1 sentence about the importance of learning English. Max 5 words.
demo-test-140,1001,22028,2025-07-10 10:04:38.000,2,English connects people around the world! \n\nWhy do you want to learn English?,Give me 1 sentence about the importance of learning English. Max 5 words.
demo-test-144,1001,22031,2025-07-10 10:04:38.000,2,English opens doors to opportunities. \n\nWhat opportunities do you want to explore with English?,Give me 1 sentence about the importance of learning English. Max 5 words.
demo-test-193,1001,22033,2025-07-10 10:04:38.000,2,English connects people around the world. \n\nWhy do you want to learn English?,Give me 1 sentence about the importance of learning English. Max 5 words.
demo-test-103,1001,22042,2025-07-10 10:04:39.000,2,English connects people around the world. \n\nWhy do you want to learn English?,Give me 1 sentence about the importance of learning English. Max 5 words.
demo-test-111,1001,22038,2025-07-10 10:04:39.000,2,English connects the world together! \n\nWhy do you want to learn English?,Give me 1 sentence about the importance of learning English. Max 5 words.
demo-test-125,1001,22037,2025-07-10 10:04:39.000,2,English connects people everywhere! \n\nWhy do you want to learn English?,Give me 1 sentence about the importance of learning English. Max 5 words.
demo-test-128,1001,22039,2025-07-10 10:04:39.000,2,English helps you communicate better! \n\nWhat do you want to learn today?,Give me 1 sentence about the importance of learning English. Max 5 words.
demo-test-131,1001,22036,2025-07-10 10:04:39.000,2,English connects people globally! \n\nWhy do you want to learn English?,Give me 1 sentence about the importance of learning English. Max 5 words.
demo-test-156,1001,22043,2025-07-10 10:04:39.000,2,English connects people everywhere! What do you think is the best way to practice English?,Give me 1 sentence about the importance of learning English. Max 5 words.
demo-test-175,1001,22040,2025-07-10 10:04:39.000,2,English connects people globally. \n\nWhy do you want to learn English?,Give me 1 sentence about the importance of learning English. Max 5 words.
demo-test-183,1001,22041,2025-07-10 10:04:39.000,2,English connects people worldwide. \n\nWhy do you want to learn English?,Give me 1 sentence about the importance of learning English. Max 5 words.
demo-test-124,1001,22046,2025-07-10 10:04:40.000,2,English connects people around the world! \n\nWhy do you want to learn English?,Give me 1 sentence about the importance of learning English. Max 5 words.
demo-test-127,1001,22051,2025-07-10 10:04:40.000,2,English connects people around the world. \n\nWhy do you want to learn English?,Give me 1 sentence about the importance of learning English. Max 5 words.
demo-test-132,1001,22045,2025-07-10 10:04:40.000,2,English connects people everywhere! \n\nWhy do you want to learn English?,Give me 1 sentence about the importance of learning English. Max 5 words.
demo-test-139,1001,22049,2025-07-10 10:04:40.000,2,English connects people around the world! \n\nWhat is your favorite English word?,Give me 1 sentence about the importance of learning English. Max 5 words.
demo-test-143,1001,22050,2025-07-10 10:04:40.000,2,English connects people around the world. \n\nWhy do you want to learn English?,Give me 1 sentence about the importance of learning English. Max 5 words.
demo-test-152,1001,22047,2025-07-10 10:04:40.000,2,English connects people globally. \n\nWhy do you want to learn English?,Give me 1 sentence about the importance of learning English. Max 5 words.
demo-test-186,1001,22052,2025-07-10 10:04:40.000,2,English connects people around the world. \n\nWhat do you think about that?,Give me 1 sentence about the importance of learning English. Max 5 words.
demo-test-188,1001,22048,2025-07-10 10:04:40.000,2,English connects people around the world. \n\nWhy do you want to learn English?,Give me 1 sentence about the importance of learning English. Max 5 words.
demo-test-189,1001,22044,2025-07-10 10:04:40.000,2,English connects people around the world. \n\nDo you have any friends who speak English?,Give me 1 sentence about the importance of learning English. Max 5 words.
demo-test-118,1001,22059,2025-07-10 10:04:41.000,2,English connects people worldwide easily. \n\nWhy do you want to learn English?,Give me 1 sentence about the importance of learning English. Max 5 words.
demo-test-119,1001,22054,2025-07-10 10:04:41.000,2,English connects people worldwide! \n\nWhy do you want to learn English?,Give me 1 sentence about the importance of learning English. Max 5 words.
demo-test-130,1001,22057,2025-07-10 10:04:41.000,2,English connects people globally. \n\nWhy do you want to learn English?,Give me 1 sentence about the importance of learning English. Max 5 words.
demo-test-134,1001,22066,2025-07-10 10:04:41.000,2,English connects people around the world. \n\nDo you have a favorite English word?,Give me 1 sentence about the importance of learning English. Max 5 words.
demo-test-141,1001,22067,2025-07-10 10:04:41.000,2,English connects people around the world! \n\nWhat do you think about that?,Give me 1 sentence about the importance of learning English. Max 5 words.
demo-test-146,1001,22064,2025-07-10 10:04:41.000,2,English connects people around the world. \n\nWhat do you like most about English?,Give me 1 sentence about the importance of learning English. Max 5 words.
demo-test-148,1001,22062,2025-07-10 10:04:41.000,2,English connects people around the world. \n\nWhy do you want to learn English?,Give me 1 sentence about the importance of learning English. Max 5 words.
demo-test-153,1001,22055,2025-07-10 10:04:41.000,2,English connects people worldwide! \n\nWhy do you want to learn English?,Give me 1 sentence about the importance of learning English. Max 5 words.
demo-test-155,1001,22065,2025-07-10 10:04:41.000,2,English connects people around the world! \n\nWhy do you want to learn English?,Give me 1 sentence about the importance of learning English. Max 5 words.
demo-test-169,1001,22063,2025-07-10 10:04:41.000,2,English connects people around the world! \n\nWhy do you want to learn English?,Give me 1 sentence about the importance of learning English. Max 5 words.
demo-test-172,1001,22058,2025-07-10 10:04:41.000,2,English connects people worldwide. \n\nWhy do you want to learn English?,Give me 1 sentence about the importance of learning English. Max 5 words.
demo-test-179,1001,22060,2025-07-10 10:04:41.000,2,English opens doors to opportunities. \n\nWhat is your favorite English word?,Give me 1 sentence about the importance of learning English. Max 5 words.
demo-test-190,1001,22061,2025-07-10 10:04:41.000,2,English connects people around the world! \n\nWhy do you want to learn English?,Give me 1 sentence about the importance of learning English. Max 5 words.
demo-test-191,1001,22056,2025-07-10 10:04:41.000,2,English connects people worldwide! Why do you want to learn English?,Give me 1 sentence about the importance of learning English. Max 5 words.
demo-test-195,1001,22053,2025-07-10 10:04:41.000,2,English helps us communicate better! \n\nWhy do you want to learn English?,Give me 1 sentence about the importance of learning English. Max 5 words.
demo-test-109,1001,22083,2025-07-10 10:04:42.000,2,English connects people around the world! \n\nWhy do you want to learn English?,Give me 1 sentence about the importance of learning English. Max 5 words.
demo-test-110,1001,22076,2025-07-10 10:04:42.000,2,English connects people around the world. \n\nWhy do you want to learn English?,Give me 1 sentence about the importance of learning English. Max 5 words.
demo-test-114,1001,22071,2025-07-10 10:04:42.000,2,English connects people everywhere! \n\nWhy do you want to learn English?,Give me 1 sentence about the importance of learning English. Max 5 words.
demo-test-115,1001,22072,2025-07-10 10:04:42.000,2,English connects people globally. \n\nWhat do you like most about learning English?,Give me 1 sentence about the importance of learning English. Max 5 words.
demo-test-123,1001,22081,2025-07-10 10:04:42.000,2,English connects people worldwide! \n\nWhat do you enjoy most about learning English?,Give me 1 sentence about the importance of learning English. Max 5 words.
demo-test-133,1001,22070,2025-07-10 10:04:42.000,2,English connects people worldwide. \n\nWhy do you want to learn English?,Give me 1 sentence about the importance of learning English. Max 5 words.
demo-test-149,1001,22082,2025-07-10 10:04:42.000,2,English connects people worldwide! \n\nWhy do you want to learn English?,Give me 1 sentence about the importance of learning English. Max 5 words.
demo-test-154,1001,22078,2025-07-10 10:04:42.000,2,English connects people worldwide. \n\nWhy do you want to learn English?,Give me 1 sentence about the importance of learning English. Max 5 words.
demo-test-161,1001,22068,2025-07-10 10:04:42.000,2,English connects us globally. \n\nWhat do you like about English?,Give me 1 sentence about the importance of learning English. Max 5 words.
demo-test-163,1001,22075,2025-07-10 10:04:42.000,2,English connects people worldwide. \n\nWhy do you want to learn English?,Give me 1 sentence about the importance of learning English. Max 5 words.
demo-test-166,1001,22080,2025-07-10 10:04:42.000,2,English connects people worldwide! \n\nWhy do you want to learn English?,Give me 1 sentence about the importance of learning English. Max 5 words.
demo-test-167,1001,22073,2025-07-10 10:04:42.000,2,English connects people everywhere! \n\nWhy do you want to learn English?,Give me 1 sentence about the importance of learning English. Max 5 words.
demo-test-168,1001,22084,2025-07-10 10:04:42.000,2,English connects people worldwide! \n\nWhy do you want to learn English?,Give me 1 sentence about the importance of learning English. Max 5 words.
demo-test-170,1001,22069,2025-07-10 10:04:42.000,2,English connects people worldwide! \n\nWhy do you want to learn English?,Give me 1 sentence about the importance of learning English. Max 5 words.
demo-test-173,1001,22085,2025-07-10 10:04:42.000,2,English connects people globally! \n\nWhy do you want to learn English?,Give me 1 sentence about the importance of learning English. Max 5 words.
demo-test-178,1001,22086,2025-07-10 10:04:42.000,2,English opens doors to opportunities! \n\nWhat opportunities do you want to have?,Give me 1 sentence about the importance of learning English. Max 5 words.
demo-test-182,1001,22074,2025-07-10 10:04:42.000,2,English connects people around the world. \n\nWhy do you want to learn English?,Give me 1 sentence about the importance of learning English. Max 5 words.
demo-test-184,1001,22077,2025-07-10 10:04:42.000,2,English connects people around the world! \n\nWhy do you want to learn English?,Give me 1 sentence about the importance of learning English. Max 5 words.
demo-test-197,1001,22079,2025-07-10 10:04:42.000,2,English connects people globally! \n\nWhat is your favorite English word?,Give me 1 sentence about the importance of learning English. Max 5 words.
demo-test-106,1001,22091,2025-07-10 10:04:43.000,2,English opens many opportunities! \n\nWhat opportunities do you want?,Give me 1 sentence about the importance of learning English. Max 5 words.
demo-test-107,1001,22087,2025-07-10 10:04:43.000,2,English connects people around the world. \n\nWhy do you want to learn English?,Give me 1 sentence about the importance of learning English. Max 5 words.
demo-test-135,1001,22098,2025-07-10 10:04:43.000,2,English connects people around the world. \n\nWhy do you want to learn English?,Give me 1 sentence about the importance of learning English. Max 5 words.
demo-test-142,1001,22090,2025-07-10 10:04:43.000,2,English connects people globally. \n\nWhat do you want to learn today?,Give me 1 sentence about the importance of learning English. Max 5 words.
demo-test-145,1001,22097,2025-07-10 10:04:43.000,2,English connects people around the world.  \n\nWhy do you want to learn English?,Give me 1 sentence about the importance of learning English. Max 5 words.
demo-test-151,1001,22094,2025-07-10 10:04:43.000,2,English connects people worldwide! \n\nWhy do you want to learn English?,Give me 1 sentence about the importance of learning English. Max 5 words.
demo-test-157,1001,22096,2025-07-10 10:04:43.000,2,English connects people worldwide! \n\nWhat do you think about that?,Give me 1 sentence about the importance of learning English. Max 5 words.
demo-test-158,1001,22092,2025-07-10 10:04:43.000,2,English connects people globally! \n\nWhy do you want to learn English?,Give me 1 sentence about the importance of learning English. Max 5 words.
demo-test-171,1001,22088,2025-07-10 10:04:43.000,2,English connects people everywhere! \n\nWhy do you want to learn English?,Give me 1 sentence about the importance of learning English. Max 5 words.
demo-test-176,1001,22089,2025-07-10 10:04:43.000,2,English connects people worldwide! \n\nWhy do you want to learn English?,Give me 1 sentence about the importance of learning English. Max 5 words.
demo-test-181,1001,22099,2025-07-10 10:04:43.000,2,English helps you make friends! \n\nWho is your best friend?,Give me 1 sentence about the importance of learning English. Max 5 words.
demo-test-187,1001,22095,2025-07-10 10:04:43.000,2,English helps you communicate better! \n\nWhy do you want to learn English?,Give me 1 sentence about the importance of learning English. Max 5 words.
demo-test-198,1001,22100,2025-07-10 10:04:43.000,2,English connects people worldwide! \n\nWhy do you want to learn English?,Give me 1 sentence about the importance of learning English. Max 5 words.
demo-test-199,1001,22093,2025-07-10 10:04:43.000,2,English connects people everywhere! Learning helps you communicate better. What do you want to learn in English today?,Give me 1 sentence about the importance of learning English. Max 5 words.
demo-test-101,1001,22103,2025-07-10 10:04:44.000,2,English connects people worldwide. \n\nWhy do you want to learn English?,Give me 1 sentence about the importance of learning English. Max 5 words.
demo-test-112,1001,22104,2025-07-10 10:04:44.000,2,English connects people everywhere! \n\nWhy do you want to learn English?,Give me 1 sentence about the importance of learning English. Max 5 words.
demo-test-117,1001,22105,2025-07-10 10:04:44.000,2,English connects people worldwide easily!\n\nWhy do you want to learn English?,Give me 1 sentence about the importance of learning English. Max 5 words.
demo-test-150,1001,22102,2025-07-10 10:04:44.000,2,English connects people around the world. \n\nWhy do you want to learn English?,Give me 1 sentence about the importance of learning English. Max 5 words.
demo-test-162,1001,22101,2025-07-10 10:04:44.000,2,English opens many doors! \n\nWhy do you want to learn English?,Give me 1 sentence about the importance of learning English. Max 5 words.
demo-test-192,1001,22106,2025-07-10 10:04:45.000,2,English connects people globally! \n\nWhy do you want to learn English?,Give me 1 sentence about the importance of learning English. Max 5 words.
demo-test-159,1001,22107,2025-07-10 10:04:46.000,2,English connects people around the world. \n\nWhy do you want to learn English?,Give me 1 sentence about the importance of learning English. Max 5 words.
demo-test-165,1001,22108,2025-07-10 10:04:46.000,2,English helps you travel easily. \n\nWhere do you want to travel?,Give me 1 sentence about the importance of learning English. Max 5 words.
demo-test-147,1001,22109,2025-07-10 10:04:48.000,2,English connects people worldwide! What is your favorite thing about learning English?,Give me 1 sentence about the importance of learning English. Max 5 words.
demo-test-103,1001,22140,2025-07-10 10:05:29.000,3,English helps in global communication. \n\nWhat is your favorite English word?,Give me 1 sentence about the importance of learning English. Max 5 words.
demo-test-104,1001,22135,2025-07-10 10:05:29.000,3,English is key for communication! Why do you want to learn English?,Give me 1 sentence about the importance of learning English. Max 5 words.
demo-test-107,1001,22136,2025-07-10 10:05:29.000,3,English helps in global communication. \n\nWhat do you enjoy most about learning English?,Give me 1 sentence about the importance of learning English. Max 5 words.
demo-test-108,1001,22130,2025-07-10 10:05:29.000,3,English is a global language!\n\nWhat do you like about English?,Give me 1 sentence about the importance of learning English. Max 5 words.
demo-test-112,1001,22129,2025-07-10 10:05:29.000,3,English helps you communicate globally! \n\nWhat do you like about English?,Give me 1 sentence about the importance of learning English. Max 5 words.
demo-test-119,1001,22134,2025-07-10 10:05:29.000,3,English helps you explore opportunities. \n\nWhat opportunities do you dream of?,Give me 1 sentence about the importance of learning English. Max 5 words.
demo-test-120,1001,22121,2025-07-10 10:05:29.000,3,English is key for communication! \n\nWhat do you like about English?,Give me 1 sentence about the importance of learning English. Max 5 words.
demo-test-121,1001,22111,2025-07-10 10:05:29.000,3,English is key for communication! \n\nWhat do you like most about learning English?,Give me 1 sentence about the importance of learning English. Max 5 words.
demo-test-126,1001,22128,2025-07-10 10:05:29.000,3,English helps in many jobs!\n\nWhat job do you dream of?,Give me 1 sentence about the importance of learning English. Max 5 words.
demo-test-128,1001,22131,2025-07-10 10:05:29.000,3,English connects people worldwide! \n\nWhat is your favorite English word?,Give me 1 sentence about the importance of learning English. Max 5 words.
demo-test-137,1001,22115,2025-07-10 10:05:29.000,3,English helps in global communication.\n\nWhat do you enjoy most about learning English?,Give me 1 sentence about the importance of learning English. Max 5 words.
demo-test-138,1001,22117,2025-07-10 10:05:29.000,3,English helps in global communication. \n\nWhat do you enjoy most about learning English?,Give me 1 sentence about the importance of learning English. Max 5 words.
demo-test-139,1001,22114,2025-07-10 10:05:29.000,3,English helps you communicate globally! \n\nWhy do you want to learn English?,Give me 1 sentence about the importance of learning English. Max 5 words.
demo-test-140,1001,22123,2025-07-10 10:05:29.000,3,English helps you communicate globally! \n\nWhat do you enjoy most about learning English?,Give me 1 sentence about the importance of learning English. Max 5 words.
demo-test-145,1001,22132,2025-07-10 10:05:29.000,3,English helps you understand more.  \n\nWhat do you like about English?,Give me 1 sentence about the importance of learning English. Max 5 words.
demo-test-155,1001,22127,2025-07-10 10:05:29.000,3,English helps you find jobs! \n\nWhat job do you want?,Give me 1 sentence about the importance of learning English. Max 5 words.
demo-test-156,1001,22110,2025-07-10 10:05:29.000,3,English is key for communication! What do you enjoy doing in English?,Give me 1 sentence about the importance of learning English. Max 5 words.
demo-test-157,1001,22139,2025-07-10 10:05:29.000,3,English is a global language! \n\nWhy do you want to learn English?,Give me 1 sentence about the importance of learning English. Max 5 words.
demo-test-158,1001,22120,2025-07-10 10:05:29.000,3,English is key for opportunities! \n\nWhat is your favorite English word?,Give me 1 sentence about the importance of learning English. Max 5 words.
demo-test-161,1001,22137,2025-07-10 10:05:29.000,3,English helps you find jobs. \n\nWhat job do you want?,Give me 1 sentence about the importance of learning English. Max 5 words.
demo-test-163,1001,22119,2025-07-10 10:05:29.000,3,English helps you find jobs. \n\nWhat job do you want?,Give me 1 sentence about the importance of learning English. Max 5 words.
demo-test-164,1001,22126,2025-07-10 10:05:29.000,3,English is key for communication! \n\nWhat is your favorite way to practice English?,Give me 1 sentence about the importance of learning English. Max 5 words.
demo-test-173,1001,22112,2025-07-10 10:05:29.000,3,English helps you communicate better! \n\nWhat do you like most about learning English?,Give me 1 sentence about the importance of learning English. Max 5 words.
demo-test-174,1001,22118,2025-07-10 10:05:29.000,3,English helps you find jobs!  \n\nWhat job do you want in the future?,Give me 1 sentence about the importance of learning English. Max 5 words.
demo-test-175,1001,22125,2025-07-10 10:05:29.000,3,English is key for communication. \n\nWhat do you enjoy most about learning English?,Give me 1 sentence about the importance of learning English. Max 5 words.
demo-test-178,1001,22124,2025-07-10 10:05:29.000,3,English is key for communication! \n\nWhy do you want to learn English?,Give me 1 sentence about the importance of learning English. Max 5 words.
demo-test-186,1001,22138,2025-07-10 10:05:29.000,3,English helps in many jobs. \n\nWhat job do you like?,Give me 1 sentence about the importance of learning English. Max 5 words.
demo-test-191,1001,22122,2025-07-10 10:05:29.000,3,English helps you communicate better! What is your favorite way to practice English?,Give me 1 sentence about the importance of learning English. Max 5 words.
demo-test-192,1001,22113,2025-07-10 10:05:29.000,3,English is key for communication! \n\nWhat do you like most about learning English?,Give me 1 sentence about the importance of learning English. Max 5 words.
demo-test-197,1001,22116,2025-07-10 10:05:29.000,3,English helps you find jobs! \n\nWhat job do you want?,Give me 1 sentence about the importance of learning English. Max 5 words.
demo-test-198,1001,22133,2025-07-10 10:05:29.000,3,English helps you find jobs! \n\nWhat job do you dream of?,Give me 1 sentence about the importance of learning English. Max 5 words.
demo-test-101,1001,22145,2025-07-10 10:05:31.000,3,English helps you communicate better. \n\nWhat do you like most about learning English?,Give me 1 sentence about the importance of learning English. Max 5 words.
demo-test-102,1001,22148,2025-07-10 10:05:31.000,3,English connects you with everyone! It’s a key to many opportunities. \n\nWhat do you like about English?,Give me 1 sentence about the importance of learning English. Max 5 words.
demo-test-105,1001,22158,2025-07-10 10:05:31.000,3,English is key for communication! \n\nWhat do you enjoy about learning English?,Give me 1 sentence about the importance of learning English. Max 5 words.
demo-test-106,1001,22165,2025-07-10 10:05:31.000,3,English helps you travel easily! \n\nWhere would you like to travel?,Give me 1 sentence about the importance of learning English. Max 5 words.
demo-test-109,1001,22166,2025-07-10 10:05:31.000,3,English is key for communication! \n\nWhat do you find fun about learning English?,Give me 1 sentence about the importance of learning English. Max 5 words.
demo-test-113,1001,22155,2025-07-10 10:05:31.000,3,English is a global language! \n\nWhat do you want to learn today?,Give me 1 sentence about the importance of learning English. Max 5 words.
demo-test-114,1001,22150,2025-07-10 10:05:31.000,3,English helps you communicate globally! \n\nWhat is your favorite English word?,Give me 1 sentence about the importance of learning English. Max 5 words.
demo-test-122,1001,22151,2025-07-10 10:05:31.000,3,English helps in many jobs! \n\nWhat job do you want?,Give me 1 sentence about the importance of learning English. Max 5 words.
demo-test-124,1001,22143,2025-07-10 10:05:31.000,3,English helps you communicate globally! \n\nWhat is your favorite English word?,Give me 1 sentence about the importance of learning English. Max 5 words.
demo-test-125,1001,22169,2025-07-10 10:05:31.000,3,English helps you communicate globally! \n\nWhat is your favorite English word?,Give me 1 sentence about the importance of learning English. Max 5 words.
demo-test-127,1001,22154,2025-07-10 10:05:31.000,3,English is key for communication. \n\nWhat is your favorite English word?,Give me 1 sentence about the importance of learning English. Max 5 words.
demo-test-129,1001,22167,2025-07-10 10:05:31.000,3,English is key for communication! Why do you want to learn English?,Give me 1 sentence about the importance of learning English. Max 5 words.
demo-test-134,1001,22153,2025-07-10 10:05:31.000,3,English helps in global communication. \n\nWhat do you like about learning English?,Give me 1 sentence about the importance of learning English. Max 5 words.
demo-test-142,1001,22156,2025-07-10 10:05:31.000,3,English is key for communication. \n\nWhy do you want to learn English?,Give me 1 sentence about the importance of learning English. Max 5 words.
demo-test-147,1001,22146,2025-07-10 10:05:31.000,3,English helps you communicate better! Why do you want to learn English?,Give me 1 sentence about the importance of learning English. Max 5 words.
demo-test-159,1001,22149,2025-07-10 10:05:31.000,3,English is key for communication. \n\nWhat do you enjoy about learning English?,Give me 1 sentence about the importance of learning English. Max 5 words.
demo-test-160,1001,22152,2025-07-10 10:05:31.000,3,English helps you understand others. \n\nWhat is your favorite English word?,Give me 1 sentence about the importance of learning English. Max 5 words.
demo-test-162,1001,22157,2025-07-10 10:05:31.000,3,English is key for communication. \n\nWhat is your favorite English word?,Give me 1 sentence about the importance of learning English. Max 5 words.
demo-test-165,1001,22162,2025-07-10 10:05:31.000,3,English is key for communication. \n\nWhat do you like about English?,Give me 1 sentence about the importance of learning English. Max 5 words.
demo-test-176,1001,22164,2025-07-10 10:05:31.000,3,English helps you understand others! \n\nWhat’s your favorite thing about learning English?,Give me 1 sentence about the importance of learning English. Max 5 words.
demo-test-179,1001,22171,2025-07-10 10:05:31.000,3,English connects people around the world.\n\nWhat do you like about English?,Give me 1 sentence about the importance of learning English. Max 5 words.
demo-test-180,1001,22170,2025-07-10 10:05:31.000,3,English helps you communicate better! \n\nWhat do you want to learn today?,Give me 1 sentence about the importance of learning English. Max 5 words.
demo-test-181,1001,22168,2025-07-10 10:05:31.000,3,English is key for jobs! \n\nWhat job do you want?,Give me 1 sentence about the importance of learning English. Max 5 words.
demo-test-183,1001,22160,2025-07-10 10:05:31.000,3,English is key for communication. \n\nWhat is your favorite English word?,Give me 1 sentence about the importance of learning English. Max 5 words.
demo-test-184,1001,22163,2025-07-10 10:05:31.000,3,English helps you find jobs! \n\nWhat job do you want?,Give me 1 sentence about the importance of learning English. Max 5 words.
demo-test-187,1001,22159,2025-07-10 10:05:31.000,3,English connects people worldwide! \n\nWhat do you like most about learning English?,Give me 1 sentence about the importance of learning English. Max 5 words.
demo-test-193,1001,22147,2025-07-10 10:05:31.000,3,English helps you find jobs. \n\nWhat job do you want?,Give me 1 sentence about the importance of learning English. Max 5 words.
demo-test-194,1001,22142,2025-07-10 10:05:31.000,3,English helps you understand cultures! \n\nWhich culture interests you the most?,Give me 1 sentence about the importance of learning English. Max 5 words.
demo-test-195,1001,22161,2025-07-10 10:05:31.000,3,English opens many job doors! \n\nWhat job do you want in the future?,Give me 1 sentence about the importance of learning English. Max 5 words.
demo-test-196,1001,22144,2025-07-10 10:05:31.000,3,English helps you communicate better! \n\nWhat do you like about learning English?,Give me 1 sentence about the importance of learning English. Max 5 words.
demo-test-199,1001,22141,2025-07-10 10:05:31.000,3,English helps you find opportunities! It’s important for work and travel. What do you enjoy about learning English?,Give me 1 sentence about the importance of learning English. Max 5 words.
demo-test-110,1001,22205,2025-07-10 10:05:32.000,3,English helps you find jobs. \n\nWhat job do you want in the future?,Give me 1 sentence about the importance of learning English. Max 5 words.
demo-test-111,1001,22192,2025-07-10 10:05:32.000,3,English helps you travel easily! \n\nWhere would you like to travel?,Give me 1 sentence about the importance of learning English. Max 5 words.
demo-test-115,1001,22208,2025-07-10 10:05:32.000,3,English helps in many jobs. \n\nWhat job do you want in the future?,Give me 1 sentence about the importance of learning English. Max 5 words.
demo-test-116,1001,22206,2025-07-10 10:05:32.000,3,English helps you travel easily! \n\nWhere would you like to travel?,Give me 1 sentence about the importance of learning English. Max 5 words.
demo-test-117,1001,22173,2025-07-10 10:05:32.000,3,English is key for communication!\n\nWhat do you enjoy most about learning English?,Give me 1 sentence about the importance of learning English. Max 5 words.
demo-test-118,1001,22207,2025-07-10 10:05:32.000,3,English helps you travel better. \n\nWhere do you want to travel?,Give me 1 sentence about the importance of learning English. Max 5 words.
demo-test-123,1001,22196,2025-07-10 10:05:32.000,3,English helps you travel better! \n\nWhere would you like to travel?,Give me 1 sentence about the importance of learning English. Max 5 words.
demo-test-130,1001,22198,2025-07-10 10:05:32.000,3,English helps you understand better. \n\nWhat is your favorite English word?,Give me 1 sentence about the importance of learning English. Max 5 words.
demo-test-131,1001,22188,2025-07-10 10:05:32.000,3,English helps you communicate better! \n\nWhat do you like most about learning English?,Give me 1 sentence about the importance of learning English. Max 5 words.
demo-test-132,1001,22202,2025-07-10 10:05:32.000,3,English is key for success! \n\nWhat do you enjoy most about learning English?,Give me 1 sentence about the importance of learning English. Max 5 words.
demo-test-135,1001,22180,2025-07-10 10:05:32.000,3,English is key for communication. \n\nWhat do you enjoy most about learning English?,Give me 1 sentence about the importance of learning English. Max 5 words.
demo-test-136,1001,22197,2025-07-10 10:05:32.000,3,English helps you understand more! Why do you want to learn English?,Give me 1 sentence about the importance of learning English. Max 5 words.
demo-test-141,1001,22194,2025-07-10 10:05:32.000,3,English helps you find jobs! \n\nWhy do you want to learn English?,Give me 1 sentence about the importance of learning English. Max 5 words.
demo-test-143,1001,22193,2025-07-10 10:05:32.000,3,English helps you find jobs. \n\nWhat job do you want?,Give me 1 sentence about the importance of learning English. Max 5 words.
demo-test-144,1001,22177,2025-07-10 10:05:32.000,3,English helps you travel easily. \n\nWhere would you like to travel?,Give me 1 sentence about the importance of learning English. Max 5 words.
demo-test-146,1001,22184,2025-07-10 10:05:32.000,3,English helps you communicate globally. \n\nWhat is your favorite English word?,Give me 1 sentence about the importance of learning English. Max 5 words.
demo-test-148,1001,22195,2025-07-10 10:05:32.000,3,English helps you find jobs. \n\nWhat job do you want?,Give me 1 sentence about the importance of learning English. Max 5 words.
demo-test-149,1001,22174,2025-07-10 10:05:32.000,3,English is the global language! \n\nWhat do you like most about learning English?,Give me 1 sentence about the importance of learning English. Max 5 words.
demo-test-150,1001,22189,2025-07-10 10:05:32.000,3,English is key for communication. \n\nWhat do you like about English?,Give me 1 sentence about the importance of learning English. Max 5 words.
demo-test-151,1001,22178,2025-07-10 10:05:32.000,3,English is key for communication! \n\nWhat do you enjoy most in English classes?,Give me 1 sentence about the importance of learning English. Max 5 words.
demo-test-152,1001,22185,2025-07-10 10:05:32.000,3,English helps in many jobs. \n\nWhat job do you want one day?,Give me 1 sentence about the importance of learning English. Max 5 words.
demo-test-153,1001,22191,2025-07-10 10:05:32.000,3,English helps you communicate better! \n\nWhat do you like most about learning English?,Give me 1 sentence about the importance of learning English. Max 5 words.
demo-test-154,1001,22176,2025-07-10 10:05:32.000,3,English helps in global communication. \n\nWhat do you like most about learning English?,Give me 1 sentence about the importance of learning English. Max 5 words.
demo-test-166,1001,22190,2025-07-10 10:05:32.000,3,English is key for communication! \n\nWhat do you enjoy most about learning English?,Give me 1 sentence about the importance of learning English. Max 5 words.
demo-test-167,1001,22200,2025-07-10 10:05:32.000,3,English helps you communicate globally! \n\nWhat’s your favorite way to practice English?,Give me 1 sentence about the importance of learning English. Max 5 words.
demo-test-168,1001,22172,2025-07-10 10:05:32.000,3,English helps you communicate better! \n\nWhat do you like about English?,Give me 1 sentence about the importance of learning English. Max 5 words.
demo-test-169,1001,22181,2025-07-10 10:05:32.000,3,English helps you share ideas! \n\nWhat ideas do you want to share?,Give me 1 sentence about the importance of learning English. Max 5 words.
demo-test-170,1001,22201,2025-07-10 10:05:32.000,3,English helps you find jobs! \n\nWhat job do you dream of?,Give me 1 sentence about the importance of learning English. Max 5 words.
demo-test-171,1001,22182,2025-07-10 10:05:32.000,3,English helps you communicate better!\n\nWhat is your favorite English word?,Give me 1 sentence about the importance of learning English. Max 5 words.
demo-test-172,1001,22187,2025-07-10 10:05:32.000,3,English helps in global communication. \n\nWhat is your favorite English word?,Give me 1 sentence about the importance of learning English. Max 5 words.
demo-test-177,1001,22204,2025-07-10 10:05:32.000,3,English is key for communication. \n\nWhat is your favorite English word?,Give me 1 sentence about the importance of learning English. Max 5 words.
demo-test-182,1001,22175,2025-07-10 10:05:32.000,3,English is key for communication. \n\nWhat do you like about English?,Give me 1 sentence about the importance of learning English. Max 5 words.
demo-test-185,1001,22199,2025-07-10 10:05:32.000,3,English is key for success! \n\nWhat do you want to achieve by learning English?,Give me 1 sentence about the importance of learning English. Max 5 words.
demo-test-188,1001,22203,2025-07-10 10:05:32.000,3,English is key for communication. \n\nWhat do you enjoy most about learning English?,Give me 1 sentence about the importance of learning English. Max 5 words.
demo-test-189,1001,22186,2025-07-10 10:05:32.000,3,English helps you understand others. \n\nWhy do you want to learn English?,Give me 1 sentence about the importance of learning English. Max 5 words.
demo-test-190,1001,22179,2025-07-10 10:05:32.000,3,English helps you find jobs! \n\nWhat job do you want in the future?,Give me 1 sentence about the importance of learning English. Max 5 words.
demo-test-200,1001,22183,2025-07-10 10:05:32.000,3,English helps in many jobs! \n\nWhat job do you want in the future?,Give me 1 sentence about the importance of learning English. Max 5 words.
demo-test-133,1001,22209,2025-07-10 10:05:33.000,3,English is key for communication. \n\nWhat is your favorite English word?,Give me 1 sentence about the importance of learning English. Max 5 words.
demo-test-161,1001,22212,2025-07-10 10:05:36.000,4,English improves travel experiences. \n\nWhere would you like to travel?,Give me 1 sentence about the importance of learning English. Max 5 words.
demo-test-103,1001,22223,2025-07-10 10:05:37.000,4,English is key for opportunities. \n\nWhat do you want to do with your English skills?,Give me 1 sentence about the importance of learning English. Max 5 words.
demo-test-108,1001,22220,2025-07-10 10:05:37.000,4,English helps you travel easily!\n\nWhere would you like to travel?,Give me 1 sentence about the importance of learning English. Max 5 words.
demo-test-112,1001,22219,2025-07-10 10:05:37.000,4,English is key for opportunities! \n\nWhat is your favorite English word?,Give me 1 sentence about the importance of learning English. Max 5 words.
demo-test-120,1001,22215,2025-07-10 10:05:37.000,4,English helps travel and explore! \n\nWhere would you like to travel?,Give me 1 sentence about the importance of learning English. Max 5 words.
demo-test-121,1001,22222,2025-07-10 10:05:37.000,4,English helps you travel easily!\n\nWhere would you like to travel?,Give me 1 sentence about the importance of learning English. Max 5 words.
demo-test-137,1001,22213,2025-07-10 10:05:37.000,4,English is useful for travel.\n\nWhere would you like to travel?,Give me 1 sentence about the importance of learning English. Max 5 words.
demo-test-156,1001,22218,2025-07-10 10:05:37.000,4,English helps you travel easily! Where would you like to travel?,Give me 1 sentence about the importance of learning English. Max 5 words.
demo-test-164,1001,22216,2025-07-10 10:05:37.000,4,English helps you find jobs!\n\nWhat job do you want?,Give me 1 sentence about the importance of learning English. Max 5 words.
demo-test-173,1001,22221,2025-07-10 10:05:37.000,4,English is key for success! \n\nWhat is your favorite English word?,Give me 1 sentence about the importance of learning English. Max 5 words.
demo-test-174,1001,22214,2025-07-10 10:05:37.000,4,English is key for travel!  \n\nWhere would you like to travel?,Give me 1 sentence about the importance of learning English. Max 5 words.
demo-test-192,1001,22217,2025-07-10 10:05:37.000,4,English helps you find jobs! \n\nWhat job do you want?,Give me 1 sentence about the importance of learning English. Max 5 words.
demo-test-104,1001,22235,2025-07-10 10:05:38.000,4,English helps you find jobs! What job do you want in the future?,Give me 1 sentence about the importance of learning English. Max 5 words.
demo-test-107,1001,22236,2025-07-10 10:05:38.000,4,English is key for travel. \n\nWhere would you like to travel?,Give me 1 sentence about the importance of learning English. Max 5 words.
demo-test-126,1001,22232,2025-07-10 10:05:38.000,4,English is key for travel!\n\nWhere would you like to travel?,Give me 1 sentence about the importance of learning English. Max 5 words.
demo-test-128,1001,22224,2025-07-10 10:05:38.000,4,English is key for opportunities! \n\nWhat do you enjoy most about learning?,Give me 1 sentence about the importance of learning English. Max 5 words.
demo-test-139,1001,22229,2025-07-10 10:05:38.000,4,English is key for opportunities! \n\nWhat do you enjoy about English?,Give me 1 sentence about the importance of learning English. Max 5 words.
demo-test-145,1001,22225,2025-07-10 10:05:38.000,4,English is key for communication.  \n\nWhat is your favorite English word?,Give me 1 sentence about the importance of learning English. Max 5 words.
demo-test-155,1001,22230,2025-07-10 10:05:38.000,4,English is key for communication! \n\nWho do you want to talk to in English?,Give me 1 sentence about the importance of learning English. Max 5 words.
demo-test-158,1001,22226,2025-07-10 10:05:38.000,4,English helps you travel better! \n\nWhere do you want to travel?,Give me 1 sentence about the importance of learning English. Max 5 words.
demo-test-163,1001,22228,2025-07-10 10:05:38.000,4,English is key for communication. \n\nWhat do you like about English?,Give me 1 sentence about the importance of learning English. Max 5 words.
demo-test-175,1001,22237,2025-07-10 10:05:38.000,4,English helps you find jobs. \n\nWhat job do you want in the future?,Give me 1 sentence about the importance of learning English. Max 5 words.
demo-test-178,1001,22233,2025-07-10 10:05:38.000,4,English helps you travel easily! \n\nWhere would you like to travel?,Give me 1 sentence about the importance of learning English. Max 5 words.
demo-test-186,1001,22227,2025-07-10 10:05:38.000,4,English is key for communication. \n\nDo you enjoy speaking English?,Give me 1 sentence about the importance of learning English. Max 5 words.
demo-test-191,1001,22234,2025-07-10 10:05:38.000,4,English is key for opportunities! What do you want to achieve with English?,Give me 1 sentence about the importance of learning English. Max 5 words.
demo-test-197,1001,22231,2025-07-10 10:05:38.000,4,English is useful for travel! \n\nWhere do you want to travel?,Give me 1 sentence about the importance of learning English. Max 5 words.
demo-test-119,1001,22238,2025-07-10 10:05:39.000,4,English is key for communication. \n\nWhat do you enjoy most about learning English?,Give me 1 sentence about the importance of learning English. Max 5 words.
demo-test-122,1001,22245,2025-07-10 10:05:39.000,4,English is key for communication! \n\nWhat do you like about English?,Give me 1 sentence about the importance of learning English. Max 5 words.
demo-test-124,1001,22244,2025-07-10 10:05:39.000,4,English is key for success! \n\nWhat do you enjoy doing in English?,Give me 1 sentence about the importance of learning English. Max 5 words.
demo-test-138,1001,22241,2025-07-10 10:05:39.000,4,English is key for success. \n\nWhat is your favorite English word?,Give me 1 sentence about the importance of learning English. Max 5 words.
demo-test-140,1001,22243,2025-07-10 10:05:39.000,4,English is key for opportunities! \n\nWhat opportunity do you dream about?,Give me 1 sentence about the importance of learning English. Max 5 words.
demo-test-157,1001,22240,2025-07-10 10:05:39.000,4,English helps you understand cultures! \n\nWhat culture interests you the most?,Give me 1 sentence about the importance of learning English. Max 5 words.
demo-test-194,1001,22242,2025-07-10 10:05:39.000,4,English is key for communication!\n\nWhat do you like about English?,Give me 1 sentence about the importance of learning English. Max 5 words.
demo-test-198,1001,22239,2025-07-10 10:05:39.000,4,English is key for communication! \n\nWhat do you like about English?,Give me 1 sentence about the importance of learning English. Max 5 words.
demo-test-199,1001,22246,2025-07-10 10:05:39.000,4,English is key for communication! It helps you understand more people. What do you like most about English?,Give me 1 sentence about the importance of learning English. Max 5 words.
demo-test-102,1001,22249,2025-07-10 10:05:40.000,4,English is important for communication! It helps you share ideas and make friends. \n\nWhat is your favorite English word?,Give me 1 sentence about the importance of learning English. Max 5 words.
demo-test-134,1001,22248,2025-07-10 10:05:40.000,4,English is important for travel. \n\nWhere do you want to travel?,Give me 1 sentence about the importance of learning English. Max 5 words.
demo-test-147,1001,22247,2025-07-10 10:05:40.000,4,English is key for success! What is your favorite English word?,Give me 1 sentence about the importance of learning English. Max 5 words.
demo-test-101,1001,22252,2025-07-10 10:05:41.000,4,English is key for success. \n\nWhat is your favorite English word?,Give me 1 sentence about the importance of learning English. Max 5 words.
demo-test-114,1001,22251,2025-07-10 10:05:41.000,4,English is the global language! \n\nWhat do you like about English?,Give me 1 sentence about the importance of learning English. Max 5 words.
demo-test-141,1001,22257,2025-07-10 10:05:41.000,4,English is the global language! \n\nDo you like learning languages?,Give me 1 sentence about the importance of learning English. Max 5 words.
demo-test-151,1001,22254,2025-07-10 10:05:41.000,4,English helps you understand culture! \n\nWhat is your favorite English word?,Give me 1 sentence about the importance of learning English. Max 5 words.
demo-test-160,1001,22253,2025-07-10 10:05:41.000,4,English is a global language. \n\nWhat do you like about English?,Give me 1 sentence about the importance of learning English. Max 5 words.
demo-test-187,1001,22256,2025-07-10 10:05:41.000,4,English is a global language! \n\nWhat do you find fun about learning English?,Give me 1 sentence about the importance of learning English. Max 5 words.
demo-test-193,1001,22250,2025-07-10 10:05:41.000,4,English is key for travel. \n\nWhere do you want to travel?,Give me 1 sentence about the importance of learning English. Max 5 words.
demo-test-195,1001,22255,2025-07-10 10:05:41.000,4,English is key for travel! \n\nWhere would you like to travel?,Give me 1 sentence about the importance of learning English. Max 5 words.
demo-test-105,1001,22274,2025-07-10 10:05:42.000,4,English helps you understand others! \n\nWhat is your favorite English word?,Give me 1 sentence about the importance of learning English. Max 5 words.
demo-test-109,1001,22260,2025-07-10 10:05:42.000,4,English helps in global communication!\n\nWhat is your favorite word in English?,Give me 1 sentence about the importance of learning English. Max 5 words.
demo-test-115,1001,22272,2025-07-10 10:05:42.000,4,English is a global language. \n\nWhat is your favorite English word?,Give me 1 sentence about the importance of learning English. Max 5 words.
demo-test-116,1001,22265,2025-07-10 10:05:42.000,4,English is key for communication! \n\nWhat do you enjoy most about learning English?,Give me 1 sentence about the importance of learning English. Max 5 words.
demo-test-118,1001,22258,2025-07-10 10:05:42.000,4,English is key for jobs. \n\nWhat job do you want?,Give me 1 sentence about the importance of learning English. Max 5 words.
demo-test-125,1001,22269,2025-07-10 10:05:42.000,4,English is key for success! \n\nWhat do you like most about learning English?,Give me 1 sentence about the importance of learning English. Max 5 words.
demo-test-127,1001,22266,2025-07-10 10:05:42.000,4,English helps you get jobs. \n\nWhat job do you want?,Give me 1 sentence about the importance of learning English. Max 5 words.
demo-test-130,1001,22261,2025-07-10 10:05:42.000,4,English is the world language. \n\nWhat do you like about English?,Give me 1 sentence about the importance of learning English. Max 5 words.
demo-test-135,1001,22268,2025-07-10 10:05:42.000,4,English helps you understand others. \n\nWhat is your favorite English word?,Give me 1 sentence about the importance of learning English. Max 5 words.
demo-test-136,1001,22264,2025-07-10 10:05:42.000,4,English is key for success! What do you enjoy most about learning English?,Give me 1 sentence about the importance of learning English. Max 5 words.
demo-test-144,1001,22262,2025-07-10 10:05:42.000,4,English is key for communication. \n\nWhat do you want to communicate in English?,Give me 1 sentence about the importance of learning English. Max 5 words.
demo-test-146,1001,22263,2025-07-10 10:05:42.000,4,English is key for opportunity. \n\nWhat opportunities do you want?,Give me 1 sentence about the importance of learning English. Max 5 words.
demo-test-153,1001,22271,2025-07-10 10:05:42.000,4,English is key for success! \n\nWhat is your favorite English word?,Give me 1 sentence about the importance of learning English. Max 5 words.
demo-test-154,1001,22270,2025-07-10 10:05:42.000,4,English is key for jobs. \n\nWhat job do you want in the future?,Give me 1 sentence about the importance of learning English. Max 5 words.
demo-test-166,1001,22273,2025-07-10 10:05:42.000,4,English helps you travel easily! \n\nWhere would you like to travel?,Give me 1 sentence about the importance of learning English. Max 5 words.
demo-test-170,1001,22259,2025-07-10 10:05:42.000,4,English is the global language! \n\nWhat do you like about English?,Give me 1 sentence about the importance of learning English. Max 5 words.
demo-test-188,1001,22267,2025-07-10 10:05:42.000,4,English helps you find jobs. \n\nWhat job do you want?,Give me 1 sentence about the importance of learning English. Max 5 words.
demo-test-200,1001,22275,2025-07-10 10:05:42.000,4,English is a global language! \n\nWhat do you like about learning English?,Give me 1 sentence about the importance of learning English. Max 5 words.
demo-test-106,1001,22299,2025-07-10 10:05:43.000,4,English is the global language! \n\nWhy do you want to learn English?,Give me 1 sentence about the importance of learning English. Max 5 words.
demo-test-110,1001,22290,2025-07-10 10:05:43.000,4,English is the global language. \n\nWhat do you like most about learning English?,Give me 1 sentence about the importance of learning English. Max 5 words.
demo-test-113,1001,22294,2025-07-10 10:05:43.000,4,English helps in many jobs! \n\nWhat job do you want in the future?,Give me 1 sentence about the importance of learning English. Max 5 words.
demo-test-117,1001,22292,2025-07-10 10:05:43.000,4,English helps you understand others!\n\nWhat is your favorite English word?,Give me 1 sentence about the importance of learning English. Max 5 words.
demo-test-123,1001,22286,2025-07-10 10:05:43.000,4,English is key for jobs! \n\nWhat job do you want?,Give me 1 sentence about the importance of learning English. Max 5 words.
demo-test-131,1001,22291,2025-07-10 10:05:43.000,4,English is the world language! \n\nWhat is your favorite English word?,Give me 1 sentence about the importance of learning English. Max 5 words.
demo-test-133,1001,22285,2025-07-10 10:05:43.000,4,English helps you find jobs. \n\nWhat job do you want?,Give me 1 sentence about the importance of learning English. Max 5 words.
demo-test-142,1001,22276,2025-07-10 10:05:43.000,4,English helps you understand others. \n\nWhat is your favorite English word?,Give me 1 sentence about the importance of learning English. Max 5 words.
demo-test-143,1001,22280,2025-07-10 10:05:43.000,4,English is key for travel. \n\nWhere do you want to travel?,Give me 1 sentence about the importance of learning English. Max 5 words.
demo-test-148,1001,22278,2025-07-10 10:05:43.000,4,English is key for communication. \n\nWhat do you enjoy doing?,Give me 1 sentence about the importance of learning English. Max 5 words.
demo-test-149,1001,22284,2025-07-10 10:05:43.000,4,English helps in many jobs! \n\nWhat job do you want to do in the future?,Give me 1 sentence about the importance of learning English. Max 5 words.
demo-test-162,1001,22283,2025-07-10 10:05:43.000,4,English helps in global conversations. \n\nWhat do you find fun about learning English?,Give me 1 sentence about the importance of learning English. Max 5 words.
demo-test-168,1001,22296,2025-07-10 10:05:43.000,4,English is key for success! \n\nWhat is your favorite English word?,Give me 1 sentence about the importance of learning English. Max 5 words.
demo-test-169,1001,22287,2025-07-10 10:05:43.000,4,English is key for communication! \n\nWhat do you like to talk about?,Give me 1 sentence about the importance of learning English. Max 5 words.
demo-test-171,1001,22293,2025-07-10 10:05:43.000,4,English is a global language!\n\nWhat do you enjoy most about learning English?,Give me 1 sentence about the importance of learning English. Max 5 words.
demo-test-172,1001,22279,2025-07-10 10:05:43.000,4,English is key for opportunities. \n\nWhat do you enjoy about learning English?,Give me 1 sentence about the importance of learning English. Max 5 words.
demo-test-176,1001,22289,2025-07-10 10:05:43.000,4,English is key for communication! \n\nWhat do you enjoy most in your English lessons?,Give me 1 sentence about the importance of learning English. Max 5 words.
demo-test-179,1001,22288,2025-07-10 10:05:43.000,4,English is key for communication.\n\nWhy do you want to learn English?,Give me 1 sentence about the importance of learning English. Max 5 words.
demo-test-180,1001,22297,2025-07-10 10:05:43.000,4,English is key for success! \n\nWhat is your favorite English word?,Give me 1 sentence about the importance of learning English. Max 5 words.
demo-test-181,1001,22277,2025-07-10 10:05:43.000,4,English connects us worldwide! \n\nWhere do you want to travel?,Give me 1 sentence about the importance of learning English. Max 5 words.
demo-test-182,1001,22295,2025-07-10 10:05:43.000,4,English helps you find jobs. \n\nWhat job do you want?,Give me 1 sentence about the importance of learning English. Max 5 words.
demo-test-183,1001,22298,2025-07-10 10:05:43.000,4,English helps you understand everything. \n\nWhat do you enjoy doing in English?,Give me 1 sentence about the importance of learning English. Max 5 words.
demo-test-189,1001,22281,2025-07-10 10:05:43.000,4,English is key for opportunities. \n\nWhat do you find fun about learning English?,Give me 1 sentence about the importance of learning English. Max 5 words.
demo-test-190,1001,22282,2025-07-10 10:05:43.000,4,English is the global language! \n\nWhat do you enjoy most about learning English?,Give me 1 sentence about the importance of learning English. Max 5 words.
demo-test-111,1001,22303,2025-07-10 10:05:44.000,4,English is key for communication! \n\nWhat do you enjoy about learning English?,Give me 1 sentence about the importance of learning English. Max 5 words.
demo-test-129,1001,22300,2025-07-10 10:05:44.000,4,English helps you travel easily! Where would you like to go?,Give me 1 sentence about the importance of learning English. Max 5 words.
demo-test-132,1001,22307,2025-07-10 10:05:44.000,4,English helps you travel better! \n\nWhere would you like to travel?,Give me 1 sentence about the importance of learning English. Max 5 words.
demo-test-150,1001,22308,2025-07-10 10:05:44.000,4,English helps in many careers. \n\nWhat career do you dream about?,Give me 1 sentence about the importance of learning English. Max 5 words.
demo-test-152,1001,22304,2025-07-10 10:05:44.000,4,English is key for communication. \n\nDo you have a favorite English word?,Give me 1 sentence about the importance of learning English. Max 5 words.
demo-test-159,1001,22305,2025-07-10 10:05:44.000,4,English helps in many jobs. \n\nWhat job do you want?,Give me 1 sentence about the importance of learning English. Max 5 words.
demo-test-167,1001,22301,2025-07-10 10:05:44.000,4,English is the world language! \n\nWhat do you like most about learning English?,Give me 1 sentence about the importance of learning English. Max 5 words.
demo-test-177,1001,22302,2025-07-10 10:05:44.000,4,English helps in many jobs. \n\nWhat job do you want?,Give me 1 sentence about the importance of learning English. Max 5 words.
demo-test-185,1001,22306,2025-07-10 10:05:44.000,4,English connects people worldwide! \n\nWhat is your favorite English word?,Give me 1 sentence about the importance of learning English. Max 5 words.
demo-test-196,1001,22309,2025-07-10 10:05:44.000,4,English is the world language! \n\nDo you have a favorite English word?,Give me 1 sentence about the importance of learning English. Max 5 words.
demo-test-165,1001,22311,2025-07-10 10:05:45.000,4,English connects people around the world.\n\nWhat is your favorite English word?,Give me 1 sentence about the importance of learning English. Max 5 words.
demo-test-184,1001,22310,2025-07-10 10:05:45.000,4,English is key for communication! \n\nWhat do you like to talk about?,Give me 1 sentence about the importance of learning English. Max 5 words.
demo-test-102,1024,22333,2025-07-10 10:15:07.000,5,English is essential for opportunities. What hobbies do you enjoy? Your answer helps me tailor our conversations for you!,Give me 1 sentence about the importance of learning English. Max 5 words.
demo-test-103,1024,22340,2025-07-10 10:15:07.000,5,"Learning English enhances global connections. \n\nBy the way, what learning method do you prefer? Your answer will help improve our future interactions!",Give me 1 sentence about the importance of learning English. Max 5 words.
demo-test-108,1024,22345,2025-07-10 10:15:07.000,5,"English enhances career opportunities! \n\nBy the way, what learning method do you prefer? Your answer will help me tailor our future conversations!",Give me 1 sentence about the importance of learning English. Max 5 words.
demo-test-109,1024,22338,2025-07-10 10:15:07.000,5,English is essential for opportunities! \n\nWhat hobbies do you enjoy? Your answer helps me tailor our future conversations!,Give me 1 sentence about the importance of learning English. Max 5 words.
demo-test-119,1024,22335,2025-07-10 10:15:07.000,5,"English enhances global understanding. \n\nBy the way, what hobbies do you enjoy? Your answer will help me tailor our chats better!",Give me 1 sentence about the importance of learning English. Max 5 words.
demo-test-137,1024,22337,2025-07-10 10:15:07.000,5,"English is essential for success. \n\nBy the way, what learning method do you prefer? Your answer will help improve our future interactions!",Give me 1 sentence about the importance of learning English. Max 5 words.
demo-test-138,1024,22331,2025-07-10 10:15:07.000,5,"English enhances career opportunities. \n\nBy the way, what learning method do you prefer? Your answer will help me tailor our future interactions!",Give me 1 sentence about the importance of learning English. Max 5 words.
demo-test-155,1024,22336,2025-07-10 10:15:07.000,5,"English enhances global opportunities! By the way, what’s your favorite topic to discuss? Your answer will help improve our future chats!",Give me 1 sentence about the importance of learning English. Max 5 words.
demo-test-157,1024,22344,2025-07-10 10:15:07.000,5,"English enhances career opportunities! \n\nBy the way, what learning method do you prefer? Your answer will help improve our future conversations.",Give me 1 sentence about the importance of learning English. Max 5 words.
demo-test-158,1024,22346,2025-07-10 10:15:07.000,5,"English enhances global communication! \n\nBy the way, what learning method do you prefer? Your answer will help improve our future interactions!",Give me 1 sentence about the importance of learning English. Max 5 words.
demo-test-161,1024,22339,2025-07-10 10:15:07.000,5,"English enhances communication worldwide. \n\nBy the way, what is your favorite topic to discuss? Your answer will help me tailor our conversations in the future!",Give me 1 sentence about the importance of learning English. Max 5 words.
demo-test-174,1024,22332,2025-07-10 10:15:07.000,5,"English enhances global communication!  \n\nBy the way, what is your favorite topic to discuss? Your answer will help me tailor our interactions better!",Give me 1 sentence about the importance of learning English. Max 5 words.
demo-test-179,1024,22341,2025-07-10 10:15:07.000,5,"English enhances global communication skills. \n\nBy the way, what learning method do you prefer? Your answer will help me tailor our future conversations!",Give me 1 sentence about the importance of learning English. Max 5 words.
demo-test-191,1024,22334,2025-07-10 10:15:07.000,5,Learning English expands your horizons. What hobbies do you enjoy? Your answer will help me tailor our lessons to your interests!,Give me 1 sentence about the importance of learning English. Max 5 words.
demo-test-192,1024,22343,2025-07-10 10:15:07.000,5,"Learning English enhances global opportunities. \n\nBy the way, what learning method do you prefer? Your answer will help me tailor our conversations better!",Give me 1 sentence about the importance of learning English. Max 5 words.
demo-test-197,1024,22342,2025-07-10 10:15:07.000,5,English is essential for communication! \n\nWhat learning method do you prefer? Your answer will help improve our future chats!,Give me 1 sentence about the importance of learning English. Max 5 words.
demo-test-101,1024,22356,2025-07-10 10:15:08.000,5,Learning English enhances global opportunities. What hobbies do you enjoy? Your answer will help me improve our future chats!,Give me 1 sentence about the importance of learning English. Max 5 words.
demo-test-105,1024,22379,2025-07-10 10:15:08.000,5,"English is essential for opportunity! \n\nBy the way, what learning method do you prefer? Your answer will help me improve our future conversations!",Give me 1 sentence about the importance of learning English. Max 5 words.
demo-test-107,1024,22349,2025-07-10 10:15:08.000,5,"English enhances career and education. \n\nBy the way, what's your favorite topic to discuss? Your answer will help me tailor our conversations!",Give me 1 sentence about the importance of learning English. Max 5 words.
demo-test-113,1024,22378,2025-07-10 10:15:08.000,5,English enables global communication. \n\nWhat’s your favorite way to practice English? Your answer helps me tailor our conversations better!,Give me 1 sentence about the importance of learning English. Max 5 words.
demo-test-120,1024,22363,2025-07-10 10:15:08.000,5,"English enhances global opportunities! \n\nBy the way, what learning method do you prefer? Your answer will help me tailor our future conversations!",Give me 1 sentence about the importance of learning English. Max 5 words.
demo-test-121,1024,22347,2025-07-10 10:15:08.000,5,"English enhances career and travel. \n\nBy the way, what learning method do you prefer? Your answer will help improve our future conversations!",Give me 1 sentence about the importance of learning English. Max 5 words.
demo-test-123,1024,22365,2025-07-10 10:15:08.000,5,"English enhances global communication! \n\nBy the way, what learning method do you prefer? Your answer will help me tailor our conversations better!",Give me 1 sentence about the importance of learning English. Max 5 words.
demo-test-124,1024,22377,2025-07-10 10:15:08.000,5,"English enhances global communication skills! \n\nBy the way, what learning method do you prefer? Your answer will help me tailor our conversations better!",Give me 1 sentence about the importance of learning English. Max 5 words.
demo-test-126,1024,22353,2025-07-10 10:15:08.000,5,"English enhances global communication. \n\nBy the way, what’s your favorite hobby? Your answer will help me tailor our conversations better!",Give me 1 sentence about the importance of learning English. Max 5 words.
demo-test-135,1024,22373,2025-07-10 10:15:08.000,5,"English enables global opportunities. \n\nBy the way, what learning method do you prefer? Your answer will help me tailor our future conversations!",Give me 1 sentence about the importance of learning English. Max 5 words.
demo-test-139,1024,22359,2025-07-10 10:15:08.000,5,"English enhances global communication skills! \n\nBy the way, what learning method do you prefer? Your answer will help me tailor our conversations better!",Give me 1 sentence about the importance of learning English. Max 5 words.
demo-test-141,1024,22364,2025-07-10 10:15:08.000,5,English is essential for communication! \n\nWhat learning method do you prefer? Your answer will help improve our future interactions!,Give me 1 sentence about the importance of learning English. Max 5 words.
demo-test-142,1024,22361,2025-07-10 10:15:08.000,5,English is essential for opportunities. \n\nWhat hobbies do you enjoy? Your answer will help me tailor our lessons to your interests!,Give me 1 sentence about the importance of learning English. Max 5 words.
demo-test-143,1024,22362,2025-07-10 10:15:08.000,5,"English enhances global communication. \n\nBy the way, what hobbies do you enjoy? Your answer will help me tailor our future conversations!",Give me 1 sentence about the importance of learning English. Max 5 words.
demo-test-146,1024,22369,2025-07-10 10:15:08.000,5,"English enhances global communication skills. \n\nBy the way, what's your favorite way to practice English? Your answer will help me tailor our conversations better!",Give me 1 sentence about the importance of learning English. Max 5 words.
demo-test-149,1024,22355,2025-07-10 10:15:08.000,5,"English enhances global communication! \n\nBy the way, what’s your favorite topic to discuss? Your answer will help me tailor our conversations better!",Give me 1 sentence about the importance of learning English. Max 5 words.
demo-test-156,1024,22357,2025-07-10 10:15:08.000,5,"English enhances global opportunities! By the way, what learning method do you prefer? Your answer will help me assist you better in the future.",Give me 1 sentence about the importance of learning English. Max 5 words.
demo-test-162,1024,22374,2025-07-10 10:15:08.000,5,"English enhances career and travel. \n\nBy the way, what learning method do you prefer? Your answer will help me personalize our future conversations!",Give me 1 sentence about the importance of learning English. Max 5 words.
demo-test-164,1024,22360,2025-07-10 10:15:08.000,5,"Learning English broadens your opportunities! \n\nBy the way, what learning method do you prefer? Your answer will help me tailor our interactions better!",Give me 1 sentence about the importance of learning English. Max 5 words.
demo-test-166,1024,22358,2025-07-10 10:15:08.000,5,"English is essential for success! By the way, what learning method do you prefer? Your answer will help me tailor our future conversations.",Give me 1 sentence about the importance of learning English. Max 5 words.
demo-test-168,1024,22368,2025-07-10 10:15:08.000,5,"Learning English expands global opportunities! By the way, what's your favorite hobby? Your answer will help me tailor our conversations better!",Give me 1 sentence about the importance of learning English. Max 5 words.
demo-test-173,1024,22370,2025-07-10 10:15:08.000,5,"English enhances global opportunities! \n\nBy the way, what learning method do you prefer? Your answer will help me support you better in future interactions!",Give me 1 sentence about the importance of learning English. Max 5 words.
demo-test-175,1024,22348,2025-07-10 10:15:08.000,5,"English enhances global opportunities. \n\nBy the way, what's your favorite topic to discuss? Your answer will help me tailor our chats better!",Give me 1 sentence about the importance of learning English. Max 5 words.
demo-test-176,1024,22354,2025-07-10 10:15:08.000,5,"English is essential for global opportunities! \n\nBy the way, what’s your favorite topic to discuss? Your answer will help me improve our future chats!",Give me 1 sentence about the importance of learning English. Max 5 words.
demo-test-177,1024,22371,2025-07-10 10:15:08.000,5,"Learning English expands global opportunities. \n\nBy the way, what hobbies do you enjoy? Your answer will help us connect better in future chats!",Give me 1 sentence about the importance of learning English. Max 5 words.
demo-test-180,1024,22350,2025-07-10 10:15:08.000,5,"English enhances global opportunities! \n\nBy the way, what learning method do you prefer? Your answer will help improve our future interactions!",Give me 1 sentence about the importance of learning English. Max 5 words.
demo-test-182,1024,22367,2025-07-10 10:15:08.000,5,"English is essential for global communication. By the way, what's your favorite topic to discuss? Your answer helps me tailor our lessons!",Give me 1 sentence about the importance of learning English. Max 5 words.
demo-test-184,1024,22376,2025-07-10 10:15:08.000,5,English enhances global opportunities! \n\nWhat’s your favorite topic to discuss? Your answer will help personalize our future chats!,Give me 1 sentence about the importance of learning English. Max 5 words.
demo-test-193,1024,22351,2025-07-10 10:15:08.000,5,"English enhances global communication. \n\nBy the way, what learning method do you prefer? Your answer will help improve our future interactions!",Give me 1 sentence about the importance of learning English. Max 5 words.
demo-test-195,1024,22366,2025-07-10 10:15:08.000,5,"English enhances global communication! \n\nBy the way, what learning method do you prefer? Your answer will help improve our future conversations!",Give me 1 sentence about the importance of learning English. Max 5 words.
demo-test-196,1024,22352,2025-07-10 10:15:08.000,5,"English enables global opportunity! \n\nBy the way, what learning method do you prefer? Your answer will help me tailor our lessons better!",Give me 1 sentence about the importance of learning English. Max 5 words.
demo-test-198,1024,22375,2025-07-10 10:15:08.000,5,"Learning English expands global opportunities! \n\nBy the way, what’s your favorite topic to discuss? Your answer will help me tailor our conversations better.",Give me 1 sentence about the importance of learning English. Max 5 words.
demo-test-199,1024,22372,2025-07-10 10:15:08.000,5,English enhances global communication! What’s your favorite way to practice English? Your answer helps me tailor our lessons better!,Give me 1 sentence about the importance of learning English. Max 5 words.
demo-test-104,1024,22383,2025-07-10 10:15:09.000,5,"Learning English broadens opportunities globally. By the way, what's your favorite way to practice English? Your answer helps me support you better!",Give me 1 sentence about the importance of learning English. Max 5 words.
demo-test-106,1024,22401,2025-07-10 10:15:09.000,5,"English enhances communication worldwide! \n\nBy the way, what's your favorite topic to discuss? Your answer will help me tailor our conversations better!",Give me 1 sentence about the importance of learning English. Max 5 words.
demo-test-110,1024,22391,2025-07-10 10:15:09.000,5,"English enhances global communication. \n\nBy the way, what is your favorite topic to discuss? Your answer will help me tailor our future conversations!",Give me 1 sentence about the importance of learning English. Max 5 words.
demo-test-112,1024,22400,2025-07-10 10:15:09.000,5,"English enhances global communication skills! \n\nBy the way, what learning method do you prefer? Your answer will help me improve our future interactions!",Give me 1 sentence about the importance of learning English. Max 5 words.
demo-test-116,1024,22380,2025-07-10 10:15:09.000,5,"English enhances global opportunities! \n\nBy the way, what learning method do you prefer? Your answer helps me tailor our future conversations!",Give me 1 sentence about the importance of learning English. Max 5 words.
demo-test-117,1024,22399,2025-07-10 10:15:09.000,5,"English is essential for global opportunities. \n\nBy the way, what learning method do you prefer? Your answer will help improve our future conversations!",Give me 1 sentence about the importance of learning English. Max 5 words.
demo-test-122,1024,22390,2025-07-10 10:15:09.000,5,"English is essential for opportunities! \n\nBy the way, what is your favorite topic to discuss? Your answer will help me tailor our future conversations!",Give me 1 sentence about the importance of learning English. Max 5 words.
demo-test-125,1024,22403,2025-07-10 10:15:09.000,5,"English enhances opportunities worldwide! \n\nBy the way, what learning method do you prefer? Your answer will help me tailor our interactions better!",Give me 1 sentence about the importance of learning English. Max 5 words.
demo-test-127,1024,22404,2025-07-10 10:15:09.000,5,"English is essential for global communication. By the way, what learning method do you prefer? Your answer helps me improve our chats!",Give me 1 sentence about the importance of learning English. Max 5 words.
demo-test-130,1024,22393,2025-07-10 10:15:09.000,5,"Learning English enhances global communication. \n\nBy the way, what hobbies do you enjoy? Your answer will help me tailor our conversations better!",Give me 1 sentence about the importance of learning English. Max 5 words.
demo-test-140,1024,22387,2025-07-10 10:15:09.000,5,"English enhances global communication! \n\nBy the way, what learning method do you prefer? Your answer will help improve our future interactions!",Give me 1 sentence about the importance of learning English. Max 5 words.
demo-test-144,1024,22382,2025-07-10 10:15:09.000,5,"English enhances global understanding. \n\nBy the way, what's your favorite topic to discuss? Your answer will help me tailor our conversations better!",Give me 1 sentence about the importance of learning English. Max 5 words.
demo-test-145,1024,22397,2025-07-10 10:15:09.000,5,"English enhances global opportunities.  \n\nBy the way, what learning method do you prefer? Your answer will help improve our future interactions!",Give me 1 sentence about the importance of learning English. Max 5 words.
demo-test-147,1024,22406,2025-07-10 10:15:09.000,5,"Learning English expands opportunities! By the way, what hobbies do you enjoy? Your answer will help improve our future conversations!",Give me 1 sentence about the importance of learning English. Max 5 words.
demo-test-148,1024,22394,2025-07-10 10:15:09.000,5,"English enhances global opportunities. \n\nBy the way, what learning method do you prefer? Your answer will help me tailor our future conversations!",Give me 1 sentence about the importance of learning English. Max 5 words.
demo-test-150,1024,22381,2025-07-10 10:15:09.000,5,English is essential for global interaction. What hobbies do you enjoy? Your answer will help me tailor our conversations better!,Give me 1 sentence about the importance of learning English. Max 5 words.
demo-test-154,1024,22388,2025-07-10 10:15:09.000,5,"English is essential for success. \n\nBy the way, what’s your favorite topic to discuss? Your answer will help me tailor our conversations better!",Give me 1 sentence about the importance of learning English. Max 5 words.
demo-test-159,1024,22386,2025-07-10 10:15:09.000,5,"English enhances global opportunities. \n\nBy the way, what's your favorite way to study? Your answer will help me tailor our future conversations!",Give me 1 sentence about the importance of learning English. Max 5 words.
demo-test-160,1024,22384,2025-07-10 10:15:09.000,5,"English enhances career opportunities. \n\nBy the way, what learning method do you prefer? Your answer will help me improve our future interactions!",Give me 1 sentence about the importance of learning English. Max 5 words.
demo-test-163,1024,22396,2025-07-10 10:15:09.000,5,"English enhances global opportunities. \n\nBy the way, what’s your favorite topic to discuss? Your answer helps me tailor our conversations better!",Give me 1 sentence about the importance of learning English. Max 5 words.
demo-test-165,1024,22395,2025-07-10 10:15:09.000,5,"English is essential for global opportunities. \n\nBy the way, what's your favorite topic to discuss? Your answer helps improve our future chats!",Give me 1 sentence about the importance of learning English. Max 5 words.
demo-test-169,1024,22405,2025-07-10 10:15:09.000,5,"English is essential for global opportunities! By the way, what's your favorite topic to discuss? Your answer will help improve our chats!",Give me 1 sentence about the importance of learning English. Max 5 words.
demo-test-178,1024,22402,2025-07-10 10:15:09.000,5,"English is essential for global communication! \n\nBy the way, what's your favorite topic to discuss? Your answer will help me tailor our conversations better!",Give me 1 sentence about the importance of learning English. Max 5 words.
demo-test-181,1024,22389,2025-07-10 10:15:09.000,5,"English enhances global communication. \n\nBy the way, what is your favorite topic to discuss? Your answer helps me improve our future chats!",Give me 1 sentence about the importance of learning English. Max 5 words.
demo-test-183,1024,22392,2025-07-10 10:15:09.000,5,"English enhances global opportunities. \n\nBy the way, what's your favorite hobby? Your answer will help me tailor our conversations better!",Give me 1 sentence about the importance of learning English. Max 5 words.
demo-test-186,1024,22385,2025-07-10 10:15:09.000,5,"English is essential for success. \n\nBy the way, what’s your favorite topic to discuss? Your answer will help me tailor our future conversations!",Give me 1 sentence about the importance of learning English. Max 5 words.
demo-test-189,1024,22398,2025-07-10 10:15:09.000,5,"English enhances global communication. \n\nBy the way, what’s your favorite topic to discuss? Your answer helps me personalize our future chats!",Give me 1 sentence about the importance of learning English. Max 5 words.
demo-test-111,1024,22408,2025-07-10 10:15:10.000,5,"English is essential for opportunities! \n\nBy the way, what is your favorite topic to discuss? Your answer will help me understand you better!",Give me 1 sentence about the importance of learning English. Max 5 words.
demo-test-114,1024,22411,2025-07-10 10:15:10.000,5,"Learning English enhances global opportunities! \n\nBy the way, what's your favorite hobby? Your answer will help me tailor our conversations better!",Give me 1 sentence about the importance of learning English. Max 5 words.
demo-test-115,1024,22420,2025-07-10 10:15:10.000,5,"English enhances communication opportunities. \n\nBy the way, what learning method do you prefer? Your answer will help improve our interactions in the future!",Give me 1 sentence about the importance of learning English. Max 5 words.
demo-test-118,1024,22422,2025-07-10 10:15:10.000,5,"English enhances global communication skills. \n\nBy the way, what learning method do you prefer? Your answer helps me tailor our sessions to suit you better!",Give me 1 sentence about the importance of learning English. Max 5 words.
demo-test-128,1024,22407,2025-07-10 10:15:10.000,5,"English enhances global communication! \n\nBy the way, what's your favorite topic to discuss? Your answer will help me tailor our future conversations!",Give me 1 sentence about the importance of learning English. Max 5 words.
demo-test-129,1024,22412,2025-07-10 10:15:10.000,5,"English enhances global opportunities! By the way, what’s your favorite topic to discuss? Your answer helps me tailor our future chats!",Give me 1 sentence about the importance of learning English. Max 5 words.
demo-test-131,1024,22423,2025-07-10 10:15:10.000,5,"English enhances career opportunities! \n\nBy the way, what learning method do you prefer? Your answer will help me tailor our future interactions!",Give me 1 sentence about the importance of learning English. Max 5 words.
demo-test-132,1024,22426,2025-07-10 10:15:10.000,5,English is essential for communication. \n\nWhat’s your favorite way to practice English? Your answer will help me improve our future interactions!,Give me 1 sentence about the importance of learning English. Max 5 words.
demo-test-134,1024,22427,2025-07-10 10:15:10.000,5,"English enhances career and education. \n\nBy the way, what learning method do you prefer? Your answer will help me tailor our future conversations!",Give me 1 sentence about the importance of learning English. Max 5 words.
demo-test-136,1024,22421,2025-07-10 10:15:10.000,5,Learning English enhances global communication. What hobbies do you enjoy? Your answer helps me tailor our lessons to your interests!,Give me 1 sentence about the importance of learning English. Max 5 words.
demo-test-151,1024,22428,2025-07-10 10:15:10.000,5,"English enhances global opportunities! \n\nBy the way, what is your favorite topic to discuss? Your answer will help me tailor our lessons better!",Give me 1 sentence about the importance of learning English. Max 5 words.
demo-test-152,1024,22419,2025-07-10 10:15:10.000,5,English enhances global opportunities. What hobbies do you enjoy? Your answer helps me tailor our chats for you!,Give me 1 sentence about the importance of learning English. Max 5 words.
demo-test-153,1024,22413,2025-07-10 10:15:10.000,5,"English broadens career opportunities! \n\nBy the way, what learning method do you prefer? Your answer will help improve our future interactions!",Give me 1 sentence about the importance of learning English. Max 5 words.
demo-test-167,1024,22418,2025-07-10 10:15:10.000,5,"English enhances career and travel! \n\nBy the way, what’s your favorite topic to discuss? Your answer will help me improve our future interactions!",Give me 1 sentence about the importance of learning English. Max 5 words.
demo-test-170,1024,22414,2025-07-10 10:15:10.000,5,"English enhances communication opportunities! \n\nBy the way, what learning method do you prefer? Your answer will help improve our future conversations!",Give me 1 sentence about the importance of learning English. Max 5 words.
demo-test-171,1024,22425,2025-07-10 10:15:10.000,5,"English enhances opportunities globally! \n\nBy the way, what's your favorite way to practice English? Your answer will help me assist you better in the future!",Give me 1 sentence about the importance of learning English. Max 5 words.
demo-test-172,1024,22416,2025-07-10 10:15:10.000,5,"English is essential for success. \n\nBy the way, what learning method do you prefer? Your answer will help me improve our future interactions!",Give me 1 sentence about the importance of learning English. Max 5 words.
demo-test-185,1024,22410,2025-07-10 10:15:10.000,5,"English enhances global opportunities! \n\nBy the way, what learning method do you prefer? Your answer will help me tailor our future conversations!",Give me 1 sentence about the importance of learning English. Max 5 words.
demo-test-187,1024,22417,2025-07-10 10:15:10.000,5,"English enhances career opportunities! \n\nBy the way, what learning method do you prefer? Your answer will help improve our future interactions.",Give me 1 sentence about the importance of learning English. Max 5 words.
demo-test-188,1024,22424,2025-07-10 10:15:10.000,5,"English enhances global opportunities. \n\nBy the way, what is your favorite hobby? Your answer will help me improve our future conversations!",Give me 1 sentence about the importance of learning English. Max 5 words.
demo-test-190,1024,22415,2025-07-10 10:15:10.000,5,"English is essential for communication! \n\nBy the way, what is your favorite topic to discuss? Your answer will help me tailor our future conversations!",Give me 1 sentence about the importance of learning English. Max 5 words.
demo-test-200,1024,22409,2025-07-10 10:15:10.000,5,"English enhances global communication. \n\nBy the way, what learning method do you prefer? Your answer will help improve our future chats!",Give me 1 sentence about the importance of learning English. Max 5 words.
demo-test-133,1024,22429,2025-07-10 10:15:11.000,5,"English is essential for opportunities. \n\nBy the way, what’s your favorite topic to discuss? Your answer will help me assist you better in the future!",Give me 1 sentence about the importance of learning English. Max 5 words.
demo-test-194,1024,22431,2025-07-10 10:15:13.000,5,"English is essential for opportunities! \n\nBy the way, what is your favorite topic to discuss? Your answer will help me tailor our conversations better!",Give me 1 sentence about the importance of learning English. Max 5 words.
demo-test-102,1001,22433,2025-07-10 10:15:15.000,6,English is key for success! It helps in many jobs and travels. \n\nWhat job do you want?,Give me 1 sentence about the importance of learning English. Max 5 words.
demo-test-138,1001,22434,2025-07-10 10:15:15.000,6,English is important for travel. \n\nWhat country do you want to visit that speaks English?,Give me 1 sentence about the importance of learning English. Max 5 words.
demo-test-119,1001,22435,2025-07-10 10:15:16.000,6,English is important for travel. \n\nWhere would you like to travel?,Give me 1 sentence about the importance of learning English. Max 5 words.
demo-test-174,1001,22436,2025-07-10 10:15:17.000,6,English improves education and knowledge!  \n\nWhat do you enjoy learning most in English?,Give me 1 sentence about the importance of learning English. Max 5 words.
demo-test-168,1001,22437,2025-07-10 10:15:18.000,6,English helps you understand cultures! \n\nWhat culture interests you the most?,Give me 1 sentence about the importance of learning English. Max 5 words.
demo-test-107,1001,22438,2025-07-10 10:15:19.000,6,English is essential for success. \n\nWhat is your favorite English word?,Give me 1 sentence about the importance of learning English. Max 5 words.
demo-test-145,1001,22439,2025-07-10 10:15:19.000,6,English is useful for travel.  \n\nWhere would you like to travel?,Give me 1 sentence about the importance of learning English. Max 5 words.
demo-test-155,1001,22446,2025-07-10 10:15:19.000,6,English helps you understand cultures! \n\nWhat culture are you interested in?,Give me 1 sentence about the importance of learning English. Max 5 words.
demo-test-159,1001,22445,2025-07-10 10:15:19.000,6,English is important for travel. \n\nDo you like traveling? Where have you been?,Give me 1 sentence about the importance of learning English. Max 5 words.
demo-test-177,1001,22441,2025-07-10 10:15:19.000,6,"English helps you travel easily. \n\nIf you could travel anywhere, where would you go?",Give me 1 sentence about the importance of learning English. Max 5 words.
demo-test-191,1001,22447,2025-07-10 10:15:19.000,6,English helps you share ideas! What topics do you like to talk about?,Give me 1 sentence about the importance of learning English. Max 5 words.
demo-test-192,1001,22443,2025-07-10 10:15:19.000,6,English is useful for travel! \n\nWhere would you like to travel?,Give me 1 sentence about the importance of learning English. Max 5 words.
demo-test-193,1001,22440,2025-07-10 10:15:19.000,6,English is important for education. \n\nWhat subject do you like most in school?,Give me 1 sentence about the importance of learning English. Max 5 words.
demo-test-196,1001,22442,2025-07-10 10:15:19.000,6,English opens many job doors! \n\nWhat job do you dream of?,Give me 1 sentence about the importance of learning English. Max 5 words.
demo-test-197,1001,22444,2025-07-10 10:15:19.000,6,English helps you make friends! \n\nDo you have friends who speak English?,Give me 1 sentence about the importance of learning English. Max 5 words.
demo-test-108,1001,22451,2025-07-10 10:15:20.000,6,English is key for communication!\n\nWhat do you enjoy most about learning English?,Give me 1 sentence about the importance of learning English. Max 5 words.
demo-test-125,1001,22448,2025-07-10 10:15:20.000,6,English is important for communication! \n\nWhat do you want to learn today?,Give me 1 sentence about the importance of learning English. Max 5 words.
demo-test-126,1001,22453,2025-07-10 10:15:20.000,6,English is useful for studies!\n\nWhat subjects do you enjoy most?,Give me 1 sentence about the importance of learning English. Max 5 words.
demo-test-127,1001,22457,2025-07-10 10:15:20.000,6,English helps you understand culture. \n\nWhat culture interests you the most?,Give me 1 sentence about the importance of learning English. Max 5 words.
demo-test-137,1001,22456,2025-07-10 10:15:20.000,6,English opens job opportunities worldwide.\n\nWhat job do you dream of?,Give me 1 sentence about the importance of learning English. Max 5 words.
demo-test-163,1001,22455,2025-07-10 10:15:20.000,6,English helps you travel easily. \n\nWhere do you want to travel?,Give me 1 sentence about the importance of learning English. Max 5 words.
demo-test-184,1001,22452,2025-07-10 10:15:20.000,6,English allows you to travel! \n\nWhere do you want to travel?,Give me 1 sentence about the importance of learning English. Max 5 words.
demo-test-185,1001,22454,2025-07-10 10:15:20.000,6,English is important for travel! \n\nWhat place do you want to visit that speaks English?,Give me 1 sentence about the importance of learning English. Max 5 words.
demo-test-186,1001,22449,2025-07-10 10:15:20.000,6,English helps you travel easily. \n\nWhere would you like to travel?,Give me 1 sentence about the importance of learning English. Max 5 words.
demo-test-200,1001,22450,2025-07-10 10:15:20.000,6,English helps you make friends! \n\nWho is your best friend?,Give me 1 sentence about the importance of learning English. Max 5 words.
demo-test-103,1001,22460,2025-07-10 10:15:21.000,6,English is important for travel. \n\nWhat countries would you like to visit?,Give me 1 sentence about the importance of learning English. Max 5 words.
demo-test-106,1001,22461,2025-07-10 10:15:21.000,6,English connects people everywhere! \n\nWhat do you enjoy doing in your free time?,Give me 1 sentence about the importance of learning English. Max 5 words.
demo-test-124,1001,22464,2025-07-10 10:15:21.000,6,English is essential for opportunities! \n\nWhat is your favorite English song?,Give me 1 sentence about the importance of learning English. Max 5 words.
demo-test-156,1001,22462,2025-07-10 10:15:21.000,6,English is important for jobs! What job do you want in the future?,Give me 1 sentence about the importance of learning English. Max 5 words.
demo-test-160,1001,22458,2025-07-10 10:15:21.000,6,English is key for communication. \n\nWhat do you enjoy doing in English?,Give me 1 sentence about the importance of learning English. Max 5 words.
demo-test-176,1001,22465,2025-07-10 10:15:21.000,6,English helps you travel easily! \n\nDo you have a favorite place you want to visit?,Give me 1 sentence about the importance of learning English. Max 5 words.
demo-test-188,1001,22463,2025-07-10 10:15:21.000,6,English is useful for travel.\n\nWhere would you like to travel?,Give me 1 sentence about the importance of learning English. Max 5 words.
demo-test-195,1001,22459,2025-07-10 10:15:21.000,6,English helps in many countries! \n\nWhat is your favorite English word?,Give me 1 sentence about the importance of learning English. Max 5 words.
demo-test-114,1001,22470,2025-07-10 10:15:22.000,6,English helps you understand cultures! \n\nWhat culture are you interested in?,Give me 1 sentence about the importance of learning English. Max 5 words.
demo-test-135,1001,22469,2025-07-10 10:15:22.000,6,English is important for travel. \n\nWhat country would you like to visit?,Give me 1 sentence about the importance of learning English. Max 5 words.
demo-test-157,1001,22472,2025-07-10 10:15:22.000,6,English is key for travel! \n\nWhere would you like to travel?,Give me 1 sentence about the importance of learning English. Max 5 words.
demo-test-169,1001,22467,2025-07-10 10:15:22.000,6,English helps you connect globally! \n\nWhat country do you want to visit?,Give me 1 sentence about the importance of learning English. Max 5 words.
demo-test-171,1001,22468,2025-07-10 10:15:22.000,6,English opens many job doors!\n\nWhat job do you want in the future?,Give me 1 sentence about the importance of learning English. Max 5 words.
demo-test-178,1001,22471,2025-07-10 10:15:22.000,6,English connects people across cultures! \n\nWhat is your favorite English word?,Give me 1 sentence about the importance of learning English. Max 5 words.
demo-test-181,1001,22466,2025-07-10 10:15:22.000,6,English is useful for travel! \n\nWhat country do you want to visit?,Give me 1 sentence about the importance of learning English. Max 5 words.
demo-test-105,1001,22483,2025-07-10 10:15:23.000,6,English opens doors to success! \n\nWhat do you want to learn next in English?,Give me 1 sentence about the importance of learning English. Max 5 words.
demo-test-110,1001,22477,2025-07-10 10:15:23.000,6,English improves your travel experience.  \n\nWhere do you want to travel someday?,Give me 1 sentence about the importance of learning English. Max 5 words.
demo-test-115,1001,22473,2025-07-10 10:15:23.000,6,English is key for travel.\n\nDo you like to travel? Where do you want to go?,Give me 1 sentence about the importance of learning English. Max 5 words.
demo-test-116,1001,22479,2025-07-10 10:15:23.000,6,English is essential for success! \n\nWhat is your favorite English word?,Give me 1 sentence about the importance of learning English. Max 5 words.
demo-test-117,1001,22481,2025-07-10 10:15:23.000,6,English opens doors to success!\n\nWhat is your favorite English phrase?,Give me 1 sentence about the importance of learning English. Max 5 words.
demo-test-129,1001,22474,2025-07-10 10:15:23.000,6,English is essential for success! What do you want to achieve with your English skills?,Give me 1 sentence about the importance of learning English. Max 5 words.
demo-test-131,1001,22484,2025-07-10 10:15:23.000,6,English is key for travel! \n\nWhere would you like to travel using your English skills?,Give me 1 sentence about the importance of learning English. Max 5 words.
demo-test-146,1001,22478,2025-07-10 10:15:23.000,6,English is important for success. \n\nWhat is your favorite English activity?,Give me 1 sentence about the importance of learning English. Max 5 words.
demo-test-158,1001,22482,2025-07-10 10:15:23.000,6,English opens job opportunities! \n\nWhat job do you want in the future?,Give me 1 sentence about the importance of learning English. Max 5 words.
demo-test-175,1001,22480,2025-07-10 10:15:23.000,6,English is important for travel. \n\nWhere would you like to travel?,Give me 1 sentence about the importance of learning English. Max 5 words.
demo-test-190,1001,22476,2025-07-10 10:15:23.000,6,English helps you travel easily! \n\nWhere would you like to travel?,Give me 1 sentence about the importance of learning English. Max 5 words.
demo-test-194,1001,22475,2025-07-10 10:15:23.000,6,English helps you find jobs!\n\nWhat job do you want in the future?,Give me 1 sentence about the importance of learning English. Max 5 words.
demo-test-118,1001,22485,2025-07-10 10:15:24.000,6,English is useful for travel. \n\nWhat country do you want to visit?,Give me 1 sentence about the importance of learning English. Max 5 words.
demo-test-139,1001,22487,2025-07-10 10:15:24.000,6,English opens doors to success! \n\nWhat is your favorite English topic to talk about?,Give me 1 sentence about the importance of learning English. Max 5 words.
demo-test-161,1001,22488,2025-07-10 10:15:24.000,6,English helps make new friends. \n\nWho is your best friend?,Give me 1 sentence about the importance of learning English. Max 5 words.
demo-test-199,1001,22486,2025-07-10 10:15:24.000,6,English is a global language! It connects us all. What do you want to learn next?,Give me 1 sentence about the importance of learning English. Max 5 words.
demo-test-112,1001,22492,2025-07-10 10:15:25.000,6,English opens doors to success! \n\nWhat do you want to achieve by learning English?,Give me 1 sentence about the importance of learning English. Max 5 words.
demo-test-113,1001,22495,2025-07-10 10:15:25.000,6,English opens many opportunities! \n\nWhat is your favorite English word?,Give me 1 sentence about the importance of learning English. Max 5 words.
demo-test-121,1001,22503,2025-07-10 10:15:25.000,6,English is important for success!\n\nWhat’s your favorite English word?,Give me 1 sentence about the importance of learning English. Max 5 words.
demo-test-140,1001,22508,2025-07-10 10:15:25.000,6,English is vital for success! \n\nWhat is your favorite English word?,Give me 1 sentence about the importance of learning English. Max 5 words.
demo-test-141,1001,22494,2025-07-10 10:15:25.000,6,English is key for travel! \n\nWhere would you like to travel?,Give me 1 sentence about the importance of learning English. Max 5 words.
demo-test-142,1001,22502,2025-07-10 10:15:25.000,6,English allows global communication easily. \n\nWhat is your favorite English phrase?,Give me 1 sentence about the importance of learning English. Max 5 words.
demo-test-144,1001,22496,2025-07-10 10:15:25.000,6,English connects people around the world. \n\nWhat do you enjoy most about learning English?,Give me 1 sentence about the importance of learning English. Max 5 words.
demo-test-149,1001,22500,2025-07-10 10:15:25.000,6,English is key for travel! \n\nWhat country would you like to visit?,Give me 1 sentence about the importance of learning English. Max 5 words.
demo-test-153,1001,22506,2025-07-10 10:15:25.000,6,English is essential for communication! \n\nWhat is your favorite English phrase?,Give me 1 sentence about the importance of learning English. Max 5 words.
demo-test-154,1001,22504,2025-07-10 10:15:25.000,6,English improves travel experiences. \n\nWhere would you like to travel?,Give me 1 sentence about the importance of learning English. Max 5 words.
demo-test-162,1001,22493,2025-07-10 10:15:25.000,6,English connects cultures and ideas. \n\nWhat is your favorite English phrase?,Give me 1 sentence about the importance of learning English. Max 5 words.
demo-test-165,1001,22507,2025-07-10 10:15:25.000,6,English helps in many jobs. \n\nWhat job do you want in the future?,Give me 1 sentence about the importance of learning English. Max 5 words.
demo-test-166,1001,22505,2025-07-10 10:15:25.000,6,English opens up many opportunities! \n\nWhat opportunity do you want most?,Give me 1 sentence about the importance of learning English. Max 5 words.
demo-test-167,1001,22490,2025-07-10 10:15:25.000,6,English helps you make friends! \n\nWhat kind of friends do you want to meet?,Give me 1 sentence about the importance of learning English. Max 5 words.
demo-test-170,1001,22491,2025-07-10 10:15:25.000,6,English is key to success! \n\nWhat do you enjoy most about learning English?,Give me 1 sentence about the importance of learning English. Max 5 words.
demo-test-180,1001,22497,2025-07-10 10:15:25.000,6,English is essential for travel! \n\nWhat places would you like to visit?,Give me 1 sentence about the importance of learning English. Max 5 words.
demo-test-182,1001,22509,2025-07-10 10:15:25.000,6,English is important for travel. \n\nWhere would you like to travel?,Give me 1 sentence about the importance of learning English. Max 5 words.
demo-test-183,1001,22501,2025-07-10 10:15:25.000,6,English is essential for travel. \n\nDo you have a favorite English phrase or song?,Give me 1 sentence about the importance of learning English. Max 5 words.
demo-test-187,1001,22498,2025-07-10 10:15:25.000,6,English helps in travel adventures! \n\nWhat places do you want to visit?,Give me 1 sentence about the importance of learning English. Max 5 words.
demo-test-189,1001,22489,2025-07-10 10:15:25.000,6,English is important for jobs. \n\nWhat job do you want in the future?,Give me 1 sentence about the importance of learning English. Max 5 words.
demo-test-198,1001,22499,2025-07-10 10:15:25.000,6,English helps you understand cultures! \n\nWhat culture are you curious about?,Give me 1 sentence about the importance of learning English. Max 5 words.
demo-test-111,1001,22514,2025-07-10 10:15:26.000,6,English helps you make friends! \n\nWhat kind of friends do you want to meet?,Give me 1 sentence about the importance of learning English. Max 5 words.
demo-test-123,1001,22513,2025-07-10 10:15:26.000,6,English is essential for success! \n\nWhat is your favorite English word?,Give me 1 sentence about the importance of learning English. Max 5 words.
demo-test-128,1001,22517,2025-07-10 10:15:26.000,6,English opens many job doors! \n\nWhat job do you want in the future?,Give me 1 sentence about the importance of learning English. Max 5 words.
demo-test-130,1001,22512,2025-07-10 10:15:26.000,6,English helps in many countries. \n\nWhat countries do you want to visit?,Give me 1 sentence about the importance of learning English. Max 5 words.
demo-test-133,1001,22516,2025-07-10 10:15:26.000,6,English helps you understand cultures. \n\nWhat culture interests you the most?,Give me 1 sentence about the importance of learning English. Max 5 words.
demo-test-147,1001,22518,2025-07-10 10:15:26.000,6,English helps you understand cultures! What culture are you most interested in?,Give me 1 sentence about the importance of learning English. Max 5 words.
demo-test-148,1001,22511,2025-07-10 10:15:26.000,6,English is important for travel. \n\nWhere would you like to travel?,Give me 1 sentence about the importance of learning English. Max 5 words.
demo-test-172,1001,22515,2025-07-10 10:15:26.000,6,English opens doors to jobs. \n\nWhat job do you dream of?,Give me 1 sentence about the importance of learning English. Max 5 words.
demo-test-173,1001,22510,2025-07-10 10:15:26.000,6,"English is vital for communication! \n\nWhat do you enjoy doing in English? Reading, speaking, or listening?",Give me 1 sentence about the importance of learning English. Max 5 words.
demo-test-104,1001,22519,2025-07-10 10:15:27.000,6,English is important for travel! Where would you like to travel?,Give me 1 sentence about the importance of learning English. Max 5 words.
demo-test-120,1001,22523,2025-07-10 10:15:27.000,6,English opens doors to success! \n\nWhat do you want to achieve with your English skills?,Give me 1 sentence about the importance of learning English. Max 5 words.
demo-test-132,1001,22525,2025-07-10 10:15:27.000,6,English opens up job opportunities! \n\nWhat job do you dream of?,Give me 1 sentence about the importance of learning English. Max 5 words.
demo-test-134,1001,22526,2025-07-10 10:15:27.000,6,English is key for success. \n\nWhat is your favorite English word so far?,Give me 1 sentence about the importance of learning English. Max 5 words.
demo-test-143,1001,22522,2025-07-10 10:15:27.000,6,English improves study opportunities abroad. \n\nWhat subject do you like most in school?,Give me 1 sentence about the importance of learning English. Max 5 words.
demo-test-150,1001,22524,2025-07-10 10:15:27.000,6,English is important for travel. \n\nWhere would you like to travel?,Give me 1 sentence about the importance of learning English. Max 5 words.
demo-test-151,1001,22521,2025-07-10 10:15:27.000,6,English opens many career paths! \n\nWhat job do you want in the future?,Give me 1 sentence about the importance of learning English. Max 5 words.
demo-test-179,1001,22520,2025-07-10 10:15:27.000,6,English helps in travel and work.\n\nWhat country would you like to visit?,Give me 1 sentence about the importance of learning English. Max 5 words.
demo-test-109,1001,22527,2025-07-10 10:15:28.000,6,English helps you understand cultures! \n\nWhat culture interests you the most?,Give me 1 sentence about the importance of learning English. Max 5 words.
demo-test-136,1001,22528,2025-07-10 10:15:29.000,6,English is important for travel! Where would you like to travel?,Give me 1 sentence about the importance of learning English. Max 5 words.
demo-test-152,1001,22529,2025-07-10 10:15:29.000,6,English is important for travel. \n\nWhere would you like to travel?,Give me 1 sentence about the importance of learning English. Max 5 words.
demo-test-122,1001,22531,2025-07-10 10:15:31.000,6,English helps you travel easily! \n\nDo you like to travel? Where do you want to go?,Give me 1 sentence about the importance of learning English. Max 5 words.
demo-test-164,1001,22530,2025-07-10 10:15:31.000,6,English is important for travel!\n\nWhere do you want to travel?,Give me 1 sentence about the importance of learning English. Max 5 words.
demo-test-101,1001,22532,2025-07-10 10:15:32.000,6,English is important for jobs. \n\nWhat job do you want in the future?,Give me 1 sentence about the importance of learning English. Max 5 words.
demo-test-1,1001,22546,2025-07-13 09:05:32.000,9,I don’t know your hobby yet! What do you enjoy doing in your free time? ?,What is my hobby?
demo-test-1,1001,22547,2025-07-13 16:08:40.000,10,My name is Japi! I’m your English tutor. What’s your name? ?,What is your name?
demo-test-1,1001,22548,2025-07-13 16:09:07.000,11,My name is Japi! I'm here to help you learn English. What's your name? ?,What is your name?
demo-test-3,1001,34785,2025-07-15 01:19:45.000,1,"Hello, demo-test-3! Great to see you again! ? Yesterday, we talked about the importance of learning English. Your vocabulary and grammar are improving! What topic would you like to discuss today? Maybe travel, food, or hobbies? Your choice! ?",NULL
demo-test-3,1001,37293,2025-07-15 01:22:58.000,6,My name is Japi! I’m excited to help you learn English! ? What do you like to do in your free time?,What is your name?
demo-test-3,1001,37559,2025-07-15 01:23:27.000,6,My name is Japi! I love teaching English! ? What about you? What do you like to do in your free time? ?,What is your name?
demo-test-3,1001,37776,2025-07-15 01:23:50.000,6,My name is Japi! I'm excited to teach you English! ? What do you like to do in your free time? ?,What is your name?
demo-test-3,1001,38736,2025-07-15 01:25:37.000,6,My name is Japi! I'm excited to learn with you! ? What's your name? Do you have a favorite animal? ??,What is your name?
demo-test-1,1001,31057,2025-07-15 08:16:15.000,12,My name is Japi! I'm your English tutor. What's your name? ?,What is your name?
demo-test-3,1001,35163,2025-07-15 08:20:06.000,2,My name is Japi! I’m your fun English tutor! ? What’s your name? Do you have a favorite color? ?,What is your name?
demo-test-3,1001,35506,2025-07-15 08:20:25.000,3,My name is Japi! I'm here to help you learn English and have fun! ? What about you? What is your name? Do you like learning English? ?,What is your name?
demo-test-3,1001,36307,2025-07-15 08:21:15.000,4,"My name is Japi! I’m your English tutor. ? What’s your name? Do you like any hobbies, like reading or playing games? ?",What is your name?
demo-test-3,1024,37039,2025-07-15 08:22:31.000,5,My name is Japi! ? What's your favorite topic to discuss? Your answer will help me improve our conversations!,What is your name?
demo-test-3,1001,121356,2025-07-15 13:57:02.000,6,"It looks like you typed ""pp."" Perhaps you meant to say something else? You could say ""I like..."" or ask a question! What do you want to share? ?",pp
demo-test-3,1001,121357,2025-07-15 13:57:16.000,7,"It seems like you typed ""op."" Maybe you wanted to say something more? You could say ""I like playing"" or ""What is your favorite?"" What do you want to talk about? ?",op
demo-test-70,1001,121501,2025-07-16 10:47:18.000,6,English connects people worldwide for business and travel. It's like a magic key! ? What do you think is your favorite English word?,Why do you think English has become the most widely spoken second language in the world?
demo-test-70,1001,121504,2025-07-16 10:52:14.000,7,"English is popular because it is used in movies, music, and the internet. It’s fun to learn! ? What is your favorite English song?",Why do you think English has become the most widely spoken second language in the world?
demo-test-70,1001,121508,2025-07-16 10:55:33.000,8,English is widely spoken because it helps people communicate in business and travel. It's like a bridge! ? What do you like about learning English?,Why do you think English has become the most widely spoken second language in the world?
demo-test-70,1001,121509,2025-07-16 10:56:25.000,9,English is popular because it is used in many countries and cultures. It helps us share ideas! ? What do you think is the best way to practice English?,Why do you think English has become the most widely spoken second language in the world?
demo-test-70,1001,121510,2025-07-16 10:56:51.000,10,"English is widely spoken because it is the language of technology, science, and entertainment. It brings people together! ? What is your favorite movie in English?",Why do you think English has become the most widely spoken second language in the world?
demo-test-70,1001,121511,2025-07-16 10:58:03.000,11,"English is popular because it is used in business, travel, and online. It connects many people! ? Do you like watching English movies or shows?",Why do you think English has become the most widely spoken second language in the world?
demo-test-70,1001,121513,2025-07-16 11:02:41.000,12,"English is widely spoken because it is used in trade, travel, and the internet. It helps us connect! ? What do you enjoy most about learning English?",Why do you think English has become the most widely spoken second language in the world?
demo-test-70,1001,121514,2025-07-16 11:08:30.000,13,English helps us make friends! ? What do you think about that?,Send me 1 short sentence
demo-test-70,1001,121515,2025-07-16 11:19:55.000,14,Learning English is fun! ? What do you think makes it fun?,Send me 1 short sentence
demo-test-70,1001,121516,2025-07-16 11:21:22.000,15,English opens doors to the world! ? What door do you want to open?,Send me 1 short sentence
demo-test-70,1001,121517,2025-07-16 11:21:48.000,16,English is a key to many cultures! ? What culture interests you the most?,Send me 1 short sentence
demo-test-51,1001,121518,2025-07-16 11:26:48.000,10,1. Once a cat ? found a treasure. It was full of fish! The cat shared with friends. \n\n2. A frog ? wanted to fly. It jumped high and reached a leaf! The frog was very happy. \n\n3. A bird ? sang beautifully. All the animals listened. They danced in the sunshine! \n\nWhich tale do you like best?,"Give me 3 tales with 3 different emojis, max 3 sentences."
demo-test-52,1001,121520,2025-07-16 11:26:48.000,11,"1. ? A girl traveled the world. She met friends everywhere! They spoke English together.\n\n2. ? A dog loved to bark. It learned English commands. Now, it’s a happy pup!\n\n3. ? A student studied hard. English helped him pass! He smiled with joy.","Give me 3 tales with 3 different emojis, max 3 sentences."
demo-test-60,1001,121519,2025-07-16 11:26:48.000,6,"1. ? The lion is brave. He protects his friends in the jungle. They all live happily together.\n\n2. ? The bird sings sweetly. Every morning, it wakes up the flowers. They dance in the wind!\n\n3. ? The turtle is slow. But he reaches the finish line. Slow and steady wins the race! \n\nWhich tale do you like best?","Give me 3 tales with 3 different emojis, max 3 sentences."
demo-test-53,1001,121521,2025-07-16 11:26:49.000,4,"1. Once upon a time, a ? lion roared loudly in the jungle. Animals ran away in fear. But, he just wanted friends! \n\n2. A ? dog found a ball. He played all day happily. His owner smiled watching him. \n\n3. A ? bird sang sweetly in a tree. Everyone listened and felt happy. The sun shined bright! \n\nWhich tale did you like best?","Give me 3 tales with 3 different emojis, max 3 sentences."
demo-test-56,1001,121523,2025-07-16 11:26:49.000,9,"1. Once upon a time, a ? lion helped a mouse. The mouse saved the lion later. Friends are important!\n\n2. A ? flower bloomed in spring. It made everyone happy. Beauty is everywhere!\n\n3. A ? bear found honey. It shared with friends. Sharing is caring! \n\nWhich tale did you like best?","Give me 3 tales with 3 different emojis, max 3 sentences."
demo-test-57,1001,121522,2025-07-16 11:26:49.000,10,1. A cat ? found a magic hat. It made her fly! She loved the sky.  \n\n2. A dog ? met a rabbit. They became best friends. They played every day!  \n\n3. A fish ? swam in the sea. It saw a treasure! The fish was very happy!,"Give me 3 tales with 3 different emojis, max 3 sentences."
demo-test-54,1001,121524,2025-07-16 11:26:50.000,6,1. ? A brave lion saved the animals from danger. They thanked him with a big feast. Everyone was happy!\n\n2. ?️ A little cloud cried over the town. The sun came out and made a rainbow. Everyone smiled at the colors!\n\n3. ? A puppy found a lost toy. He brought it to a child. They became best friends! \n\nWhich tale do you like the most? Why?,"Give me 3 tales with 3 different emojis, max 3 sentences."
demo-test-55,1001,121525,2025-07-16 11:26:50.000,6,"1. ? Once, a brave lion saved a mouse. The mouse helped the lion later. They became best friends!  \n\n2. ? A little fish dreamed of the ocean. One day, it swam far and found a beautiful coral reef. It was very happy!  \n\n3. ? A curious astronaut flew to space. He saw stars and planets. He wanted to share his adventure with everyone!  \n\nWhich tale do you like best? Why?","Give me 3 tales with 3 different emojis, max 3 sentences."
demo-test-58,1001,121527,2025-07-16 11:26:50.000,6,1. ? A dog found a bone. It was very happy! The dog shared it with a friend.\n\n2. ? A flower grew in spring. It was bright and colorful. Everyone admired its beauty!\n\n3. ? A rocket flew to space. It saw stars and planets. The astronauts were excited! \n\nWhich story do you like best?,"Give me 3 tales with 3 different emojis, max 3 sentences."
demo-test-59,1001,121526,2025-07-16 11:26:50.000,6,1. ? A dog found a treasure! He shared it with his friends. They were all happy together!\n\n2. ? A flower grew in the sun. It danced with the wind. Everyone admired its beauty!\n\n3. ? A rocket flew to space. It saw the stars and planets. The astronaut felt very excited! \n\nWhich tale is your favorite?,"Give me 3 tales with 3 different emojis, max 3 sentences."
demo-test-51,1001,121528,2025-07-16 11:29:17.000,11,"A squirrel ?️ found a big acorn. It hid it in a tree ? for winter. When winter came, the squirrel had lots of food! ? \n\nWhat do you think about the squirrel?","Give me a tales with 3 different emojis, max 3 sentences."
demo-test-70,1001,121529,2025-07-16 11:32:08.000,17,English connects people everywhere! ? What do you like most about connecting with others?,Send me 1 short sentence
demo-test-51,1001,121530,2025-07-16 11:34:41.000,12,A little fish ? swam in the sea. It saw a colorful coral reef ? and made many friends. They played together every day! ? \n\nWhat is your favorite sea animal?,"Give me a tales with 3 different emojis, max 3 sentences."
demo-test-51,1001,121531,2025-07-16 11:38:04.000,13,"A brave rabbit ? found a magic carrot. When it ate the carrot, it could jump very high! ? The rabbit loved to explore the forest! ?\n\nDo you like rabbits? Why?","Give me a tales with 3 different emojis, max 3 sentences."
demo-test-51,1001,121532,2025-07-16 11:42:32.000,14,A happy dog ? found a ball. It played in the park ? with its owner all day. They had so much fun together! ?\n\nDo you have a pet? What is it?,"Give me a tales with 3 different emojis, max 3 sentences."
demo-test-51,1001,121534,2025-07-16 11:49:22.000,15,A clever fox found a way to cross a river. It built a small raft from branches. The fox reached the other side and found delicious berries. \n\nWhat do you think the fox will do next?,Give me max 3 sentences without emoji
demo-test-51,1001,121535,2025-07-16 11:52:17.000,16,"A kind girl planted flowers in her garden. Every day, she watered them and watched them grow. Soon, the garden became beautiful and colorful. \n\nWhat flowers do you like the most?",Give me max 3 sentences without emoji
demo-test-51,1001,121536,2025-07-16 11:53:36.000,17,"A curious turtle wanted to see the world beyond the pond. It slowly traveled to a sunny meadow and met new friends. Together, they had fun playing games and exploring. \n\nIf you were a turtle, where would you go?",Give me max 3 sentences without emoji
demo-test-51,1001,121537,2025-07-16 11:54:30.000,18,"A little bird wanted to learn to sing. It practiced every day and tried different songs. Soon, all the animals gathered to listen to its beautiful voice. \n\nWhat song would you like to sing?",Give me max 3 sentences without emoji
demo-test-70,1001,121538,2025-07-16 11:56:11.000,18,English is important for communication. It helps in travel and jobs. Learning English can be fun and rewarding. What do you enjoy most about learning English?,Give me max 3 sentences without emoji
demo-test-70,1001,121542,2025-07-16 15:44:54.000,19,"English is useful for many things, like travel and work. It helps us understand different cultures. Learning English can make new friends. What do you like to learn in English?",Give me max 3 sentences without emoji
demo-test-70,1001,121543,2025-07-16 15:45:31.000,20,English helps you connect with people around the world. What do you want to learn next?,Give me a sentence without emoji
demo-test-51,1001,121544,2025-07-16 15:46:04.000,19,A young boy found an old map in his attic. He followed the map to discover a hidden treasure in the forest. Inside the treasure chest were gold coins and sparkling jewels. \n\nWhat would you do with the treasure?,Give me max 3 sentences without emoji
demo-test-51,1001,121550,2025-07-16 15:46:23.000,20,A small kitten was lost in the city. It followed a friendly dog who helped it find its way home. They became best friends and played together every day. \n\nHave you ever helped someone find their way?,Give me max 3 sentences without emoji
demo-test-54,1001,121551,2025-07-16 15:46:23.000,7,A brave lion saved the animals from danger. They thanked him with a big feast. Everyone was happy!\n\nWhich story do you like the most? Why?,Give me max 3 sentences without emoji
demo-test-55,1001,121552,2025-07-16 15:46:23.000,7,"Once, a brave lion saved a mouse. The mouse helped the lion later, and they became best friends. A curious astronaut flew to space and saw stars and planets.  \n\nWhich story do you like the most? Why?",Give me max 3 sentences without emoji
demo-test-57,1001,121553,2025-07-16 15:46:23.000,11,A cat found a magic hat. It made her fly high in the sky. She loved her new adventure.  \n\nA dog met a rabbit. They became best friends and played every day.  \n\nA fish swam in the sea. It found a treasure and felt very happy.,Give me max 3 sentences without emoji
demo-test-58,1001,121554,2025-07-16 15:46:23.000,7,A cat chased a mouse. The mouse ran fast and hid. The cat was surprised!\n\nDo you like cats or dogs more?,Give me max 3 sentences without emoji
demo-test-60,1001,121548,2025-07-16 15:46:23.000,7,The lion is brave. He protects his friends in the jungle. They all live happily together.\n\nWhat do you think about the lion?,Give me max 3 sentences without emoji
demo-test-62,1001,121549,2025-07-16 15:46:23.000,6,Learning English helps you communicate. It is important for travel and work. Many people speak English worldwide. What is your favorite subject in school?,Give me max 3 sentences without emoji
demo-test-65,1001,121546,2025-07-16 15:46:23.000,6,Learning English is very important. It helps you communicate with many people. English can also help you in your job. What job do you want in the future?,Give me max 3 sentences without emoji
demo-test-68,1001,121547,2025-07-16 15:46:23.000,6,Learning English helps you communicate. It connects you with people worldwide. It also improves job chances. \n\nWhat do you want to learn today?,Give me max 3 sentences without emoji
demo-test-69,1001,121545,2025-07-16 15:46:23.000,6,Learning English helps you communicate. It connects people worldwide. It is important for jobs too. What is your favorite food?,Give me max 3 sentences without emoji
demo-test-52,1001,121561,2025-07-16 15:46:24.000,12,"A girl traveled the world. She met friends everywhere and they spoke English together. A student studied hard and English helped him pass, making him smile with joy.",Give me max 3 sentences without emoji
demo-test-56,1001,121557,2025-07-16 15:46:24.000,10,A lion helped a mouse. The mouse saved the lion later. Friends are important!\n\nA flower bloomed in spring. It made everyone happy. Beauty is everywhere!\n\nA bear found honey. It shared with friends. Sharing is caring!\n\nWhich story do you like?,Give me max 3 sentences without emoji
demo-test-59,1001,121556,2025-07-16 15:46:24.000,7,"A dog found a treasure and shared it with his friends. They were all happy together. A flower grew in the sun and danced with the wind, admired by everyone. \n\nWhich story do you like more?",Give me max 3 sentences without emoji
demo-test-61,1001,121559,2025-07-16 15:46:24.000,6,Learning English helps you communicate. It connects you with people worldwide. You can also find better jobs. What do you want to learn next?,Give me max 3 sentences without emoji
demo-test-63,1001,121562,2025-07-16 15:46:24.000,6,Learning English is very important. It helps you communicate with many people. You can find better jobs too. How do you practice your English every day?,Give me max 3 sentences without emoji
demo-test-64,1001,121563,2025-07-16 15:46:24.000,6,Learning English helps you communicate. It connects you with people around the world. English is important for jobs and travel. What do you want to do with your English skills?,Give me max 3 sentences without emoji
demo-test-66,1001,121560,2025-07-16 15:46:24.000,9,Learning English is very important. It helps you communicate with many people. English is used in business and travel. What do you want to learn in English?,Give me max 3 sentences without emoji
demo-test-70,1001,121555,2025-07-16 15:46:24.000,21,Learning English opens many opportunities. It allows you to travel and meet new people. Practice makes you better every day. What is your favorite way to practice English?,Give me max 3 sentences without emoji
demo-test-53,1024,121558,2025-07-16 15:46:24.000,5,Learning English helps connect people globally. It enhances career opportunities and cultural understanding. It’s a valuable skill for everyone. \n\nWhat is your favorite topic to discuss? Your answer will help me improve our conversations!,Give me max 3 sentences without emoji
demo-test-67,1001,121564,2025-07-16 15:46:25.000,6,Learning English helps you communicate. It connects you with people worldwide. It also improves job chances. What do you think is the easiest way to learn English?,Give me max 3 sentences without emoji
demo-test-53,1001,121565,2025-07-16 15:46:55.000,6,Learning English is very important. It helps you talk to many people around the world. It also helps you find better jobs in the future. \n\nWhat do you want to learn next? Vocabulary or grammar?,Give me max 3 sentences without emoji
demo-test-55,1001,121567,2025-07-16 15:46:55.000,8,"A little fish dreamed of the ocean. One day, it swam far and found a beautiful coral reef. It was very happy to explore.  \n\nWhich part of the story do you like best?",Give me max 3 sentences without emoji
demo-test-58,1001,121566,2025-07-16 15:46:55.000,8,"A bird built a nest. It laid three eggs inside. Soon, the baby birds hatched.\n\nWhat is your favorite animal?",Give me max 3 sentences without emoji
demo-test-52,1001,121573,2025-07-16 15:46:56.000,13,A boy found a magic book. The book taught him English words. He became a great storyteller and made everyone happy.,Give me max 3 sentences without emoji
demo-test-56,1001,121568,2025-07-16 15:46:56.000,11,"A lion helped a mouse. Later, the mouse saved the lion. Friends are very important.\n\nA flower bloomed in spring. It made everyone happy. Beauty is everywhere.\n\nA bear found honey. It shared with its friends. Sharing is caring!\n\nWhich story do you prefer?",Give me max 3 sentences without emoji
demo-test-60,1001,121569,2025-07-16 15:46:56.000,8,The bird sings sweetly every morning. It wakes up the flowers and makes them dance in the wind. The garden is full of joy.\n\nDo you like birds? Why or why not?,Give me max 3 sentences without emoji
demo-test-61,1001,121571,2025-07-16 15:46:56.000,7,Learning English is very important. It helps you make friends from different countries. You can also enjoy movies and books in English. What is your favorite movie?,Give me max 3 sentences without emoji
demo-test-66,1001,121570,2025-07-16 15:46:56.000,10,Learning English is important for jobs. It helps you make friends worldwide. You can enjoy movies and books better. What do you want to learn today?,Give me max 3 sentences without emoji
demo-test-70,1001,121572,2025-07-16 15:46:56.000,22,English is important for communication in many countries. It is the language of business and technology. Learning English can help you in your career. What do you find challenging about learning English?,Give me max 3 sentences without emoji
demo-test-83,1024,121574,2025-07-16 15:46:56.000,5,What subjects do you enjoy the most in school? Your answer will help me tailor our future conversations to your interests.,Give me max 3 sentences without emoji
demo-test-57,1001,121582,2025-07-16 15:46:57.000,12,"A girl found a secret door. She opened it and saw a beautiful garden. In the garden, she met friendly animals.  \n\nA boy discovered an old map. He followed it and found hidden treasure. He was very excited!  \n\nA dog chased a butterfly. It ran and jumped with joy. The butterfly flew away, but the dog smiled.",Give me max 3 sentences without emoji
demo-test-62,1001,121581,2025-07-16 15:46:57.000,7,Learning English is very useful. It helps you make friends and understand movies. It can also help you get a good job. What do you like to do in your free time?,Give me max 3 sentences without emoji
demo-test-72,1001,121576,2025-07-16 15:46:57.000,6,Learning English helps you communicate. It is important for work and travel. You can meet new friends too. What do you like about English?,Give me max 3 sentences without emoji
demo-test-74,1001,121583,2025-07-16 15:46:57.000,9,Learning English helps you communicate. It connects people from different countries. English is important for jobs and travel. What do you want to learn in English?,Give me max 3 sentences without emoji
demo-test-86,1001,121577,2025-07-16 15:46:57.000,8,Do you like to play sports? Sports are fun and good for health. What sport do you enjoy?,Give me max 3 sentences without emoji
demo-test-89,1024,121575,2025-07-16 15:46:57.000,5,What is your favorite topic to discuss? Understanding your interests helps me tailor our conversations better in the future.,Give me max 3 sentences without emoji
demo-test-90,1024,121578,2025-07-16 15:46:57.000,5,What is your favorite topic to discuss? Understanding your interests helps me tailor our conversations for you.,Give me max 3 sentences without emoji
demo-test-91,1024,121580,2025-07-16 15:46:57.000,5,What is your favorite topic to discuss? Knowing this will help me tailor our conversations to your interests.,Give me max 3 sentences without emoji
demo-test-94,1024,121579,2025-07-16 15:46:57.000,5,What subjects do you enjoy discussing the most? Your answer will help me tailor our conversations to your interests.,Give me max 3 sentences without emoji
demo-test-51,1001,121602,2025-07-16 15:46:58.000,21,"A wise owl lived in a tall tree. Every night, it shared stories with the animals in the forest. They loved to listen and learn from the owl's adventures. \n\nWhat story would you like to hear from the owl?",Give me max 3 sentences without emoji
demo-test-54,1001,121594,2025-07-16 15:46:58.000,8,A little cloud cried over the town. The sun came out and made a rainbow. Everyone smiled at the colors!\n\nWhich story do you like the most? Why?,Give me max 3 sentences without emoji
demo-test-59,1001,121584,2025-07-16 15:46:58.000,8,A cat chased a mouse. The mouse was fast and clever. They played together and became friends. \n\nDo you have a favorite animal story?,Give me max 3 sentences without emoji
demo-test-63,1001,121601,2025-07-16 15:46:58.000,7,Learning English is important for travel. It helps you make friends worldwide. You can enjoy English movies and songs too. What do you like most about learning English?,Give me max 3 sentences without emoji
demo-test-64,1001,121600,2025-07-16 15:46:58.000,7,Learning English is very useful. It helps you make friends around the world. You can also enjoy movies and books in English. What is your favorite movie or book?,Give me max 3 sentences without emoji
demo-test-67,1001,121592,2025-07-16 15:46:58.000,7,Learning English helps you express yourself. It connects you with many people. It also opens doors to better jobs. How do you practice your English skills?,Give me max 3 sentences without emoji
demo-test-71,1001,121603,2025-07-16 15:46:58.000,6,English is a global language. It helps you connect with many people. Learning English can improve your job opportunities. What do you want to learn next?,Give me max 3 sentences without emoji
demo-test-73,1001,121598,2025-07-16 15:46:58.000,6,Learning English helps you communicate. It connects you with people worldwide. It also helps in your career. What do you want to learn about English today?,Give me max 3 sentences without emoji
demo-test-75,1001,121595,2025-07-16 15:46:58.000,6,Learning English helps you communicate. It connects you with people worldwide. English can improve your job opportunities. What do you want to learn today?,Give me max 3 sentences without emoji
demo-test-99,1001,121587,2025-07-16 15:46:58.000,8,Sure! Learning English is very important. It helps you talk to many people. What do you want to learn in English?,Give me max 3 sentences without emoji
demo-test-76,1024,121596,2025-07-16 15:46:58.000,5,What learning method do you prefer? I’d love to know so I can tailor our interactions better. Your answer will help improve our future chats.,Give me max 3 sentences without emoji
demo-test-77,1024,121599,2025-07-16 15:46:58.000,5,What learning method do you prefer? Understanding your study habits will help me tailor our interactions for better support.,Give me max 3 sentences without emoji
demo-test-80,1024,121597,2025-07-16 15:46:58.000,5,"As a teacher, I'm curious about your daily activities. How do you usually spend your day? Your response will help me tailor our future conversations better.",Give me max 3 sentences without emoji
demo-test-81,1024,121585,2025-07-16 15:46:58.000,5,What learning method do you prefer? Do you usually study alone or with others? Your answer will help me improve our future interactions.,Give me max 3 sentences without emoji
demo-test-82,1024,121591,2025-07-16 15:46:58.000,5,What subject do you enjoy the most in school? Your answer will help me tailor our future conversations to better suit your interests.,Give me max 3 sentences without emoji
demo-test-87,1024,121593,2025-07-16 15:46:58.000,5,What learning method do you prefer? Understanding your style helps me improve our interactions. Do you usually study alone or with others?,Give me max 3 sentences without emoji
demo-test-93,1024,121586,2025-07-16 15:46:58.000,5,What subjects do you enjoy the most in school? Your answer will help me tailor our future discussions to your interests.,Give me max 3 sentences without emoji
demo-test-96,1024,121590,2025-07-16 15:46:58.000,5,What subjects do you enjoy learning about the most? Your answer will help me tailor our interactions to better suit your interests.,Give me max 3 sentences without emoji
demo-test-97,1024,121589,2025-07-16 15:46:58.000,5,What subjects do you enjoy most in school? Your answer will help me tailor our future conversations to your interests.,Give me max 3 sentences without emoji
demo-test-100,1024,121588,2025-07-16 15:46:58.000,5,What learning method do you prefer? Understanding how you study can help me tailor our conversations for you.,Give me max 3 sentences without emoji
demo-test-65,1001,121608,2025-07-16 15:46:59.000,7,Learning English is important for travel. It helps you make friends around the world. English is also helpful for studying. What is your favorite subject in school?,Give me max 3 sentences without emoji
demo-test-68,1001,121605,2025-07-16 15:46:59.000,7,Learning English is very important. It helps you talk to many people. It can also help you get a good job.\n\nWhat do you enjoy doing in your free time?,Give me max 3 sentences without emoji
demo-test-69,1001,121604,2025-07-16 15:46:59.000,7,Learning English is very useful. It helps you travel and meet new friends. You can also find better jobs. What do you like to do in your free time?,Give me max 3 sentences without emoji
demo-test-79,1024,121611,2025-07-16 15:46:59.000,5,What is your favorite topic to discuss? Understanding your interests helps me tailor our conversations for a better learning experience.,Give me max 3 sentences without emoji
demo-test-84,1024,121606,2025-07-16 15:46:59.000,5,What subjects do you enjoy most in school? Your answer will help me tailor our future conversations to your interests.,Give me max 3 sentences without emoji
demo-test-85,1024,121607,2025-07-16 15:46:59.000,5,What learning method do you prefer? Understanding your style helps me tailor our interactions for a better experience.,Give me max 3 sentences without emoji
demo-test-88,1024,121613,2025-07-16 15:46:59.000,5,What is your favorite topic to discuss? Your answer will help me understand your interests better for our future conversations.,Give me max 3 sentences without emoji
demo-test-92,1024,121609,2025-07-16 15:46:59.000,5,What learning method do you prefer? Do you usually study alone or in groups? Your answer will help improve our future interactions.,Give me max 3 sentences without emoji
demo-test-95,1024,121612,2025-07-16 15:46:59.000,5,Sure! Let's start our conversation. What is your favorite topic to discuss? Your answer will help me tailor our chats in the future.,Give me max 3 sentences without emoji
demo-test-98,1024,121610,2025-07-16 15:46:59.000,5,What is your favorite topic to discuss? Understanding your interests helps improve our future conversations.,Give me max 3 sentences without emoji
demo-test-78,1024,121614,2025-07-16 15:47:00.000,5,"What learning method do you prefer? I'm curious to know how you usually study, as it will help me improve our future interactions.",Give me max 3 sentences without emoji
demo-test-101,1001,121765,2025-07-17 06:25:54.000,7,"Hari ini, saya pergi ke taman ?. Di sana, saya melihat banyak burung terbang ?. Saya sangat senang dan mengambil foto! \n\nApa kegiatan favoritmu di akhir pekan?",Tolong buatkan saya cerita 3 kalimat. Minimal ada 2 emoji di dalamnya.
demo-test-101,1001,121768,2025-07-17 06:32:28.000,8,"Saya pergi ke pantai ?. Di sana, saya bermain pasir dan membuat istana pasir ?. Cuacanya sangat cerah dan menyenangkan! \n\nApa tempat favoritmu untuk berlibur?",Tolong buatkan saya cerita 3 kalimat. Minimal ada 2 emoji di dalamnya.
demo-test-101,1001,121778,2025-07-17 06:35:13.000,9,"Hari ini, saya pergi ke pasar ?. Saya membeli buah-buahan segar dan sayuran ?. Saya suka sekali berbelanja di pasar! \n\nApa makanan favoritmu untuk dimakan?",Tolong buatkan saya cerita 3 kalimat. Minimal ada 2 emoji di dalamnya.
demo-test-101,1001,121790,2025-07-17 06:49:12.000,10,Saya pergi ke kebun binatang ?. Saya melihat singa dan gajah ?. Semua hewan sangat lucu dan menarik! \n\nHewan apa yang paling kamu suka?,Tolong buatkan saya cerita 3 kalimat. Minimal ada 2 emoji di dalamnya.
demo-test-101,1001,121846,2025-07-17 07:13:05.000,11,Saya bermain di taman ?. Saya melihat anak-anak lain bermain bola ⚽. Kami semua tertawa dan bersenang-senang! \n\nApa permainan favoritmu di taman?,Tolong buatkan saya cerita 3 kalimat. Minimal ada 2 emoji di dalamnya.
demo-test-101,1001,121859,2025-07-17 07:28:34.000,12,Saya pergi ke restoran ?️. Saya makan pizza dan minum soda ?. Makanannya sangat enak dan saya sangat puas! \n\nApa makanan favoritmu di restoran?,Tolong buatkan saya cerita 3 kalimat. Minimal ada 2 emoji di dalamnya.
demo-test-101,1001,121860,2025-07-17 07:41:12.000,13,Saya pergi ke bioskop ?. Saya menonton film superhero yang seru ?‍♂️. Saya sangat menikmati ceritanya dan ingin menontonnya lagi! \n\nFilm apa yang terakhir kamu tonton?,Tolong buatkan saya cerita 3 kalimat. Minimal ada 2 emoji di dalamnya.
demo-test-70,1001,121861,2025-07-17 07:48:14.000,23,Learning English can help you achieve your dreams. What dreams do you have?,Give me a sentence without emoji
demo-test-101,1001,121862,2025-07-17 07:56:06.000,14,Saya pergi ke taman bermain ?. Saya bermain ayunan dan perosotan dengan teman-teman ??. Kami tertawa dan bersenang-senang sepanjang hari! \n\nApa wahana favoritmu di taman bermain?,Tolong buatkan saya cerita 3 kalimat. Minimal ada 2 emoji di dalamnya.
demo-test-101,1001,121863,2025-07-17 07:56:30.000,15,Saya membuat kue coklat ? di rumah. Kue itu sangat lezat dan harum ?. Semua orang di keluarga saya menyukainya! \n\nApa makanan penutup favoritmu?,Tolong buatkan saya cerita 3 kalimat. Minimal ada 2 emoji di dalamnya.
demo-test-101,1001,121864,2025-07-17 07:56:39.000,16,Saya pergi ke pantai ?️. Saya bermain air dan membangun istana pasir ?. Hari itu sangat menyenangkan dan cerah! \n\nApa yang paling kamu suka lakukan di pantai?,Tolong buatkan saya cerita 3 kalimat. Minimal ada 2 emoji di dalamnya.
demo-test-101,1001,121865,2025-07-17 07:57:27.000,17,"Saya pergi berkemah di hutan ?. Saya membuat api unggun dan memanggang marshmallow ?. Malamnya, saya melihat bintang-bintang yang sangat indah! \n\nApa pengalaman berkemah terbaikmu?",Tolong buatkan saya cerita 3 kalimat. Minimal ada 2 emoji di dalamnya.
demo-test-102,1001,121866,2025-07-17 07:57:48.000,7,"Di sebuah desa kecil, ada seekor kucing lucu ?. Kucing itu suka bermain bola ? dengan anak-anak. Mereka selalu tertawa dan bersenang-senang bersama! \n\nApa hewan peliharaan favoritmu?",Tolong buatkan saya cerita 3 kalimat. Minimal ada 2 emoji di dalamnya.
demo-test-105,1001,121867,2025-07-17 07:57:48.000,7,"Suatu hari, Lisa pergi ke pantai ?️. Dia bermain pasir dan membuat istana pasir yang besar. Tiba-tiba, ombak datang dan menghancurkan istana itu! ?\n\nApa yang kamu suka lakukan di pantai?",Tolong buatkan saya cerita 3 kalimat. Minimal ada 2 emoji di dalamnya.
demo-test-112,1001,121868,2025-07-17 07:57:48.000,7,"Suatu hari, Ani pergi ke pasar. ? Dia melihat banyak buah berwarna-warni dan membeli apel merah. ? Ani pulang dengan senyum lebar! \n\nApa yang ingin kamu beli di pasar?",Tolong buatkan saya cerita 3 kalimat. Minimal ada 2 emoji di dalamnya.
demo-test-103,1001,121871,2025-07-17 07:57:49.000,7,"Di suatu hari, ada seekor kucing lucu ? yang mencari teman. Kucing itu bertemu dengan seekor anjing besar ? di taman. Mereka bermain bersama dan menjadi teman baik!",Tolong buatkan saya cerita 3 kalimat. Minimal ada 2 emoji di dalamnya.
demo-test-104,1001,121870,2025-07-17 07:57:49.000,7,"Suatu hari, Mia pergi ke taman ?. Dia melihat burung-burung terbang dan bunga-bunga cantik ?. Mia sangat senang dan tersenyum lebar! Apa kamu suka pergi ke taman juga?",Tolong buatkan saya cerita 3 kalimat. Minimal ada 2 emoji di dalamnya.
demo-test-110,1001,121874,2025-07-17 07:57:49.000,7,"Di sebuah desa kecil, ada seekor kucing lucu ?. Kucing itu suka bermain dengan anak-anak di taman ?. Suatu hari, kucing itu menemukan bola berwarna-warni dan semua orang senang!",Tolong buatkan saya cerita 3 kalimat. Minimal ada 2 emoji di dalamnya.
demo-test-111,1001,121872,2025-07-17 07:57:49.000,7,"Di pagi hari, Mia melihat matahari terbit ☀️. Dia merasa sangat bahagia dan bersemangat untuk hari ini! Mia pergi ke taman dan bermain dengan anjingnya ?. \n\nApa kamu suka bermain di taman?",Tolong buatkan saya cerita 3 kalimat. Minimal ada 2 emoji di dalamnya.
demo-test-117,1001,121869,2025-07-17 07:57:49.000,7,"Hari ini, saya pergi ke taman. ? Saya melihat banyak bunga berwarna-warni dan burung bernyanyi. ? Saya sangat senang bermain di sana!\n\nApa warna bunga favoritmu?",Tolong buatkan saya cerita 3 kalimat. Minimal ada 2 emoji di dalamnya.
demo-test-118,1001,121873,2025-07-17 07:57:49.000,7,"Siang yang cerah, Ana pergi ke taman ?. Dia melihat burung-burung terbang dan anak-anak bermain ?. Ana merasa bahagia dan ingin bermain juga! \n\nApa aktivitas favoritmu di taman?",Tolong buatkan saya cerita 3 kalimat. Minimal ada 2 emoji di dalamnya.
demo-test-101,1001,121881,2025-07-17 07:57:50.000,18,"Saya pergi ke pasar malam ?. Di sana, saya mencoba makanan enak seperti sate dan gorengan ?. Suasana sangat meriah dan saya senang sekali! \n\nMakanan apa yang paling kamu suka di pasar malam?",Tolong buatkan saya cerita 3 kalimat. Minimal ada 2 emoji di dalamnya.
demo-test-106,1001,121882,2025-07-17 07:57:50.000,7,"Di sebuah desa kecil, ada seekor kucing lucu ?. Kucing itu suka bermain dengan anak-anak dan mengejar bola warna-warni ?. Suatu hari, kucing itu menemukan teman baru di taman! \n\nSiapa teman baru kucing itu?",Tolong buatkan saya cerita 3 kalimat. Minimal ada 2 emoji di dalamnya.
demo-test-107,1001,121883,2025-07-17 07:57:50.000,7,"Di taman, ada seekor kucing ? yang bermain dengan bola. Kucing itu sangat senang dan melompat-lompat. Tiba-tiba, hujan turun ?️, dan kucing itu berlari pulang! \n\nApa kamu suka kucing?",Tolong buatkan saya cerita 3 kalimat. Minimal ada 2 emoji di dalamnya.
demo-test-108,1001,121876,2025-07-17 07:57:50.000,7,"Di taman, ada seekor kucing ? yang bermain dengan bola. Kucing itu sangat senang dan melompat-lompat. Tiba-tiba, hujan turun ?️, jadi kucing itu berlari pulang! \n\nApa kamu suka kucing?",Tolong buatkan saya cerita 3 kalimat. Minimal ada 2 emoji di dalamnya.
demo-test-113,1001,121875,2025-07-17 07:57:50.000,7,"Suatu hari, saya pergi ke taman ?. Di sana, saya melihat banyak bunga yang indah ?. Saya sangat senang dan mengambil foto! \n\nApa cerita favoritmu?",Tolong buatkan saya cerita 3 kalimat. Minimal ada 2 emoji di dalamnya.
demo-test-114,1001,121880,2025-07-17 07:57:50.000,7,"Suatu hari, Rina pergi ke taman ?. Dia melihat banyak bunga warna-warni dan kupu-kupu ?. Rina sangat senang dan mengambil foto-foto! \n\nApa kamu suka pergi ke taman?",Tolong buatkan saya cerita 3 kalimat. Minimal ada 2 emoji di dalamnya.
demo-test-115,1001,121884,2025-07-17 07:57:50.000,7,"Hari ini, saya pergi ke taman ? dan melihat banyak bunga berwarna-warni. Saya bermain frisbee dengan teman-teman saya dan sangat senang! ? Setelah itu, kami makan es krim bersama. \n\nApa aktivitas favoritmu di luar ruangan?",Tolong buatkan saya cerita 3 kalimat. Minimal ada 2 emoji di dalamnya.
demo-test-116,1001,121879,2025-07-17 07:57:50.000,7,"Suatu hari, saya pergi ke taman ?. Di sana, saya melihat banyak bunga berwarna-warni ?. Saya sangat senang dan mengambil foto! \n\nApa pengalaman menyenangkan yang pernah kamu alami di taman?",Tolong buatkan saya cerita 3 kalimat. Minimal ada 2 emoji di dalamnya.
demo-test-119,1001,121877,2025-07-17 07:57:50.000,7,"Di taman, ada seekor kucing ? yang sangat lucu. Kucing itu bermain dengan bola warna-warni ?. Semua orang di taman tersenyum melihatnya! \n\nApa hewan peliharaan favoritmu?",Tolong buatkan saya cerita 3 kalimat. Minimal ada 2 emoji di dalamnya.
demo-test-120,1001,121878,2025-07-17 07:57:50.000,7,"Ada seorang gadis bernama Mia. ? Dia suka belajar bahasa Inggris dan berbicara dengan teman-temannya. ? Suatu hari, Mia pergi ke kelas dan merasa sangat senang! \n\nApa yang kamu suka lakukan di waktu luangmu?",Tolong buatkan saya cerita 3 kalimat. Minimal ada 2 emoji di dalamnya.
demo-test-109,1001,121885,2025-07-17 07:57:51.000,7,"Hari ini, saya pergi ke taman. ? Saya melihat banyak bunga dan burung yang cantik. ? Saya sangat senang! \n\nApa aktivitas favoritmu di luar ruangan?",Tolong buatkan saya cerita 3 kalimat. Minimal ada 2 emoji di dalamnya.
demo-test-104,1001,121886,2025-07-17 07:59:11.000,8,"Rudi bermain bola di lapangan ⚽. Teman-temannya ikut bermain dan mereka bersenang-senang ?. Setelah itu, mereka makan es krim bersama. Apa kamu suka es krim?",Tolong buatkan saya cerita 3 kalimat. Minimal ada 2 emoji di dalamnya.
demo-test-110,1001,121887,2025-07-17 07:59:11.000,8,"Di pantai yang indah, seorang gadis sedang membangun istana pasir ?. Tiba-tiba, ombak besar datang dan menghancurkan istana itu ?. Gadis itu tertawa dan mulai membangun yang baru lagi!",Tolong buatkan saya cerita 3 kalimat. Minimal ada 2 emoji di dalamnya.
demo-test-106,1001,121888,2025-07-17 07:59:12.000,8,"Di pantai, ada seorang anak bernama Budi yang suka bermain di pasir ?️. Ia membangun istana pasir besar dan menemukan kerang cantik ?. Teman-temannya datang dan mereka bersenang-senang bersama! \n\nApa yang kamu suka lakukan di pantai?",Tolong buatkan saya cerita 3 kalimat. Minimal ada 2 emoji di dalamnya.
demo-test-101,1001,121893,2025-07-17 07:59:13.000,19,Saya pergi ke festival bunga ?. Semua bunga cantik dan berwarna-warni ?. Saya mengambil banyak foto dan merasa sangat bahagia! \n\nApa bunga favoritmu?,Tolong buatkan saya cerita 3 kalimat. Minimal ada 2 emoji di dalamnya.
demo-test-103,1001,121890,2025-07-17 07:59:13.000,8,"Suatu pagi, seorang gadis bernama Mia menemukan kupu-kupu cantik ? di kebun. Kupu-kupu itu terbang ke arah bunga-bunga yang berwarna-warni ?. Mia sangat senang dan mengikuti kupu-kupu itu!",Tolong buatkan saya cerita 3 kalimat. Minimal ada 2 emoji di dalamnya.
demo-test-105,1001,121889,2025-07-17 07:59:13.000,8,"Budi menemukan kucing kecil di taman ?. Dia memberi kucing itu makanan dan namanya Ciko. Sekarang, Budi dan Ciko bermain setiap hari! ?\n\nApa hewan peliharaan yang kamu suka?",Tolong buatkan saya cerita 3 kalimat. Minimal ada 2 emoji di dalamnya.
demo-test-107,1001,121892,2025-07-17 07:59:13.000,8,"Di pantai, ada seorang anak ? yang membangun istana pasir. Dia sangat bahagia dan mengajak temannya bermain. Tiba-tiba, ombak datang ?‍♂️ dan merobohkan istananya! \n\nApa kamu suka bermain di pantai?",Tolong buatkan saya cerita 3 kalimat. Minimal ada 2 emoji di dalamnya.
demo-test-108,1001,121894,2025-07-17 07:59:13.000,8,"Di pantai, ada seorang anak ?️ yang membangun istana pasir. Dia sangat bahagia dan mengundang teman-temannya. Tiba-tiba, ombak besar datang ? dan menghancurkan istana! \n\nApa kamu suka bermain di pantai?",Tolong buatkan saya cerita 3 kalimat. Minimal ada 2 emoji di dalamnya.
demo-test-109,1001,121891,2025-07-17 07:59:13.000,8,Saya pergi ke pantai bersama teman-teman. ?️ Kami bermain voli dan berenang di laut. ? Hari itu sangat menyenangkan! \n\nApa tempat favoritmu untuk bersantai?,Tolong buatkan saya cerita 3 kalimat. Minimal ada 2 emoji di dalamnya.
demo-test-102,1001,121895,2025-07-17 07:59:14.000,8,"Di hutan, ada seekor burung cantik ? yang bernyanyi setiap pagi. Suaranya membuat semua hewan bangun dan menari ?. Mereka sangat senang bersama-sama! \n\nHewan apa yang kamu suka?",Tolong buatkan saya cerita 3 kalimat. Minimal ada 2 emoji di dalamnya.
demo-test-102,1001,121901,2025-07-17 08:16:09.000,9,"Di pantai, ada seorang anak yang membangun istana pasir ?. Dia sangat senang dan mengundang teman-temannya untuk bermain ?️. Mereka semua tertawa dan menikmati hari yang cerah! \n\nApa aktivitas favoritmu di pantai?",Tolong buatkan saya cerita 3 kalimat. Minimal ada 2 emoji di dalamnya.
demo-test-103,1001,121902,2025-07-17 08:16:09.000,9,"Di pantai, seorang anak laki-laki sedang membangun istana pasir ?. Tiba-tiba, ombak besar datang dan menghancurkan istana itu ?. Anak itu tertawa dan mulai membangun lagi dengan teman-temannya!",Tolong buatkan saya cerita 3 kalimat. Minimal ada 2 emoji di dalamnya.
demo-test-104,1001,121905,2025-07-17 08:16:10.000,9,Siti pergi ke pasar ?. Dia membeli buah-buahan segar dan sayuran ?. Siti pulang dengan senyuman dan banyak belanjaan! Apa kamu suka pergi ke pasar?,Tolong buatkan saya cerita 3 kalimat. Minimal ada 2 emoji di dalamnya.
demo-test-108,1001,121903,2025-07-17 08:16:10.000,9,"Di kebun, ada seekor burung ? yang bernyanyi merdu. Semua orang berhenti dan mendengarkan suaranya. Tiba-tiba, bunga-bunga mulai mekar ? karena musiknya! \n\nSiapa penyanyi favorit kamu?",Tolong buatkan saya cerita 3 kalimat. Minimal ada 2 emoji di dalamnya.
demo-test-109,1001,121904,2025-07-17 08:16:10.000,9,Saya membuat kue cokelat hari ini. ? Kue itu sangat enak dan teman-teman saya suka! ? Kami merayakan bersama di rumah. \n\nApa makanan favoritmu?,Tolong buatkan saya cerita 3 kalimat. Minimal ada 2 emoji di dalamnya.
demo-test-101,1001,121909,2025-07-17 08:16:11.000,20,Saya pergi ke peternakan ?. Saya memberi makan ayam dan melihat sapi ?. Hari itu sangat seru dan saya belajar banyak tentang hewan! \n\nHewan apa yang paling ingin kamu lihat?,Tolong buatkan saya cerita 3 kalimat. Minimal ada 2 emoji di dalamnya.
demo-test-105,1001,121907,2025-07-17 08:16:11.000,9,"Siti pergi ke pasar dan melihat banyak buah ?. Dia membeli semangka dan mangga untuk piknik. Di piknik, dia makan buah sambil tertawa dengan teman-temannya! ?\n\nApa makanan favoritmu saat piknik?",Tolong buatkan saya cerita 3 kalimat. Minimal ada 2 emoji di dalamnya.
demo-test-106,1001,121906,2025-07-17 08:16:11.000,9,"Ada seekor burung cantik ? yang tinggal di pohon besar. Burung itu bernyanyi setiap pagi dan membuat semua orang senang ?. Suatu hari, burung itu terbang jauh mencari teman baru! \n\nSiapa teman baru yang kamu cari?",Tolong buatkan saya cerita 3 kalimat. Minimal ada 2 emoji di dalamnya.
demo-test-110,1001,121908,2025-07-17 08:16:11.000,9,Seekor burung kecil terbang tinggi di langit biru ?️. Ia menemukan pohon besar yang penuh buah ?. Burung itu sangat senang dan mulai makan buah-buahan lezat!,Tolong buatkan saya cerita 3 kalimat. Minimal ada 2 emoji di dalamnya.
demo-test-107,1001,121910,2025-07-17 08:16:12.000,9,"Di kebun, ada seekor burung ? yang bernyanyi ceria. Burung itu melihat bunga-bunga berwarna-warni ? dan merasa sangat senang. Dia terbang tinggi dan mengajak teman-temannya ikut bernyanyi! \n\nSiapa teman favoritmu?",Tolong buatkan saya cerita 3 kalimat. Minimal ada 2 emoji di dalamnya.
demo-test-109,1001,121911,2025-07-17 08:18:50.000,10,Saya pergi ke pasar dan membeli buah-buahan. ? Saya membeli apel dan pisang yang segar. ? Saya sangat senang bisa makan buah! \n\nBuah apa yang kamu suka?,Tolong buatkan saya cerita 3 kalimat. Minimal ada 2 emoji di dalamnya.
demo-test-102,1001,121912,2025-07-17 08:18:51.000,10,"Di taman, ada seorang gadis yang sedang memberi makan burung ?. Dia sangat senang melihat burung-burung datang dan terbang ?️. Semua orang di taman tersenyum melihatnya! \n\nApa warna burung favoritmu?",Tolong buatkan saya cerita 3 kalimat. Minimal ada 2 emoji di dalamnya.
demo-test-103,1001,121914,2025-07-17 08:18:51.000,10,"Pada suatu malam, bintang-bintang bersinar terang di langit ✨. Seorang raja dan ratu mengadakan pesta di istana ?. Semua orang menari dan bergembira di bawah sinar bulan!",Tolong buatkan saya cerita 3 kalimat. Minimal ada 2 emoji di dalamnya.
demo-test-107,1001,121913,2025-07-17 08:18:51.000,10,"Di hutan, ada seekor kelinci ? yang suka melompat. Suatu hari, dia menemukan wortel besar ? dan sangat senang. Kelinci itu mengajak teman-temannya untuk makan bersama! \n\nApa makanan favoritmu?",Tolong buatkan saya cerita 3 kalimat. Minimal ada 2 emoji di dalamnya.
demo-test-101,1001,121917,2025-07-17 08:18:52.000,21,Saya pergi ke kelas seni ?. Saya menggambar gambar bunga yang indah ?. Teman-teman saya juga membuat karya seni yang keren! \n\nApa jenis seni yang paling kamu suka?,Tolong buatkan saya cerita 3 kalimat. Minimal ada 2 emoji di dalamnya.
demo-test-108,1001,121916,2025-07-17 08:18:52.000,10,"Di malam hari, ada bintang ⭐ yang bersinar terang. Seorang gadis kecil melihat bintang itu dan membuat harapan. Tiba-tiba, bulan ? muncul dan menari di langit! \n\nApa harapanmu saat melihat bintang?",Tolong buatkan saya cerita 3 kalimat. Minimal ada 2 emoji di dalamnya.
demo-test-110,1001,121915,2025-07-17 08:18:52.000,10,"Di hutan, ada seekor kelinci yang sangat cepat ?. Suatu hari, ia berlari dan menemukan wortel besar ?. Kelinci itu sangat senang dan mengajak teman-temannya untuk makan bersama!",Tolong buatkan saya cerita 3 kalimat. Minimal ada 2 emoji di dalamnya.
demo-test-103,1001,121920,2025-07-17 08:19:51.000,11,"Di hutan, seekor kelinci ? berlari cepat mencari wortel. Dia bertemu dengan teman-temannya, seekor burung ? dan tupai. Mereka bersama-sama mencari makanan dan bersenang-senang!",Tolong buatkan saya cerita 3 kalimat. Minimal ada 2 emoji di dalamnya.
demo-test-105,1001,121918,2025-07-17 08:19:51.000,10,"Rina menemukan buku ajaib di perpustakaan ?. Setiap kali dia membaca, buku itu mengeluarkan cahaya berwarna-warni ✨. Rina sangat senang dan ingin membaca setiap halaman!\n\nApa buku favoritmu?",Tolong buatkan saya cerita 3 kalimat. Minimal ada 2 emoji di dalamnya.
demo-test-109,1001,121919,2025-07-17 08:19:51.000,11,"Hari ini, saya melihat film lucu di bioskop. ? Saya tertawa sangat keras bersama teman-teman. ? Kami ingin menonton film lagi minggu depan! \n\nFilm apa yang terakhir kamu tonton?",Tolong buatkan saya cerita 3 kalimat. Minimal ada 2 emoji di dalamnya.
demo-test-104,1001,121923,2025-07-17 08:19:52.000,10,Ani pergi ke pantai ?️. Dia bermain pasir dan membangun istana pasir ?. Ani sangat senang melihat ombak! Apa kamu suka bermain di pantai?,Tolong buatkan saya cerita 3 kalimat. Minimal ada 2 emoji di dalamnya.
demo-test-106,1001,121922,2025-07-17 08:19:52.000,10,"Di hutan yang rimbun, ada seekor kelinci lucu ? yang suka melompat. Suatu hari, dia menemukan wortel besar ? dan sangat senang! Kelinci itu mengajak semua teman untuk berpesta wortel! \n\nApa makanan favorit kamu?",Tolong buatkan saya cerita 3 kalimat. Minimal ada 2 emoji di dalamnya.
demo-test-108,1001,121921,2025-07-17 08:19:52.000,11,"Di hutan, ada seekor kelinci ? yang sangat cepat. Dia berlari untuk mengejar teman-temannya yang bermain petak umpet. Tiba-tiba, dia menemukan wortel besar ? dan semua teman ikut makan! \n\nApa makanan favoritmu?",Tolong buatkan saya cerita 3 kalimat. Minimal ada 2 emoji di dalamnya.
demo-test-101,1001,121924,2025-07-17 08:19:53.000,22,Saya pergi ke konser musik ?. Saya mendengarkan lagu favorit dan menari dengan teman-teman ?. Suasana sangat meriah dan penuh energi! \n\nApa jenis musik yang kamu suka?,Tolong buatkan saya cerita 3 kalimat. Minimal ada 2 emoji di dalamnya.
demo-test-107,1001,121925,2025-07-17 08:19:54.000,11,"Di pasar, ada seorang penjual buah ? yang ramah. Dia menjual banyak buah berwarna-warni ? dan semua orang suka membelinya. Anak-anak datang untuk membeli dan menikmati buah segar! \n\nApa buah favoritmu?",Tolong buatkan saya cerita 3 kalimat. Minimal ada 2 emoji di dalamnya.
demo-test-102,1001,121926,2025-07-17 08:19:55.000,11,"Di sekolah, ada kelas seni yang sangat seru ?. Anak-anak menggambar dan mewarnai dengan bahagia ?. Karya mereka dipajang di dinding kelas! \n\nApa yang kamu suka gambar?",Tolong buatkan saya cerita 3 kalimat. Minimal ada 2 emoji di dalamnya.
demo-test-110,1001,121927,2025-07-17 08:19:56.000,11,"Di sebuah taman, ada seorang anak yang sedang terbang layang-layang ?. Tiba-tiba, angin kencang datang dan membuat layang-layangnya terbang tinggi ?️. Anak itu sangat gembira melihat layang-layangnya melayang di langit!",Tolong buatkan saya cerita 3 kalimat. Minimal ada 2 emoji di dalamnya.
demo-test-105,1001,121928,2025-07-17 08:24:29.000,11,"Ali dan teman-temannya bermain sepak bola di lapangan ⚽. Mereka sangat senang dan berlari ke sana-sini. Tiba-tiba, Ali mencetak gol dan semua orang bersorak! ?\n\nSiapa pemain sepak bola favoritmu?",Tolong buatkan saya cerita 3 kalimat. Minimal ada 2 emoji di dalamnya.
demo-test-101,1001,121929,2025-07-17 08:24:30.000,23,Saya pergi ke kebun ?. Saya menanam bunga dan sayuran ?. Saya merasa senang melihat tanaman tumbuh dengan baik! \n\nApa tanaman yang ingin kamu tanam?,Tolong buatkan saya cerita 3 kalimat. Minimal ada 2 emoji di dalamnya.
demo-test-103,1001,121931,2025-07-17 08:24:30.000,12,"Di sebuah taman, ada seekor anjing kecil ? yang bermain frisbee. Tiba-tiba, dia melihat kucing ? yang sedang tidur di bawah pohon. Anjing itu berlari ke kucing dan mengajaknya bermain!",Tolong buatkan saya cerita 3 kalimat. Minimal ada 2 emoji di dalamnya.
demo-test-104,1001,121930,2025-07-17 08:24:30.000,11,Budi menemukan kucing kecil di jalan ?. Dia membawa pulang kucing itu dan memberinya makan ?. Kucing itu sangat bahagia dan bermain-main di rumah! Apakah kamu suka hewan peliharaan?,Tolong buatkan saya cerita 3 kalimat. Minimal ada 2 emoji di dalamnya.
demo-test-102,1001,121932,2025-07-17 08:24:31.000,12,"Di kebun, ada seorang nenek yang menanam bunga ?. Setiap pagi, dia menyirami bunga-bunga itu dengan penuh kasih sayang ❤️. Bunga-bunga itu tumbuh indah dan membuat semua orang senang! \n\nApa bunga favoritmu?",Tolong buatkan saya cerita 3 kalimat. Minimal ada 2 emoji di dalamnya.
demo-test-101,1001,121934,2025-07-17 08:25:04.000,24,"Hari ini, saya pergi ke museum ?️. Saya melihat banyak lukisan dan patung yang indah ?. Saya belajar banyak tentang seni dan sejarah! \n\nApa yang paling kamu suka lihat di museum?",Tolong buatkan saya cerita 3 kalimat. Minimal ada 2 emoji di dalamnya.
demo-test-102,1001,121933,2025-07-17 08:25:04.000,13,"Di sebuah desa, ada seorang pemuda yang suka memancing ?. Suatu hari, dia menangkap ikan besar ? dan sangat senang. Ikan itu menjadi hidangan spesial untuk keluarganya! \n\nApa makanan favoritmu?",Tolong buatkan saya cerita 3 kalimat. Minimal ada 2 emoji di dalamnya.
demo-test-103,1001,121935,2025-07-17 08:25:04.000,13,"Di pasar, seorang nenek membeli buah-buahan ? dan sayuran ?. Dia senang bertemu dengan teman lamanya dan mereka berbincang-bincang. Setelah itu, nenek pulang dengan penuh kebahagiaan!",Tolong buatkan saya cerita 3 kalimat. Minimal ada 2 emoji di dalamnya.
demo-test-104,1001,121936,2025-07-17 08:25:05.000,12,Lina melihat pelangi setelah hujan ?. Dia sangat senang dan meluk teman-temannya ?. Mereka semua berlari ke luar untuk melihat pelangi bersama! Apakah kamu pernah melihat pelangi?,Tolong buatkan saya cerita 3 kalimat. Minimal ada 2 emoji di dalamnya.
demo-test-105,1001,121937,2025-07-17 08:25:05.000,12,Dina pergi ke kebun binatang dan melihat gajah besar ?. Dia sangat terpesona dan mengambil foto dengan gajah itu ?. Dina ingin kembali lagi suatu hari nanti!\n\nBinatang apa yang paling kamu suka?,Tolong buatkan saya cerita 3 kalimat. Minimal ada 2 emoji di dalamnya.
demo-test-101,1001,121939,2025-07-17 08:33:43.000,25,Saya pergi ke festival makanan ?. Saya mencoba berbagai hidangan lezat seperti nasi goreng dan sate ?. Semua makanan sangat enak dan membuat saya sangat bahagia! \n\nApa makanan favoritmu yang ingin kamu coba?,Tolong buatkan saya cerita 3 kalimat. Minimal ada 2 emoji di dalamnya.
demo-test-104,1001,121938,2025-07-17 08:33:43.000,13,Doni pergi ke kebun binatang ?. Dia melihat singa yang besar dan lucu ?. Doni sangat senang dan mengambil banyak foto! Apa hewan favoritmu di kebun binatang?,Tolong buatkan saya cerita 3 kalimat. Minimal ada 2 emoji di dalamnya.
demo-test-102,1001,121941,2025-07-17 08:33:44.000,14,"Di musim panas, keluarga pergi berlibur ke pantai ?️. Mereka bermain pasir dan berenang di laut ?. Semua orang tertawa dan menikmati waktu bersama! \n\nApa tempat liburan impianmu?",Tolong buatkan saya cerita 3 kalimat. Minimal ada 2 emoji di dalamnya.
demo-test-103,1001,121940,2025-07-17 08:33:44.000,14,"Di pagi hari, seorang anak bernama Rina melihat pelangi ? di langit. Dia sangat senang dan berlari ke luar rumah untuk mengambil foto ?. Rina menunjukkan foto itu kepada semua temannya!",Tolong buatkan saya cerita 3 kalimat. Minimal ada 2 emoji di dalamnya.
demo-test-105,1001,121942,2025-07-17 08:33:45.000,13,Toni membuat kue coklat di rumah ?. Dia sangat senang saat kue itu matang dan wangi sekali. Semua keluarga Toni mencicipi dan mereka semua suka! ?\n\nApa makanan manis favoritmu?,Tolong buatkan saya cerita 3 kalimat. Minimal ada 2 emoji di dalamnya.
demo-test-102,1001,121943,2025-07-17 08:34:04.000,15,"Di malam hari, ada kembang api yang indah di langit ?. Anak-anak dan orang dewasa semua melihat dengan kagum ?. Suasana penuh keceriaan dan kebahagiaan! \n\nApa acara favoritmu saat malam tahun baru?",Tolong buatkan saya cerita 3 kalimat. Minimal ada 2 emoji di dalamnya.
demo-test-104,1001,121945,2025-07-17 08:34:05.000,14,"Siti membuat kue cokelat di dapur ?. Dia menambahkan cokelat dan taburan warna-warni ?. Setelah matang, kue itu terlihat sangat lezat! Apa kamu suka membuat kue juga?",Tolong buatkan saya cerita 3 kalimat. Minimal ada 2 emoji di dalamnya.
demo-test-105,1001,121944,2025-07-17 08:34:05.000,14,Rina pergi ke pantai dan bermain layang-layang ?. Angin bertiup kencang dan layang-layangnya terbang tinggi di langit. Rina sangat senang melihat layang-layangnya menari! ?\n\nApa kegiatan favoritmu di pantai?,Tolong buatkan saya cerita 3 kalimat. Minimal ada 2 emoji di dalamnya.
demo-test-101,1001,121947,2025-07-17 08:34:06.000,26,"Saya pergi ke taman kota ?. Di sana, saya melihat burung-burung terbang dan anak-anak bermain ?. Suasana sangat tenang dan menyenangkan! \n\nApa yang kamu lakukan saat berada di taman?",Tolong buatkan saya cerita 3 kalimat. Minimal ada 2 emoji di dalamnya.
demo-test-103,1001,121946,2025-07-17 08:34:06.000,15,"Di sebuah desa, ada seorang petani yang menanam padi ?. Suatu hari, hujan turun dan membuat sawahnya hijau subur ?️. Petani itu sangat bahagia karena panennya akan melimpah!",Tolong buatkan saya cerita 3 kalimat. Minimal ada 2 emoji di dalamnya.
demo-test-106,1001,121948,2025-07-17 08:38:09.000,11,"Di sebuah kota kecil, ada seorang gadis bernama Siti ?. Dia suka menggambar dan selalu membawa pensil warna ?. Suatu hari, Siti menggambar mural besar di dinding sekolahnya! \n\nApa yang kamu suka gambar?",Tolong buatkan saya cerita 3 kalimat. Minimal ada 2 emoji di dalamnya.
demo-test-101,1001,121950,2025-07-17 08:38:10.000,27,"Hari ini, saya membuat kerajinan tangan ?. Saya menghias kotak dengan kertas warna-warni dan stiker ?. Hasilnya sangat cantik dan saya sangat bangga! \n\nApa kerajinan tangan yang ingin kamu buat?",Tolong buatkan saya cerita 3 kalimat. Minimal ada 2 emoji di dalamnya.
demo-test-102,1001,121954,2025-07-17 08:38:10.000,16,"Di hutan, ada seekor kelinci yang sangat cepat ?. Suatu hari, dia berlari untuk mengejar teman-temannya yang bermain ?️. Mereka semua tertawa dan bersenang-senang bersama! \n\nApa hewan favoritmu?",Tolong buatkan saya cerita 3 kalimat. Minimal ada 2 emoji di dalamnya.
demo-test-103,1001,121955,2025-07-17 08:38:10.000,16,"Di malam hari, sekelompok teman berkumpul untuk melihat bintang ⭐. Mereka membawa makanan ringan ? dan menikmati waktu bersama. Semua orang tertawa dan berbagi cerita di bawah langit yang indah!",Tolong buatkan saya cerita 3 kalimat. Minimal ada 2 emoji di dalamnya.
demo-test-104,1001,121956,2025-07-17 08:38:10.000,15,Rina pergi berkemah di hutan ?. Dia melihat bintang-bintang di langit yang cerah ?. Rina sangat senang tidur di tenda bersama teman-temannya! Apakah kamu suka berkemah?,Tolong buatkan saya cerita 3 kalimat. Minimal ada 2 emoji di dalamnya.
demo-test-105,1001,121951,2025-07-17 08:38:10.000,15,"Farhan menemukan sebuah telur besar di hutan ?. Dia membawanya pulang dan merawatnya dengan baik. Suatu hari, telur itu menetas dan keluar seekor burung cantik! ?\n\nApa hewan yang ingin kamu pelihara?",Tolong buatkan saya cerita 3 kalimat. Minimal ada 2 emoji di dalamnya.
demo-test-107,1001,121952,2025-07-17 08:38:10.000,12,"Di taman bermain, ada seorang anak ? yang bermain ayunan. Dia sangat senang dan tertawa ? saat ayunannya tinggi. Teman-temannya juga ikut bermain dan bersenang-senang bersama! \n\nApa permainan favoritmu di taman?",Tolong buatkan saya cerita 3 kalimat. Minimal ada 2 emoji di dalamnya.
demo-test-109,1001,121953,2025-07-17 08:38:10.000,12,Saya pergi ke kebun binatang dan melihat hewan-hewan. ? Saya sangat senang melihat singa dan jerapah. ? Kami mengambil banyak foto bersama! \n\nHewan apa yang paling kamu suka?,Tolong buatkan saya cerita 3 kalimat. Minimal ada 2 emoji di dalamnya.
demo-test-110,1001,121949,2025-07-17 08:38:10.000,12,"Di sebuah kebun, ada seekor anjing yang suka bermain frisbee ?. Suatu hari, anjing itu berlari dan menangkap frisbee di udara ?. Pemiliknya sangat bangga dan memberi anjingnya camilan lezat!",Tolong buatkan saya cerita 3 kalimat. Minimal ada 2 emoji di dalamnya.
demo-test-108,1001,121957,2025-07-17 08:38:11.000,12,"Di taman, seorang anak sedang terbang layang-layang ? yang berwarna-warni. Angin bertiup kencang dan layang-layang itu terbang tinggi. Tiba-tiba, burung-burung ? ikut terbang di sampingnya! \n\nApakah kamu suka bermain layang-layang?",Tolong buatkan saya cerita 3 kalimat. Minimal ada 2 emoji di dalamnya.
demo-test-107,1001,121960,2025-07-17 08:44:01.000,13,"Di rumah, ada seekor anjing ? yang menunggu tuannya pulang. Ketika tuannya datang, anjing itu melompat-lompat dengan gembira ?. Mereka bermain bersama di halaman dan sangat bahagia! \n\nApakah kamu punya hewan peliharaan?",Tolong buatkan saya cerita 3 kalimat. Minimal ada 2 emoji di dalamnya.
demo-test-108,1001,121958,2025-07-17 08:44:01.000,13,"Seorang pemuda pergi ke pasar ? untuk membeli buah. Dia menemukan apel merah ? yang sangat segar dan lezat. Setelah itu, dia pulang dan membuat jus apel! \n\nApa buah favoritmu?",Tolong buatkan saya cerita 3 kalimat. Minimal ada 2 emoji di dalamnya.
demo-test-110,1001,121959,2025-07-17 08:44:01.000,13,"Di tepi danau, ada seorang nenek yang sedang memberi makan bebek ?. Bebek-bebek itu sangat lapar dan berkerumun di sekeliling nenek ?. Nenek itu tersenyum dan terus membagikan roti untuk mereka!",Tolong buatkan saya cerita 3 kalimat. Minimal ada 2 emoji di dalamnya.
demo-test-102,1001,121962,2025-07-17 08:44:02.000,17,"Di sebuah desa, ada seorang petani yang menanam sayuran ?. Setiap pagi, dia merawat tanaman dengan cinta ❤️. Sayurannya tumbuh subur dan enak untuk dimakan! \n\nApa sayuran favoritmu?",Tolong buatkan saya cerita 3 kalimat. Minimal ada 2 emoji di dalamnya.
demo-test-104,1001,121961,2025-07-17 08:44:02.000,16,"Fajar menemukan telur burung di pohon ?. Dia merawat telur itu dengan penuh kasih sayang ❤️. Suatu hari, telur itu menetas dan bayi burung keluar! Apakah kamu suka melihat burung?",Tolong buatkan saya cerita 3 kalimat. Minimal ada 2 emoji di dalamnya.
demo-test-109,1001,121963,2025-07-17 08:44:02.000,13,Saya pergi berkemah di gunung bersama teman-teman. ⛺ Kami memasak makanan dan bercerita di sekitar api unggun. ? Malam itu sangat seru dan penuh tawa! \n\nApa kegiatan seru yang kamu lakukan akhir pekan ini?,Tolong buatkan saya cerita 3 kalimat. Minimal ada 2 emoji di dalamnya.
demo-test-105,1001,121964,2025-07-17 08:44:03.000,16,Lina pergi ke taman dan melihat bunga-bunga berwarna-warni ?. Dia memutuskan untuk memetik beberapa bunga untuk teman-temannya. Semua teman Lina sangat senang menerima bunga-bunga itu! ?\n\nApa bunga favoritmu?,Tolong buatkan saya cerita 3 kalimat. Minimal ada 2 emoji di dalamnya.
demo-test-106,1001,121965,2025-07-17 08:44:03.000,12,"Di sebuah taman, ada seekor anjing bernama Max ? yang sangat ceria. Dia suka berlari dan bermain frisbee dengan pemiliknya ?. Suatu hari, Max menangkap frisbee di udara dan semua orang bertepuk tangan! \n\nApa hewan peliharaan favoritmu?",Tolong buatkan saya cerita 3 kalimat. Minimal ada 2 emoji di dalamnya.
demo-test-103,1001,121966,2025-07-17 08:44:05.000,17,"Di sekolah, anak-anak merayakan ulang tahun teman mereka ?. Mereka membawa kue ? dan menyanyikan lagu selamat ulang tahun. Semua orang senang dan menikmati pesta bersama!",Tolong buatkan saya cerita 3 kalimat. Minimal ada 2 emoji di dalamnya.
demo-test-101,1001,121967,2025-07-17 08:44:06.000,28,"Saya pergi ke pantai saat matahari terbenam ?. Langit berwarna oranye dan merah, sangat indah ?. Saya merasa tenang dan senang melihat pemandangan itu! \n\nApa yang kamu suka lakukan saat di pantai?",Tolong buatkan saya cerita 3 kalimat. Minimal ada 2 emoji di dalamnya.
demo-test-101,1001,121969,2025-07-17 08:44:38.000,29,Saya pergi ke perpustakaan ?. Saya menemukan buku cerita yang menarik dan mulai membaca ?. Waktu berlalu dengan cepat karena saya sangat menikmati ceritanya! \n\nApa buku favoritmu yang pernah kamu baca?,Tolong buatkan saya cerita 3 kalimat. Minimal ada 2 emoji di dalamnya.
demo-test-103,1001,121968,2025-07-17 08:44:38.000,18,"Di taman, seorang gadis kecil sedang memberi makan burung ?. Tiba-tiba, seekor kelinci ? muncul dan ikut makan. Mereka menjadi teman baik dan bermain bersama sepanjang hari!",Tolong buatkan saya cerita 3 kalimat. Minimal ada 2 emoji di dalamnya.
demo-test-109,1001,121970,2025-07-17 08:44:38.000,14,Saya pergi ke festival musik di kota. ? Banyak orang menari dan menikmati pertunjukan. ? Saya merasa sangat bahagia dan ikut bernyanyi! \n\nApa jenis musik yang kamu suka?,Tolong buatkan saya cerita 3 kalimat. Minimal ada 2 emoji di dalamnya.
demo-test-102,1001,121979,2025-07-17 08:44:39.000,18,"Di taman, ada seekor anjing lucu ? yang suka bermain frisbee. Setiap kali dia menangkap frisbee, dia melompat dengan gembira ?. Semua orang di taman tersenyum melihatnya! \n\nApa hewan peliharaan yang kamu suka?",Tolong buatkan saya cerita 3 kalimat. Minimal ada 2 emoji di dalamnya.
demo-test-104,1001,121973,2025-07-17 08:44:39.000,17,Tina pergi ke festival kembang api ?. Dia melihat berbagai warna yang indah di langit ?. Tina sangat senang dan bertepuk tangan bersama teman-temannya! Apakah kamu suka kembang api?,Tolong buatkan saya cerita 3 kalimat. Minimal ada 2 emoji di dalamnya.
demo-test-105,1001,121972,2025-07-17 08:44:39.000,17,"Doni menemukan peta harta karun di loteng rumahnya ?️. Dia dan temannya pergi mencari harta itu di hutan. Setelah mencarinya, mereka menemukan peti penuh permen! ?\n\nApa petualangan yang ingin kamu lakukan?",Tolong buatkan saya cerita 3 kalimat. Minimal ada 2 emoji di dalamnya.
demo-test-106,1001,121978,2025-07-17 08:44:39.000,13,"Di desa, ada seorang nenek yang membuat kue lezat ?. Setiap minggu, anak-anak datang untuk mencicipi kue-kue itu ?. Nenek selalu tersenyum dan memberi mereka cerita menarik! \n\nApa makanan manis favoritmu?",Tolong buatkan saya cerita 3 kalimat. Minimal ada 2 emoji di dalamnya.
demo-test-107,1001,121976,2025-07-17 08:44:39.000,14,"Di sekolah, ada seorang guru ? yang mengajarkan siswa dengan ceria. Siswa-siswa itu mendengarkan dengan penuh perhatian dan tertawa ? saat belajar. Mereka semua senang dan ingin belajar lebih banyak! \n\nApa pelajaran favoritmu di sekolah?",Tolong buatkan saya cerita 3 kalimat. Minimal ada 2 emoji di dalamnya.
demo-test-108,1001,121980,2025-07-17 08:44:39.000,14,"Di pagi hari, matahari terbit ? dan memberikan cahaya hangat. Seorang pelukis mulai menggambar pemandangan indah di taman. Tiba-tiba, kupu-kupu ? terbang dan menghampiri kanvasnya! \n\nApa kamu suka menggambar?",Tolong buatkan saya cerita 3 kalimat. Minimal ada 2 emoji di dalamnya.
demo-test-111,1001,121971,2025-07-17 08:44:39.000,8,Budi pergi ke pasar ? untuk membeli buah. Dia membeli apel merah ? dan pisang kuning. Budi pulang dengan senyum lebar! \n\nApa buah favoritmu?,Tolong buatkan saya cerita 3 kalimat. Minimal ada 2 emoji di dalamnya.
demo-test-113,1001,121975,2025-07-17 08:44:39.000,8,"Kucing saya sangat lucu ?. Dia suka bermain dengan bola benang ?. Setiap hari, kami bersenang-senang bersama! \n\nApa hewan peliharaan yang kamu suka?",Tolong buatkan saya cerita 3 kalimat. Minimal ada 2 emoji di dalamnya.
demo-test-114,1001,121974,2025-07-17 08:44:39.000,8,Budi menemukan kucing kecil di jalan ?. Dia membawa kucing itu pulang dan memberi makan ?. Kucing itu sangat bahagia dan menjadi teman Budi! \n\nApakah kamu punya hewan peliharaan?,Tolong buatkan saya cerita 3 kalimat. Minimal ada 2 emoji di dalamnya.
demo-test-119,1001,121977,2025-07-17 08:44:39.000,8,"Di pantai, anak-anak bermain pasir ?️. Mereka membangun istana pasir yang besar ?. Semua orang senang dan tertawa! \n\nApa aktivitas favoritmu di pantai?",Tolong buatkan saya cerita 3 kalimat. Minimal ada 2 emoji di dalamnya.
demo-test-110,1001,121984,2025-07-17 08:44:40.000,14,"Di pagi hari, seorang anak pergi ke sekolah dengan sepeda ?. Di jalan, dia melihat pelangi yang cantik ?. Anak itu merasa sangat bahagia dan bersemangat untuk belajar!",Tolong buatkan saya cerita 3 kalimat. Minimal ada 2 emoji di dalamnya.
demo-test-112,1001,121982,2025-07-17 08:44:40.000,8,Rudi menemukan kucing lucu di taman. ? Dia memberi makan kucing itu dengan ikan. ? Kucing itu sangat senang dan mengikuti Rudi pulang! \n\nApa hewan peliharaan favoritmu?,Tolong buatkan saya cerita 3 kalimat. Minimal ada 2 emoji di dalamnya.
demo-test-117,1001,121983,2025-07-17 08:44:40.000,8,"Di pagi hari, saya minum kopi ☕ dan membaca buku. Cerita di buku itu sangat menarik! ? Saya ingin membacanya lagi nanti.\n\nApa jenis buku yang kamu suka?",Tolong buatkan saya cerita 3 kalimat. Minimal ada 2 emoji di dalamnya.
demo-test-118,1001,121985,2025-07-17 08:44:40.000,8,"Di pagi hari, Budi membuat sarapan ?. Ia memasak telur dan roti panggang, lalu menikmati sambil mendengarkan musik ?. Hari itu terasa sangat menyenangkan! \n\nApa makanan favoritmu untuk sarapan?",Tolong buatkan saya cerita 3 kalimat. Minimal ada 2 emoji di dalamnya.
demo-test-120,1001,121981,2025-07-17 08:44:40.000,8,"Rudi punya anjing lucu bernama Bola. ? Setiap pagi, Rudi dan Bola bermain di taman. ? Mereka sangat bahagia bersama! \n\nSiapa teman baikmu?",Tolong buatkan saya cerita 3 kalimat. Minimal ada 2 emoji di dalamnya.
demo-test-115,1001,121986,2025-07-17 08:44:41.000,8,"Di pagi hari, saya bangun dan melihat matahari terbit ?. Saya minum kopi sambil mendengarkan musik ?. Hari ini akan menjadi hari yang menyenangkan! \n\nApa yang biasanya kamu lakukan di pagi hari?",Tolong buatkan saya cerita 3 kalimat. Minimal ada 2 emoji di dalamnya.
demo-test-116,1001,121987,2025-07-17 08:44:41.000,8,"Saya memiliki kucing lucu ?. Dia suka bermain bola dan berlari di rumah ?. Setiap hari, kami bersenang-senang bersama! \n\nKamu punya hewan peliharaan? Ceritakan sedikit tentang mereka!",Tolong buatkan saya cerita 3 kalimat. Minimal ada 2 emoji di dalamnya.
demo-test-101,1001,121989,2025-07-17 08:44:58.000,30,Saya pergi ke taman bermain ?. Saya bermain ayunan dan perosotan dengan teman-teman ??. Kami tertawa dan bersenang-senang sepanjang hari! \n\nApa permainan favoritmu di taman bermain?,Tolong buatkan saya cerita 3 kalimat. Minimal ada 2 emoji di dalamnya.
demo-test-109,1001,121988,2025-07-17 08:44:58.000,15,Saya pergi ke taman bermain dengan keluarga. ? Kami mencoba semua wahana dan tertawa bersama. ? Hari itu sangat menyenangkan dan penuh kebahagiaan! \n\nWahana mana yang paling kamu suka?,Tolong buatkan saya cerita 3 kalimat. Minimal ada 2 emoji di dalamnya.
demo-test-102,1001,121996,2025-07-17 08:44:59.000,19,"Di sebuah kota, ada seorang koki yang membuat kue lezat ?. Setiap hari, banyak orang datang untuk membeli kue-kue itu ?. Mereka semua sangat senang dan puas! \n\nApa makanan penutup favoritmu?",Tolong buatkan saya cerita 3 kalimat. Minimal ada 2 emoji di dalamnya.
demo-test-104,1001,121994,2025-07-17 08:44:59.000,18,Andi pergi ke taman bermain ?. Dia bermain ayunan dan perosotan dengan teman-temannya ?. Mereka tertawa dan bersenang-senang sepanjang hari! Apa permainan favoritmu di taman bermain?,Tolong buatkan saya cerita 3 kalimat. Minimal ada 2 emoji di dalamnya.
demo-test-108,1001,122005,2025-07-17 08:44:59.000,15,"Di sebuah desa, ada festival kembang api ? yang sangat meriah. Semua orang berkumpul untuk melihat warna-warni yang indah di langit. Anak-anak berlari-lari sambil memegang balon ? dan tertawa bahagia! \n\nApa kamu suka festival?",Tolong buatkan saya cerita 3 kalimat. Minimal ada 2 emoji di dalamnya.
demo-test-111,1001,122000,2025-07-17 08:44:59.000,9,Siti membuat kue cokelat ? di rumah. Dia sangat senang ketika kue itu matang dan wangi! Siti mengundang teman-temannya untuk mencicipi kue lezat itu ?. \n\nApa kamu suka membuat kue juga?,Tolong buatkan saya cerita 3 kalimat. Minimal ada 2 emoji di dalamnya.
demo-test-116,1001,122004,2025-07-17 08:44:59.000,9,"Hari ini, saya pergi ke pasar dan membeli buah ?. Saya melihat banyak sayuran segar dan warna-warni ?. Saya sangat senang bisa memasak makanan sehat! \n\nApa makanan favoritmu yang ingin kamu masak?",Tolong buatkan saya cerita 3 kalimat. Minimal ada 2 emoji di dalamnya.
demo-test-120,1001,122001,2025-07-17 08:44:59.000,9,"Lina suka memasak kue coklat. ? Suatu hari, dia mengundang teman-temannya untuk mencicipi kue buatannya. ? Semua orang sangat senang dan menyukai kue itu! \n\nApa makanan favoritmu?",Tolong buatkan saya cerita 3 kalimat. Minimal ada 2 emoji di dalamnya.
demo-test-131,1001,121997,2025-07-17 08:44:59.000,7,Siti pergi ke pasar ? untuk membeli buah-buahan. Dia melihat banyak warna-warni buah ? dan memilih apel merah yang besar. Siti pulang dengan senyum lebar! \n\nApa kamu suka pergi ke pasar?,Tolong buatkan saya cerita 3 kalimat. Minimal ada 2 emoji di dalamnya.
demo-test-132,1001,121991,2025-07-17 08:44:59.000,7,"Suatu hari, saya pergi ke pantai. ?️ Di sana, saya melihat banyak ikan berwarna-warni. ? Saya sangat senang dan berenang bersama teman-teman! \n\nApa pengalaman seru kamu di pantai?",Tolong buatkan saya cerita 3 kalimat. Minimal ada 2 emoji di dalamnya.
demo-test-135,1001,121999,2025-07-17 08:44:59.000,7,Siti pergi ke taman ? dan melihat bunga-bunga yang indah. Dia bermain frisbee dengan teman-temannya ?. Mereka semua sangat senang dan tertawa bersama! \n\nApa kegiatan favoritmu di taman?,Tolong buatkan saya cerita 3 kalimat. Minimal ada 2 emoji di dalamnya.
demo-test-138,1001,121993,2025-07-17 08:44:59.000,7,"Suatu hari, saya pergi ke pantai ?️. Saya melihat banyak orang bermain bola voli dan bersenang-senang. Saya juga ikut bermain dan sangat senang! ?\n\nApa cerita favorit kamu?",Tolong buatkan saya cerita 3 kalimat. Minimal ada 2 emoji di dalamnya.
demo-test-141,1001,121990,2025-07-17 08:44:59.000,7,"Suatu hari, Mia pergi ke pantai. ?️ Dia bermain bola dan membangun istana pasir. ? Semua teman-temannya sangat senang! \n\nApa kamu suka pergi ke pantai?",Tolong buatkan saya cerita 3 kalimat. Minimal ada 2 emoji di dalamnya.
demo-test-142,1001,121995,2025-07-17 08:44:59.000,7,"Di sebuah desa, ada kucing lucu ? bernama Milo. Milo suka bermain di taman ? dan bertemu teman-temannya setiap hari. Suatu hari, mereka menemukan bola warna-warni dan bermain bersama! \n\nApa kamu suka kucing?",Tolong buatkan saya cerita 3 kalimat. Minimal ada 2 emoji di dalamnya.
demo-test-143,1001,122002,2025-07-17 08:44:59.000,7,"Di sebuah taman, ada seekor kucing ? yang bermain dengan bola warna-warni. Tiba-tiba, kucing itu melihat burung ? terbang tinggi. Kucing itu berlari, tetapi burung itu sudah pergi!",Tolong buatkan saya cerita 3 kalimat. Minimal ada 2 emoji di dalamnya.
demo-test-145,1001,121992,2025-07-17 08:44:59.000,7,"Di sebuah desa kecil, ada seekor kucing lucu ? yang suka bermain di taman. Suatu hari, dia menemukan bola warna-warni ? dan mulai mengejarnya. Semua teman-temannya datang untuk bermain bersama!  \n\nApa kamu suka kucing?",Tolong buatkan saya cerita 3 kalimat. Minimal ada 2 emoji di dalamnya.
demo-test-148,1001,121998,2025-07-17 08:44:59.000,7,"Di sebuah taman, ada seekor kucing ? yang lucu. Kucing itu bermain dengan bola warna-warni ?. Semua anak-anak tertawa dan senang melihatnya! \n\nApa kamu suka hewan peliharaan?",Tolong buatkan saya cerita 3 kalimat. Minimal ada 2 emoji di dalamnya.
demo-test-149,1001,122003,2025-07-17 08:44:59.000,7,"Suatu hari, Lisa pergi ke pantai ?️. Dia melihat banyak burung terbang di langit dan bermain di air ?. Lisa sangat senang dan mengambil foto-foto! \n\nApa kamu suka pantai juga?",Tolong buatkan saya cerita 3 kalimat. Minimal ada 2 emoji di dalamnya.
demo-test-103,1001,122012,2025-07-17 08:45:00.000,19,"Di pantai, seorang anak membuat istana pasir ? yang besar. Dia sangat bangga dan mengajak teman-temannya untuk bermain ?. Mereka semua tertawa dan bersenang-senang di bawah sinar matahari!",Tolong buatkan saya cerita 3 kalimat. Minimal ada 2 emoji di dalamnya.
demo-test-105,1001,122021,2025-07-17 08:45:00.000,18,Nina membuat lukisan indah di sekolah seni ?. Dia menggunakan banyak warna cerah dan sangat senang dengan karyanya. Teman-temannya memuji lukisannya dan meminta untuk melihat lebih banyak! ?\n\nApa hobi kreatif yang kamu suka?,Tolong buatkan saya cerita 3 kalimat. Minimal ada 2 emoji di dalamnya.
demo-test-106,1001,122007,2025-07-17 08:45:00.000,14,"Di pagi yang cerah, ada seorang pemuda bernama Ali yang pergi memancing ?. Ia menangkap ikan besar dan sangat senang ?. Teman-temannya datang merayakan hasil pancingan Ali! \n\nApa kegiatan favoritmu di akhir pekan?",Tolong buatkan saya cerita 3 kalimat. Minimal ada 2 emoji di dalamnya.
demo-test-107,1001,122025,2025-07-17 08:45:00.000,15,"Di malam hari, ada bintang ⭐ yang bersinar terang di langit. Seorang gadis kecil ? melihat bintang itu dan membuat harapan. Dia berharap agar semua orang bahagia dan sehat! \n\nApa harapanmu saat melihat bintang?",Tolong buatkan saya cerita 3 kalimat. Minimal ada 2 emoji di dalamnya.
demo-test-110,1001,122027,2025-07-17 08:45:00.000,15,"Pada suatu hari, seekor kucing kecil bermain di taman ?. Tiba-tiba, ia menemukan bola benang berwarna-warni ?. Kucing itu sangat senang dan mulai mengejar bola itu dengan cepat!",Tolong buatkan saya cerita 3 kalimat. Minimal ada 2 emoji di dalamnya.
demo-test-112,1001,122016,2025-07-17 08:45:00.000,9,Siti pergi ke pantai bersama teman-temannya. ? Mereka bermain pasir dan membuat istana pasir yang besar. ? Semua orang sangat senang dan tertawa! \n\nKamu suka berlibur ke mana?,Tolong buatkan saya cerita 3 kalimat. Minimal ada 2 emoji di dalamnya.
demo-test-113,1001,122017,2025-07-17 08:45:00.000,9,"Di pantai, saya menemukan kerang ?. Ombak datang dan basahiku ?. Saya tertawa dan bermain air! \n\nApa tempat favoritmu untuk berlibur?",Tolong buatkan saya cerita 3 kalimat. Minimal ada 2 emoji di dalamnya.
demo-test-114,1001,122014,2025-07-17 08:45:00.000,9,Siti pergi ke pasar dan membeli buah-buahan ??. Dia sangat senang karena semua buahnya segar. Siti pulang dan membuat smoothie lezat! \n\nApa smoothie favoritmu?,Tolong buatkan saya cerita 3 kalimat. Minimal ada 2 emoji di dalamnya.
demo-test-115,1001,122022,2025-07-17 08:45:00.000,9,"Saya pergi ke pasar dan melihat banyak buah segar ??. Saya membeli beberapa untuk membuat smoothie yang enak. Setelah itu, saya menikmati smoothie sambil membaca buku ?. \n\nApa jenis buah favoritmu?",Tolong buatkan saya cerita 3 kalimat. Minimal ada 2 emoji di dalamnya.
demo-test-117,1001,122026,2025-07-17 08:45:00.000,9,"Pada hari libur, saya pergi ke pantai. ?️ Saya bermain pasir dan membuat istana pasir yang besar! ? Matahari bersinar cerah dan saya sangat senang.\n\nApa aktivitas favoritmu saat liburan?",Tolong buatkan saya cerita 3 kalimat. Minimal ada 2 emoji di dalamnya.
demo-test-119,1001,122018,2025-07-17 08:45:00.000,9,"Di kebun, ada bunga-bunga cantik ? yang mekar. Seekor kupu-kupu ? terbang dan hinggap di bunga. Suasana sangat indah dan tenang! \n\nKamu suka bunga apa?",Tolong buatkan saya cerita 3 kalimat. Minimal ada 2 emoji di dalamnya.
demo-test-121,1001,122023,2025-07-17 08:45:00.000,7,"Hari ini, saya pergi ke taman ? dan melihat burung-burung bernyanyi. Saya juga bermain frisbee dengan teman-teman saya ?. Kami sangat senang dan tertawa bersama! \n\nApa cerita favoritmu?",Tolong buatkan saya cerita 3 kalimat. Minimal ada 2 emoji di dalamnya.
demo-test-122,1001,122008,2025-07-17 08:45:00.000,7,"Suatu hari, Siti pergi ke pantai ?️. Dia melihat banyak ikan berwarna-warni ? di air. Siti sangat senang dan bermain di pantai! \n\nApa kamu suka pantai juga?",Tolong buatkan saya cerita 3 kalimat. Minimal ada 2 emoji di dalamnya.
demo-test-127,1001,122013,2025-07-17 08:45:00.000,7,"Di sebuah desa, ada seekor kucing lucu ?. Kucing itu suka berkeliling dan bermain dengan teman-temannya. Suatu hari, dia menemukan bola warna-warni ? dan semua hewan datang bermain bersamanya! \n\nApa hewan kesukaanmu?",Tolong buatkan saya cerita 3 kalimat. Minimal ada 2 emoji di dalamnya.
demo-test-128,1001,122030,2025-07-17 08:45:00.000,7,"Suatu hari, saya pergi ke taman ?. Di sana, saya melihat burung-burung bernyanyi ?. Saya merasa sangat bahagia dan ingin kembali lagi! \n\nApa kegiatan favoritmu di akhir pekan?",Tolong buatkan saya cerita 3 kalimat. Minimal ada 2 emoji di dalamnya.
demo-test-129,1001,122020,2025-07-17 08:45:00.000,7,"Hari ini, saya pergi ke taman ? dan melihat banyak bunga yang indah. Saya juga bermain frisbee dengan teman-teman saya ?. Kami sangat senang dan tertawa bersama!",Tolong buatkan saya cerita 3 kalimat. Minimal ada 2 emoji di dalamnya.
demo-test-130,1001,122032,2025-07-17 08:45:00.000,7,"Di sebuah desa kecil, ada seekor kucing lucu ? yang suka bermain dengan anak-anak. Suatu hari, kucing itu menemukan bola warna-warni ? dan semua orang ikut bermain. Mereka tertawa dan bersenang-senang bersama! \n\nApa kamu punya hewan peliharaan?",Tolong buatkan saya cerita 3 kalimat. Minimal ada 2 emoji di dalamnya.
demo-test-133,1001,122009,2025-07-17 08:45:00.000,7,"Hari ini, saya pergi ke pasar ?. Saya membeli buah dan sayur segar ?. Setelah itu, saya pulang dan memasak makanan enak!",Tolong buatkan saya cerita 3 kalimat. Minimal ada 2 emoji di dalamnya.
demo-test-134,1001,122010,2025-07-17 08:45:00.000,7,"Suatu hari, saya pergi ke pantai ?️. Saya melihat banyak orang bermain bola dan bersenang-senang. Kemudian, saya makan es krim ? yang sangat enak! \n\nApa cerita favoritmu?",Tolong buatkan saya cerita 3 kalimat. Minimal ada 2 emoji di dalamnya.
demo-test-136,1001,122019,2025-07-17 08:45:00.000,7,"Saya pergi ke pantai ?️. Di sana, saya bermain pasir dan mencari kerang ?. Hari itu sangat menyenangkan! Apa kegiatan favoritmu di pantai?",Tolong buatkan saya cerita 3 kalimat. Minimal ada 2 emoji di dalamnya.
demo-test-137,1001,122015,2025-07-17 08:45:00.000,7,"Suatu hari, saya pergi ke taman ?. Di sana, saya melihat banyak bunga berwarna-warni ?. Saya sangat senang dan mengambil foto-foto! \n\nApa warna bunga favoritmu?",Tolong buatkan saya cerita 3 kalimat. Minimal ada 2 emoji di dalamnya.
demo-test-139,1001,122031,2025-07-17 08:45:00.000,7,"Di sebuah taman, saya melihat burung-burung ? terbang tinggi. Mereka bernyanyi merdu dan membuat saya tersenyum ?. Saya merasa sangat bahagia di sana! \n\nApa kamu punya hewan peliharaan?",Tolong buatkan saya cerita 3 kalimat. Minimal ada 2 emoji di dalamnya.
demo-test-140,1001,122024,2025-07-17 08:45:00.000,7,"Di sebuah taman, ada seekor kucing ? yang lucu. Kucing itu bermain dengan bola benang ? dan semua orang tertawa. Akhirnya, kucing itu tidur di bangku taman. \n\nApa yang kamu suka lakukan di taman?",Tolong buatkan saya cerita 3 kalimat. Minimal ada 2 emoji di dalamnya.
demo-test-144,1001,122028,2025-07-17 08:45:00.000,7,"Suatu hari, saya pergi ke taman ?. Di sana, saya melihat banyak burung bernyanyi ?. Saya merasa sangat senang dan ingin berlari bersama mereka! \n\nApa yang biasanya kamu lakukan di taman?",Tolong buatkan saya cerita 3 kalimat. Minimal ada 2 emoji di dalamnya.
demo-test-146,1001,122029,2025-07-17 08:45:00.000,7,"Ada seekor kucing lucu ? yang bernama Mimi. Mimi suka bermain bola benang setiap hari ?. Suatu hari, dia menemukan teman baru dan mereka bermain bersama! \n\nSiapa teman favoritmu?",Tolong buatkan saya cerita 3 kalimat. Minimal ada 2 emoji di dalamnya.
demo-test-147,1001,122006,2025-07-17 08:45:00.000,7,"Si Budi pergi ke pasar ?. Dia membeli buah-buahan ? dan sayuran segar. Setelah itu, Budi pulang dengan senyum lebar! Apa makanan favoritmu?",Tolong buatkan saya cerita 3 kalimat. Minimal ada 2 emoji di dalamnya.
demo-test-150,1001,122011,2025-07-17 08:45:00.000,7,Sari pergi ke pasar ?. Dia membeli buah dan sayur ?. Sari pulang dengan bahagia!,Tolong buatkan saya cerita 3 kalimat. Minimal ada 2 emoji di dalamnya.
demo-test-118,1001,122034,2025-07-17 08:45:01.000,9,"Siti pergi ke pasar ? untuk membeli sayuran. Dia bertemu teman-temannya dan mereka tertawa bersama ?. Setelah belanja, Siti pulang dengan senyum lebar! \n\nApa yang biasanya kamu beli di pasar?",Tolong buatkan saya cerita 3 kalimat. Minimal ada 2 emoji di dalamnya.
demo-test-123,1001,122035,2025-07-17 08:45:01.000,7,"Suatu hari, seorang kucing ? menemukan bola warna-warni ? di taman. Kucing itu bermain dengan bahagia dan melompat-lompat. Semua teman-temannya datang untuk bergabung dan mereka bersenang-senang bersama! \n\nApa cerita favoritmu?",Tolong buatkan saya cerita 3 kalimat. Minimal ada 2 emoji di dalamnya.
demo-test-124,1001,122036,2025-07-17 08:45:01.000,7,"Ada seekor kucing lucu ? yang suka bermain di taman. Suatu hari, dia menemukan bola berwarna-warni ? dan mulai mengejarnya. Kucing itu sangat senang dan melompat-lompat! \n\nApa hewan peliharaan favoritmu?",Tolong buatkan saya cerita 3 kalimat. Minimal ada 2 emoji di dalamnya.
demo-test-125,1001,122037,2025-07-17 08:45:01.000,7,"Di sebuah hutan, ada seekor kelinci ? yang sangat cepat. Suatu hari, dia bertemu dengan kura-kura ? yang lambat. Kelinci dan kura-kura berlomba, dan kura-kura menang karena kelinci tidur! \n\nApa kamu suka cerita tentang hewan?",Tolong buatkan saya cerita 3 kalimat. Minimal ada 2 emoji di dalamnya.
demo-test-126,1001,122033,2025-07-17 08:45:01.000,7,"Di pagi hari, Mia pergi ke taman ?. Dia melihat burung-burung bernyanyi dan bunga-bunga bermekaran ?. Mia sangat senang dan merasa bahagia! \n\nApa yang kamu lakukan di pagi hari?",Tolong buatkan saya cerita 3 kalimat. Minimal ada 2 emoji di dalamnya.
demo-test-101,1001,122039,2025-07-17 08:49:13.000,31,Saya pergi ke pasar pagi ?. Saya membeli buah-buahan segar seperti apel dan pisang ??. Semua orang terlihat ceria dan ramah! \n\nApa buah favoritmu untuk dimakan?,Tolong buatkan saya cerita 3 kalimat. Minimal ada 2 emoji di dalamnya.
demo-test-194,1001,122038,2025-07-17 08:49:13.000,7,"Ada seekor kucing lucu ? yang suka bermain bola. Suatu hari, dia menemukan bola berwarna merah dan berlari ke taman. Kucing itu sangat senang dan melompat-lompat ?! \n\nApa kamu suka kucing?",Tolong buatkan saya cerita 3 kalimat. Minimal ada 2 emoji di dalamnya.
demo-test-102,1001,122044,2025-07-17 08:49:14.000,20,"Di sebuah sekolah, ada hari olahraga yang seru ?. Anak-anak berlari dan bermain berbagai permainan dengan ceria ?. Semua orang bersorak dan menikmati momen bersama! \n\nApa olahraga favoritmu?",Tolong buatkan saya cerita 3 kalimat. Minimal ada 2 emoji di dalamnya.
demo-test-103,1001,122053,2025-07-17 08:49:14.000,20,"Di kebun, seorang nenek sedang menanam bunga ?. Cucu perempuan datang membantunya dan mereka tertawa bersama ?. Setelah selesai, kebun mereka terlihat sangat cantik!",Tolong buatkan saya cerita 3 kalimat. Minimal ada 2 emoji di dalamnya.
demo-test-104,1001,122046,2025-07-17 08:49:14.000,19,"Sari dan Dika pergi piknik di taman ?. Mereka membawa sandwich dan jus ?. Sambil makan, mereka bermain frisbee dan tertawa bahagia! Apa makanan favoritmu saat piknik?",Tolong buatkan saya cerita 3 kalimat. Minimal ada 2 emoji di dalamnya.
demo-test-122,1001,122050,2025-07-17 08:49:14.000,8,"Ali memiliki anjing lucu ?. Setiap pagi, mereka berjalan-jalan di taman ?. Ali dan anjingnya sangat bahagia! \n\nApakah kamu punya hewan peliharaan?",Tolong buatkan saya cerita 3 kalimat. Minimal ada 2 emoji di dalamnya.
demo-test-131,1001,122041,2025-07-17 08:49:14.000,8,"Budi bermain sepak bola ⚽ di lapangan dengan teman-temannya. Mereka sangat senang dan tertawa ? saat mencetak gol. Setelah bermain, mereka makan es krim bersama! \n\nApa kamu suka bermain sepak bola?",Tolong buatkan saya cerita 3 kalimat. Minimal ada 2 emoji di dalamnya.
demo-test-132,1001,122042,2025-07-17 08:49:14.000,8,"Di sebuah hutan, ada seekor kelinci lucu. ? Kelinci itu suka bermain dengan teman-temannya. ? Suatu hari, mereka menemukan sebuah tempat rahasia yang indah! \n\nApa hewan favorit kamu?",Tolong buatkan saya cerita 3 kalimat. Minimal ada 2 emoji di dalamnya.
demo-test-135,1001,122048,2025-07-17 08:49:14.000,8,Rudi pergi ke pantai ?️ untuk berlibur. Dia bermain bola pasir dengan teman-temannya ⚽. Mereka menikmati matahari dan suara ombak yang indah!\n\nApa kamu suka pergi ke pantai?,Tolong buatkan saya cerita 3 kalimat. Minimal ada 2 emoji di dalamnya.
demo-test-138,1001,122049,2025-07-17 08:49:14.000,8,"Di pagi hari, saya minum kopi ☕ dan membaca buku. Tiba-tiba, kucing saya melompat ke meja! ? Saya tertawa dan bermain dengannya. \n\nApa hobi kamu di pagi hari?",Tolong buatkan saya cerita 3 kalimat. Minimal ada 2 emoji di dalamnya.
demo-test-143,1001,122052,2025-07-17 08:49:14.000,8,"Di pantai, seorang anak sedang membangun istana pasir ?. Tiba-tiba, ombak besar datang dan menghancurkannya! Anak itu tertawa ? dan mulai membangun lagi.",Tolong buatkan saya cerita 3 kalimat. Minimal ada 2 emoji di dalamnya.
demo-test-162,1001,122047,2025-07-17 08:49:14.000,7,"Suatu hari, Rina pergi ke taman ?. Dia melihat banyak bunga berwarna-warni dan kupu-kupu ?. Rina sangat senang dan mengambil foto-foto untuk diunggah ke media sosial! \n\nApa yang kamu suka lakukan di taman?",Tolong buatkan saya cerita 3 kalimat. Minimal ada 2 emoji di dalamnya.
demo-test-167,1001,122045,2025-07-17 08:49:14.000,7,"Hari ini, saya pergi ke taman ? dan melihat banyak bunga yang indah ?. Saya bermain frisbee dengan teman-teman saya. Kami sangat senang dan tertawa bersama! \n\nApa aktivitas favoritmu di luar ruangan?",Tolong buatkan saya cerita 3 kalimat. Minimal ada 2 emoji di dalamnya.
demo-test-193,1001,122051,2025-07-17 08:49:14.000,7,"Suatu hari, Mia pergi ke taman ?. Dia melihat banyak bunga berwarna-warni dan kupu-kupu ?. Mia sangat senang dan mengambil foto! \n\nApa cerita favoritmu?",Tolong buatkan saya cerita 3 kalimat. Minimal ada 2 emoji di dalamnya.
demo-test-195,1001,122040,2025-07-17 08:49:14.000,7,"Suatu hari, saya pergi ke pantai ?. Saya bermain dengan pasir dan membangun istana pasir ?. Itu sangat menyenangkan! \n\nApa tempat favoritmu untuk berlibur?",Tolong buatkan saya cerita 3 kalimat. Minimal ada 2 emoji di dalamnya.
demo-test-199,1001,122043,2025-07-17 08:49:14.000,7,"Di sebuah desa kecil, ada seekor kucing lucu ?. Kucing itu suka bermain dengan bola benang ?. Suatu hari, dia menemukan teman baru di taman!",Tolong buatkan saya cerita 3 kalimat. Minimal ada 2 emoji di dalamnya.
demo-test-105,1001,122060,2025-07-17 08:49:15.000,19,Rudi dan keluarganya pergi berlibur ke pegunungan ?️. Mereka mendaki dan menikmati pemandangan yang indah sambil piknik di atas. Rudi sangat senang melihat burung-burung yang terbang bebas! ?\n\nApa tempat liburan impianmu?,Tolong buatkan saya cerita 3 kalimat. Minimal ada 2 emoji di dalamnya.
demo-test-116,1001,122062,2025-07-17 08:49:15.000,10,"Kemarin, saya pergi ke pantai ⛱️. Saya bermain pasir dan membuat istana pasir ?. Air laut sangat segar dan menyenangkan! \n\nApa aktivitas favoritmu saat di pantai?",Tolong buatkan saya cerita 3 kalimat. Minimal ada 2 emoji di dalamnya.
demo-test-121,1001,122065,2025-07-17 08:49:15.000,8,"Kucing saya sangat lucu ?. Dia suka bermain bola dan tidur di sofa ?️. Setiap hari, dia membuat saya tersenyum! \n\nKamu punya hewan peliharaan?",Tolong buatkan saya cerita 3 kalimat. Minimal ada 2 emoji di dalamnya.
demo-test-123,1001,122072,2025-07-17 08:49:15.000,8,"Di pantai, seorang anak ?️ membangun istana pasir yang besar. Dia sangat bangga dan mengajak teman-temannya untuk bermain. Tiba-tiba, ombak datang dan menghancurkan istana itu! ? \n\nApa yang akan kamu lakukan?",Tolong buatkan saya cerita 3 kalimat. Minimal ada 2 emoji di dalamnya.
demo-test-133,1001,122056,2025-07-17 08:49:15.000,8,"Saya pergi ke pantai ?️ bersama teman-teman. Kami bermain bola dan berenang di laut ?. Setelah itu, kami makan es krim yang lezat!",Tolong buatkan saya cerita 3 kalimat. Minimal ada 2 emoji di dalamnya.
demo-test-146,1001,122074,2025-07-17 08:49:15.000,8,"Di sebuah taman, ada burung cantik ? yang bernama Cici. Cici suka bernyanyi setiap pagi ? dan semua orang mendengarnya. Suatu hari, dia terbang dan menjelajahi dunia baru! \n\nApa hewan favoritmu?",Tolong buatkan saya cerita 3 kalimat. Minimal ada 2 emoji di dalamnya.
demo-test-149,1001,122075,2025-07-17 08:49:15.000,8,"Rudi menemukan kucing kecil di taman ?. Kucing itu sangat lucu dan menggemaskan ?. Rudi membawa kucing itu pulang dan memberinya nama ""Mimi"". \n\nKamu suka hewan peliharaan? Apa hewan peliharaan favoritmu?",Tolong buatkan saya cerita 3 kalimat. Minimal ada 2 emoji di dalamnya.
demo-test-150,1001,122064,2025-07-17 08:49:15.000,8,Budi bermain sepak bola ⚽ di taman. Dia mencetak gol dan sangat senang ?. Semua teman-temannya bertepuk tangan!,Tolong buatkan saya cerita 3 kalimat. Minimal ada 2 emoji di dalamnya.
demo-test-164,1001,122054,2025-07-17 08:49:15.000,7,"Suatu hari, saya pergi ke pantai ?️. Saya melihat banyak ikan berwarna-warni ?! Saya sangat senang bermain di air dan menikmati matahari.",Tolong buatkan saya cerita 3 kalimat. Minimal ada 2 emoji di dalamnya.
demo-test-166,1001,122069,2025-07-17 08:49:15.000,7,"Suatu hari, Mia menemukan kucing kecil di taman. ? Kucing itu sangat lucu dan manja! Mia membawa pulang kucing itu dan memberi nama ""Paw"". ? \n\nApa yang kamu suka lakukan dengan hewan peliharaanmu?",Tolong buatkan saya cerita 3 kalimat. Minimal ada 2 emoji di dalamnya.
demo-test-168,1001,122059,2025-07-17 08:49:15.000,7,Siapa bilang belajar itu membosankan? ?? Siti belajar bahasa Inggris sambil menari! Dia sangat senang bisa berbagi cerita dengan teman-temannya dari seluruh dunia!,Tolong buatkan saya cerita 3 kalimat. Minimal ada 2 emoji di dalamnya.
demo-test-169,1001,122057,2025-07-17 08:49:15.000,7,"Suatu hari, Ali menemukan kucing lucu ? di taman. Dia memberi kucing itu makanan dan bermain bersamanya. Mereka menjadi teman baik dan selalu bermain di taman ?! \n\nSiapa teman baikmu?",Tolong buatkan saya cerita 3 kalimat. Minimal ada 2 emoji di dalamnya.
demo-test-170,1001,122061,2025-07-17 08:49:15.000,7,"Hari ini, saya pergi ke taman ?. Di sana, saya melihat banyak bunga berwarna-warni ?. Saya sangat senang dan mengambil foto! \n\nApa kegiatan favorit kamu di taman?",Tolong buatkan saya cerita 3 kalimat. Minimal ada 2 emoji di dalamnya.
demo-test-173,1001,122066,2025-07-17 08:49:15.000,7,"Santi pergi ke pasar ?. Dia membeli buah-buahan ? dan sayuran. Setelah itu, Santi pulang ke rumah dengan senyum! \n\nApa makanan favoritmu?",Tolong buatkan saya cerita 3 kalimat. Minimal ada 2 emoji di dalamnya.
demo-test-174,1001,122070,2025-07-17 08:49:15.000,7,"Suatu hari, saya pergi ke taman. ? Di sana, saya melihat banyak bunga berwarna-warni dan kupu-kupu terbang. ? Saya sangat senang dan mengambil foto! \n\nApa cerita favoritmu?",Tolong buatkan saya cerita 3 kalimat. Minimal ada 2 emoji di dalamnya.
demo-test-177,1001,122071,2025-07-17 08:49:15.000,7,"Hari ini, saya pergi ke taman ?. Di sana, saya melihat banyak burung ? dan bunga yang indah. Saya sangat senang dan ingin kembali lagi! \n\nApa aktivitas favoritmu di luar rumah?",Tolong buatkan saya cerita 3 kalimat. Minimal ada 2 emoji di dalamnya.
demo-test-183,1001,122063,2025-07-17 08:49:15.000,7,"Suatu hari, Rina pergi ke taman ?. Dia melihat banyak bunga berwarna-warni dan kupu-kupu ? yang indah. Rina sangat senang dan mengambil foto-foto! \n\nApa yang kamu lakukan di taman?",Tolong buatkan saya cerita 3 kalimat. Minimal ada 2 emoji di dalamnya.
demo-test-187,1001,122055,2025-07-17 08:49:15.000,7,"Hari ini, saya pergi ke taman ? dan melihat banyak bunga yang indah. Saya bermain frisbee dengan teman-teman saya ? dan kami tertawa bersama. Setelah itu, kami makan es krim untuk menyegarkan diri! ?\n\nApa kegiatan favoritmu di luar rumah?",Tolong buatkan saya cerita 3 kalimat. Minimal ada 2 emoji di dalamnya.
demo-test-192,1001,122067,2025-07-17 08:49:15.000,7,"Suatu hari, saya pergi ke pantai ?️. Saya bermain bola dan membangun istana pasir ?. Hari itu sangat menyenangkan! \n\nApa aktivitas favoritmu di pantai?",Tolong buatkan saya cerita 3 kalimat. Minimal ada 2 emoji di dalamnya.
demo-test-197,1001,122073,2025-07-17 08:49:15.000,7,Siti pergi ke pantai ?️. Dia bermain pasir dan mencari kerang ?. Siti sangat senang hari ini! \n\nApa kamu suka pergi ke pantai?,Tolong buatkan saya cerita 3 kalimat. Minimal ada 2 emoji di dalamnya.
demo-test-198,1001,122068,2025-07-17 08:49:15.000,7,"Suatu hari, seorang anak bernama Budi menemukan kucing kecil ?. Kucing itu sangat lucu dan menggemaskan! Budi pun memberi nama kucing itu ""Coco"" ❤️. \n\nSiapa nama hewan peliharaan kamu?",Tolong buatkan saya cerita 3 kalimat. Minimal ada 2 emoji di dalamnya.
demo-test-200,1001,122058,2025-07-17 08:49:15.000,7,"Di pagi yang cerah, Mia pergi ke taman ?. Dia melihat burung-burung bernyanyi dan bunga-bunga mekar ?. Mia sangat senang bermain di luar! \n\nApa aktivitas favoritmu di luar ruangan?",Tolong buatkan saya cerita 3 kalimat. Minimal ada 2 emoji di dalamnya.
demo-test-119,1001,122079,2025-07-17 08:49:16.000,10,"Di hutan, seekor beruang ? sedang mencari makanan. Ia menemukan berry merah ? yang lezat. Beruang itu sangat senang dan memakannya! \n\nApa makanan favoritmu?",Tolong buatkan saya cerita 3 kalimat. Minimal ada 2 emoji di dalamnya.
demo-test-136,1001,122077,2025-07-17 08:49:16.000,8,"Dia memiliki kucing lucu ?. Kucing itu suka bermain bola ?. Setiap hari, mereka bersenang-senang bersama! Apa hewan peliharaan favoritmu?",Tolong buatkan saya cerita 3 kalimat. Minimal ada 2 emoji di dalamnya.
demo-test-137,1001,122081,2025-07-17 08:49:16.000,8,"Di pantai, saya bermain pasir ?️. Saya membuat istana pasir yang besar! Saat matahari terbenam, langit berwarna oranye dan merah ?. \n\nApa kegiatan favoritmu di pantai?",Tolong buatkan saya cerita 3 kalimat. Minimal ada 2 emoji di dalamnya.
demo-test-139,1001,122080,2025-07-17 08:49:16.000,8,"Suatu hari, saya pergi ke pantai ?️. Saya bermain pasir dan membuat istana pasir ?. Ombak datang dan menghancurkannya, tetapi saya tertawa! \n\nApa kamu suka pantai?",Tolong buatkan saya cerita 3 kalimat. Minimal ada 2 emoji di dalamnya.
demo-test-142,1001,122083,2025-07-17 08:49:16.000,8,"Ada seorang gadis bernama Sari ? yang suka menggambar. Suatu hari, dia menggambar pemandangan indah dengan matahari ☀️ dan bunga-bunga. Teman-temannya sangat senang melihat gambar itu! \n\nApa kamu suka menggambar juga?",Tolong buatkan saya cerita 3 kalimat. Minimal ada 2 emoji di dalamnya.
demo-test-161,1001,122082,2025-07-17 08:49:16.000,7,"Di sebuah taman, ada seekor anjing lucu ? yang bermain frisbee. Seorang anak kecil datang dan ikut bermain bersamanya. Mereka tertawa dan menikmati hari yang cerah ☀️! \n\nApa kamu suka anjing?",Tolong buatkan saya cerita 3 kalimat. Minimal ada 2 emoji di dalamnya.
demo-test-163,1001,122078,2025-07-17 08:49:16.000,7,"Suatu hari, Lisa pergi ke taman ?. Dia melihat banyak bunga berwarna-warni ?. Lisa sangat senang dan mengambil foto bunga-bunga itu! \n\nApa kamu suka pergi ke taman?",Tolong buatkan saya cerita 3 kalimat. Minimal ada 2 emoji di dalamnya.
demo-test-180,1001,122076,2025-07-17 08:49:16.000,7,"Suatu hari, saya pergi ke pantai ?️. Di sana, saya melihat banyak burung terbang ?. Saya sangat senang dan bermain air! \n\nApa pengalaman terbaikmu di pantai?",Tolong buatkan saya cerita 3 kalimat. Minimal ada 2 emoji di dalamnya.
demo-test-129,1001,122088,2025-07-17 08:49:17.000,8,Saya pergi ke pantai ? dan bermain pasir. Saya membuat istana pasir yang besar ?. Hari itu sangat menyenangkan dan saya merasa bahagia!,Tolong buatkan saya cerita 3 kalimat. Minimal ada 2 emoji di dalamnya.
demo-test-154,1001,122086,2025-07-17 08:49:17.000,7,"Hari ini, saya pergi ke taman ? dan melihat banyak bunga yang indah. Saya bermain frisbee dengan teman-teman saya ?. Kami sangat senang dan tertawa bersama!",Tolong buatkan saya cerita 3 kalimat. Minimal ada 2 emoji di dalamnya.
demo-test-156,1001,122089,2025-07-17 08:49:17.000,7,"Di suatu pagi, Mia pergi ke taman ?. Di sana, dia melihat banyak bunga berwarna-warni ?. Mia sangat senang dan mengambil foto bunga-bunga itu! Apa kegiatan favoritmu di luar ruangan?",Tolong buatkan saya cerita 3 kalimat. Minimal ada 2 emoji di dalamnya.
demo-test-175,1001,122090,2025-07-17 08:49:17.000,7,Si Kucing berlari di taman. ? Dia melihat burung terbang tinggi. ? Kucing itu ingin terbang juga! \n\nApa karakter favorit kamu dalam cerita?,Tolong buatkan saya cerita 3 kalimat. Minimal ada 2 emoji di dalamnya.
demo-test-176,1001,122092,2025-07-17 08:49:17.000,7,"Suatu hari, saya pergi ke pantai ?️. Di sana, saya melihat banyak ikan ? dan bermain di air. Saya sangat senang dan ingin kembali lagi! \n\nApa pantai favoritmu?",Tolong buatkan saya cerita 3 kalimat. Minimal ada 2 emoji di dalamnya.
demo-test-179,1001,122091,2025-07-17 08:49:17.000,7,"Hari ini, saya pergi ke taman ?. Saya melihat banyak burung bernyanyi ? dan anak-anak bermain. Saya merasa sangat bahagia! \n\nApa kegiatan favoritmu di luar rumah?",Tolong buatkan saya cerita 3 kalimat. Minimal ada 2 emoji di dalamnya.
demo-test-185,1001,122085,2025-07-17 08:49:17.000,7,"Suatu hari, Mia pergi ke taman ?. Dia melihat banyak bunga berwarna-warni dan kupu-kupu ?. Mia sangat senang bermain di sana! \n\nApa yang Mia lakukan di taman menurut kamu?",Tolong buatkan saya cerita 3 kalimat. Minimal ada 2 emoji di dalamnya.
demo-test-190,1001,122087,2025-07-17 08:49:17.000,7,"Suatu hari, saya pergi ke pantai ?. Di sana, saya melihat banyak orang bermain bola dan membuat istana pasir ?. Saya juga ikut bermain dan sangat senang! \n\nApa kamu suka pantai?",Tolong buatkan saya cerita 3 kalimat. Minimal ada 2 emoji di dalamnya.
demo-test-191,1001,122084,2025-07-17 08:49:17.000,7,"Di sebuah taman, ada seekor kucing ? yang suka bermain bola. Suatu hari, kucing itu bertemu dengan anjing ? yang ramah. Mereka menjadi teman dan bermain bersama setiap hari!",Tolong buatkan saya cerita 3 kalimat. Minimal ada 2 emoji di dalamnya.
demo-test-106,1001,122120,2025-07-17 08:49:18.000,15,"Di sebuah kebun, ada bunga mawar yang indah ?. Setiap pagi, kupu-kupu datang mengunjungi bunga itu ?. Mereka menari-nari di antara kelopak yang cantik! \n\nApa bunga favoritmu?",Tolong buatkan saya cerita 3 kalimat. Minimal ada 2 emoji di dalamnya.
demo-test-107,1001,122132,2025-07-17 08:49:18.000,16,"Di pagi hari, ada seorang koki ?‍? yang membuat pancake lezat. Dia menambahkan buah ? segar di atas pancake dan menyajikannya dengan syrup. Semua orang di meja makan sangat senang dan siap sarapan! \n\nApa makanan sarapan favoritmu?",Tolong buatkan saya cerita 3 kalimat. Minimal ada 2 emoji di dalamnya.
demo-test-108,1001,122125,2025-07-17 08:49:18.000,16,"Di pantai, seorang anak sedang membangun istana pasir ? yang besar. Dia sangat bangga dan mengundang teman-temannya untuk melihat. Tiba-tiba, ombak ? menghancurkan istana, tetapi mereka tertawa dan mulai membangun lagi! \n\nApa yang kamu lakukan di pantai?",Tolong buatkan saya cerita 3 kalimat. Minimal ada 2 emoji di dalamnya.
demo-test-109,1001,122104,2025-07-17 08:49:18.000,16,Saya membuat kerajinan tangan di rumah. ? Saya menggunakan kertas warna-warni dan lem untuk membuat bunga. ? Hasilnya sangat cantik dan saya bangga! \n\nApa kerajinan tangan yang pernah kamu buat?,Tolong buatkan saya cerita 3 kalimat. Minimal ada 2 emoji di dalamnya.
demo-test-110,1001,122114,2025-07-17 08:49:18.000,16,"Di sebuah desa, ada seorang petani yang menanam banyak sayuran ?. Suatu hari, ia menemukan labu besar di kebunnya ?. Petani itu sangat senang dan mengundang semua orang untuk merayakan panen!",Tolong buatkan saya cerita 3 kalimat. Minimal ada 2 emoji di dalamnya.
demo-test-111,1001,122102,2025-07-17 08:49:18.000,10,Rina pergi ke pantai ?️ bersama keluarganya. Mereka bermain pasir dan membuat istana pasir ? yang besar. Semua orang sangat senang dan tertawa bersama! \n\nApa kamu suka pergi ke pantai?,Tolong buatkan saya cerita 3 kalimat. Minimal ada 2 emoji di dalamnya.
demo-test-112,1001,122109,2025-07-17 08:49:18.000,10,Budi dan Dina pergi ke kebun binatang. ? Mereka melihat singa dan gajah yang besar. ? Budi sangat senang dan ingin kembali lagi! \n\nApa binatang favoritmu di kebun binatang?,Tolong buatkan saya cerita 3 kalimat. Minimal ada 2 emoji di dalamnya.
demo-test-113,1001,122100,2025-07-17 08:49:18.000,10,Saya membuat kue coklat ? di dapur. Kue itu sangat lezat dan harum ?. Saya mengundang teman-teman untuk mencobanya! \n\nApa makanan favoritmu?,Tolong buatkan saya cerita 3 kalimat. Minimal ada 2 emoji di dalamnya.
demo-test-114,1001,122122,2025-07-17 08:49:18.000,10,"Rudi dan teman-temannya bermain sepak bola di lapangan ⚽️. Mereka sangat bersemangat dan bersenang-senang ?. Akhirnya, Rudi mencetak gol dan semua orang bersorak! \n\nSiapa pemain sepak bola favoritmu?",Tolong buatkan saya cerita 3 kalimat. Minimal ada 2 emoji di dalamnya.
demo-test-115,1001,122131,2025-07-17 08:49:18.000,10,"Hari ini, saya belajar memasak nasi goreng ? dengan teman-teman. Kami menambahkan sayuran dan telur ?, dan rasanya sangat enak! Setelah makan, kami bernyanyi dan tertawa bersama. \n\nApa makanan favoritmu?",Tolong buatkan saya cerita 3 kalimat. Minimal ada 2 emoji di dalamnya.
demo-test-117,1001,122107,2025-07-17 08:49:18.000,10,"Kemarin, saya pergi ke pasar. ? Saya membeli buah-buahan segar dan sayuran. ? Pasar ramai dan penuh warna, sangat menyenangkan!\n\nBuah apa yang paling kamu suka?",Tolong buatkan saya cerita 3 kalimat. Minimal ada 2 emoji di dalamnya.
demo-test-118,1001,122112,2025-07-17 08:49:18.000,10,"Rina dan teman-temannya bermain bola di lapangan ⚽. Mereka sangat senang dan berlari-lari dengan ceria ?. Setelah bermain, mereka duduk santai dan menikmati es krim! \n\nApa olahraga favoritmu?",Tolong buatkan saya cerita 3 kalimat. Minimal ada 2 emoji di dalamnya.
demo-test-120,1001,122097,2025-07-17 08:49:18.000,10,"Ali menemukan kucing kecil di jalan. ? Dia membawa pulang kucing itu dan memberinya nama Ciko. ❤️ Sekarang, Ali dan Ciko adalah teman baik! \n\nPunya hewan peliharaan juga, tidak?",Tolong buatkan saya cerita 3 kalimat. Minimal ada 2 emoji di dalamnya.
demo-test-124,1001,122127,2025-07-17 08:49:18.000,8,"Di sebuah desa, ada seorang gadis yang suka menari ?. Suatu hari, dia melihat kupu-kupu cantik ? dan mengikuti terbangnya. Mereka berdua menari bersama di taman! \n\nApa kamu suka menari juga?",Tolong buatkan saya cerita 3 kalimat. Minimal ada 2 emoji di dalamnya.
demo-test-125,1001,122111,2025-07-17 08:49:18.000,8,"Di pantai, ada seorang anak ?️ yang bermain dengan bola. Tiba-tiba, bola itu terbang ke laut ?. Anak itu berlari dan mengambil bolanya kembali dengan senyum lebar! \n\nApa kamu suka bermain di pantai?",Tolong buatkan saya cerita 3 kalimat. Minimal ada 2 emoji di dalamnya.
demo-test-126,1001,122105,2025-07-17 08:49:18.000,8,"Di sekolah, Budi belajar matematika ?. Dia suka angka dan selalu membantu teman-temannya ?. Budi merasa bangga dengan nilainya yang bagus! \n\nApa mata pelajaran favoritmu di sekolah?",Tolong buatkan saya cerita 3 kalimat. Minimal ada 2 emoji di dalamnya.
demo-test-127,1001,122117,2025-07-17 08:49:18.000,8,"Ada seorang gadis bernama Mia ?. Dia sangat suka menari dan selalu tersenyum saat menari. Suatu hari, dia menari di taman dan semua orang ikut menari bersama ?! \n\nApa kamu suka menari?",Tolong buatkan saya cerita 3 kalimat. Minimal ada 2 emoji di dalamnya.
demo-test-128,1001,122098,2025-07-17 08:49:18.000,8,"Di pantai, saya bermain pasir ?️. Saya membuat istana pasir yang besar ?. Semua teman saya sangat senang melihatnya! \n\nApa aktivitas seru yang kamu lakukan di pantai?",Tolong buatkan saya cerita 3 kalimat. Minimal ada 2 emoji di dalamnya.
demo-test-130,1001,122094,2025-07-17 08:49:18.000,8,"Di taman, ada seorang gadis ? yang menanam bunga. Dia sangat senang melihat bunga-bunga itu tumbuh ? dan berwarna-warni. Semua teman-temannya datang untuk membantu dan bermain! \n\nApa bunga favoritmu?",Tolong buatkan saya cerita 3 kalimat. Minimal ada 2 emoji di dalamnya.
demo-test-134,1001,122119,2025-07-17 08:49:18.000,8,"Di taman, saya melihat burung-burung ? terbang tinggi. Saya duduk di bangku dan membaca buku ? yang menarik. Tiba-tiba, hujan turun, dan saya berlari pulang! \n\nKamu suka membaca buku apa?",Tolong buatkan saya cerita 3 kalimat. Minimal ada 2 emoji di dalamnya.
demo-test-140,1001,122116,2025-07-17 08:49:18.000,8,"Hari ini, saya pergi ke pantai ?️ bersama teman-teman. Kami bermain voli dan membangun istana pasir ? yang besar. Semua orang sangat senang dan tersenyum! \n\nApa aktivitas favoritmu di pantai?",Tolong buatkan saya cerita 3 kalimat. Minimal ada 2 emoji di dalamnya.
demo-test-141,1001,122113,2025-07-17 08:49:18.000,8,Robby punya kucing lucu bernama Ciko. ? Ciko suka bermain bola dan tidur di sofa. ?️ Robby sangat mencintai Ciko! \n\nApa kamu punya hewan peliharaan?,Tolong buatkan saya cerita 3 kalimat. Minimal ada 2 emoji di dalamnya.
demo-test-144,1001,122126,2025-07-17 08:49:18.000,8,"Ada seekor kucing lucu ? yang tinggal di rumah saya. Setiap pagi, dia bermain dengan bola benang ?. Kucing itu membuat saya tersenyum setiap hari! \n\nKucing atau anjing, mana yang kamu suka?",Tolong buatkan saya cerita 3 kalimat. Minimal ada 2 emoji di dalamnya.
demo-test-145,1001,122096,2025-07-17 08:49:18.000,8,"Di pantai, seorang anak membuat istana pasir ? yang sangat besar. Dia menemukan kerang cantik ? dan menaruhnya di istana. Temannya datang dan mereka bermain bersama!  \n\nApa kamu suka bermain di pantai?",Tolong buatkan saya cerita 3 kalimat. Minimal ada 2 emoji di dalamnya.
demo-test-147,1001,122093,2025-07-17 08:49:18.000,8,Siti melihat kucing lucu ? di taman. Dia memberi makan kucing itu dengan ikan ?. Kucing itu sangat senang dan bermain di dekat Siti! Apakah kamu suka hewan peliharaan?,Tolong buatkan saya cerita 3 kalimat. Minimal ada 2 emoji di dalamnya.
demo-test-148,1001,122118,2025-07-17 08:49:18.000,8,"Di pagi hari, Matahari bersinar cerah ☀️. Seorang gadis kecil membawa bunga ? untuk ibunya. Mereka berdua tersenyum dan menikmati hari yang indah! \n\nApa bunga favoritmu?",Tolong buatkan saya cerita 3 kalimat. Minimal ada 2 emoji di dalamnya.
demo-test-152,1001,122115,2025-07-17 08:49:18.000,7,"Di pagi hari, Mia pergi ke taman ?. Dia melihat banyak bunga warna-warni ? dan bermain dengan teman-temannya. Mereka tertawa dan bersenang-senang bersama! \n\nApa kegiatan favoritmu di luar rumah?",Tolong buatkan saya cerita 3 kalimat. Minimal ada 2 emoji di dalamnya.
demo-test-153,1001,122095,2025-07-17 08:49:18.000,7,Sebuah kucing lucu ? berjalan di taman. Kucing itu melihat burung ? dan mulai berlari. Semua orang tertawa melihatnya! \n\nApa kamu suka kucing atau burung?,Tolong buatkan saya cerita 3 kalimat. Minimal ada 2 emoji di dalamnya.
demo-test-155,1001,122106,2025-07-17 08:49:18.000,7,"Suatu hari, Mia menemukan kucing lucu ? di taman. Kucing itu mengikuti Mia pulang dan menjadi teman baiknya. Mereka bermain bersama dan bahagia setiap hari ?! \n\nApa kamu punya hewan peliharaan?",Tolong buatkan saya cerita 3 kalimat. Minimal ada 2 emoji di dalamnya.
demo-test-157,1001,122103,2025-07-17 08:49:18.000,7,"Ada seekor kucing lucu ? yang suka bermain bola. Suatu hari, dia menemukan bola besar ? dan mulai menggulingkannya. Semua teman-temannya datang untuk bermain bersamanya! \n\nApa kamu suka kucing?",Tolong buatkan saya cerita 3 kalimat. Minimal ada 2 emoji di dalamnya.
demo-test-158,1001,122123,2025-07-17 08:49:18.000,7,"Suatu hari, seekor kucing ? menemukan bola berwarna merah. Kucing itu sangat senang dan mulai bermain dengan bola itu. Tiba-tiba, bola meluncur ke taman ? dan kucing itu mengikutinya! \n\nApa kamu suka kucing?",Tolong buatkan saya cerita 3 kalimat. Minimal ada 2 emoji di dalamnya.
demo-test-159,1001,122128,2025-07-17 08:49:18.000,7,"Hari ini, saya pergi ke taman ? dan melihat banyak bunga berwarna-warni ?. Saya bermain dengan teman-teman saya dan kita tertawa bersama. Setelah itu, kami menikmati es krim yang lezat! \n\nApa kegiatan favoritmu di luar rumah?",Tolong buatkan saya cerita 3 kalimat. Minimal ada 2 emoji di dalamnya.
demo-test-160,1001,122099,2025-07-17 08:49:18.000,7,"Suatu hari, saya melihat kucing lucu ? di taman. Kucing itu bermain dengan bola warna-warni ?. Saya sangat senang melihatnya! \n\nApa cerita favoritmu?",Tolong buatkan saya cerita 3 kalimat. Minimal ada 2 emoji di dalamnya.
demo-test-165,1001,122133,2025-07-17 08:49:18.000,7,"Di sebuah hutan, ada seekor kelinci yang sangat cepat. ? Suatu hari, kelinci bertemu dengan kura-kura yang lambat. ? Mereka berteman dan belajar bahwa kecepatan bukan segalanya! \n\nApa kamu suka cerita tentang hewan?",Tolong buatkan saya cerita 3 kalimat. Minimal ada 2 emoji di dalamnya.
demo-test-171,1001,122130,2025-07-17 08:49:18.000,7,"Di sebuah taman, ada seekor kucing ? yang bermain dengan bola. Temannya, seekor anjing ?, datang dan bergabung. Mereka berlari dan bersenang-senang sepanjang hari! \n\nApa kamu suka hewan peliharaan?",Tolong buatkan saya cerita 3 kalimat. Minimal ada 2 emoji di dalamnya.
demo-test-172,1001,122101,2025-07-17 08:49:18.000,7,Siti pergi ke pasar ? dan melihat banyak buah-buahan. Dia membeli apel ? dan jeruk. Siti pulang dan membuat jus segar! \n\nApa kamu suka jus?,Tolong buatkan saya cerita 3 kalimat. Minimal ada 2 emoji di dalamnya.
demo-test-178,1001,122124,2025-07-17 08:49:18.000,7,"Di pagi hari, Mia pergi ke taman ? untuk bermain dengan teman-temannya. Mereka bermain bola dan tertawa bersama ?. Setelah itu, mereka makan es krim dan menikmati waktu bersama! \n\nSiapa teman favoritmu?",Tolong buatkan saya cerita 3 kalimat. Minimal ada 2 emoji di dalamnya.
demo-test-181,1001,122134,2025-07-17 08:49:18.000,7,"Di sebuah taman, ada seekor kucing ? yang bermain dengan bola. Tiba-tiba, seekor burung ? terbang rendah dan kucing itu berlari mengejarnya. Mereka berdua sangat senang dan bermain bersama sepanjang hari!",Tolong buatkan saya cerita 3 kalimat. Minimal ada 2 emoji di dalamnya.
demo-test-184,1001,122135,2025-07-17 08:49:18.000,7,"Di hutan, ada seekor kucing ? yang sangat penasaran. Ia melihat burung ? terbang tinggi dan ingin ikut. Kucing itu berusaha melompat, tapi hanya jatuh lucu! ? \n\nApa kamu suka cerita tentang hewan?",Tolong buatkan saya cerita 3 kalimat. Minimal ada 2 emoji di dalamnya.
demo-test-186,1001,122121,2025-07-17 08:49:18.000,7,"Di sebuah desa kecil, ada seekor kucing bernama Mimi ?. Mimi suka bermain di taman dan mengejar kupu-kupu ?. Suatu hari, dia menemukan teman baru di taman! \n\nSiapa teman baru Mimi?",Tolong buatkan saya cerita 3 kalimat. Minimal ada 2 emoji di dalamnya.
demo-test-188,1001,122110,2025-07-17 08:49:18.000,7,"Di pagi hari, Mia pergi ke taman ?. Dia melihat banyak bunga berwarna-warni dan kupu-kupu ?. Mia sangat senang dan mengambil foto-foto! \n\nApa kamu suka berjalan-jalan di taman?",Tolong buatkan saya cerita 3 kalimat. Minimal ada 2 emoji di dalamnya.
demo-test-189,1001,122108,2025-07-17 08:49:18.000,7,"Suatu hari, saya melihat kucing ? yang lucu di taman. Kucing itu bermain dengan bola ? dan sangat menggemaskan! Saya tertawa melihatnya dan merasa bahagia. \n\nApa kamu suka hewan peliharaan?",Tolong buatkan saya cerita 3 kalimat. Minimal ada 2 emoji di dalamnya.
demo-test-196,1001,122129,2025-07-17 08:49:18.000,7,"Suatu hari, Mia menemukan kucing kecil di taman. ? Kucing itu sangat lucu dan menggemaskan! Mia membawa pulang kucing itu dan memberinya nama ""Coco"". ? \n\nApa kamu punya hewan peliharaan?",Tolong buatkan saya cerita 3 kalimat. Minimal ada 2 emoji di dalamnya.
demo-test-37,1001,122424,2025-07-18 06:11:14.000,14,English makes travel easier! ✈️? Where would you like to travel?,Give me 1 sentence about the importance of learning English. Max 5 words.
demo-test-1,1001,122425,2025-07-18 06:11:15.000,13,English helps you understand cultures. What do you enjoy most about learning English?,Give me 1 sentence about the importance of learning English. Max 5 words.
demo-test-2,1001,122428,2025-07-18 06:11:15.000,80,Key for global interaction!,Give me 1 sentence about the importance of learning English. Max 5 words.
demo-test-23,1001,122427,2025-07-18 06:11:15.000,23,English is key for travel! ✈️,Give me 1 sentence about the importance of learning English. Max 5 words.
demo-test-28,1001,122429,2025-07-18 06:11:15.000,20,English is essential for travel!,Give me 1 sentence about the importance of learning English. Max 5 words.
demo-test-38,1001,122426,2025-07-18 06:11:15.000,9,English is key for communication. What do you like to communicate about? ?,Give me 1 sentence about the importance of learning English. Max 5 words.
demo-test-3,1001,122430,2025-07-18 06:11:16.000,8,Learning English opens many doors! ??,Give me 1 sentence about the importance of learning English. Max 5 words.
demo-test-4,1001,122440,2025-07-18 06:11:16.000,76,Facilitates global understanding and connection.,Give me 1 sentence about the importance of learning English. Max 5 words.
demo-test-7,1001,122433,2025-07-18 06:11:16.000,62,English opens doors to opportunities!,Give me 1 sentence about the importance of learning English. Max 5 words.
demo-test-8,1001,122431,2025-07-18 06:11:16.000,61,English enhances educational opportunities. ?,Give me 1 sentence about the importance of learning English. Max 5 words.
demo-test-9,1001,122438,2025-07-18 06:11:16.000,62,English enhances career opportunities!,Give me 1 sentence about the importance of learning English. Max 5 words.
demo-test-12,1001,122441,2025-07-18 06:11:16.000,33,Connects people across the globe! ?,Give me 1 sentence about the importance of learning English. Max 5 words.
demo-test-13,1001,122436,2025-07-18 06:11:16.000,34,English bridges cultural differences!,Give me 1 sentence about the importance of learning English. Max 5 words.
demo-test-14,1001,122439,2025-07-18 06:11:16.000,33,Enhances career and travel options! ?✈️,Give me 1 sentence about the importance of learning English. Max 5 words.
demo-test-18,1001,122445,2025-07-18 06:11:16.000,35,English boosts your career opportunities! ?,Give me 1 sentence about the importance of learning English. Max 5 words.
demo-test-20,1001,122437,2025-07-18 06:11:16.000,33,Boosts confidence in communication skills! ?,Give me 1 sentence about the importance of learning English. Max 5 words.
demo-test-22,1001,122444,2025-07-18 06:11:16.000,25,English improves communication skills! ?️,Give me 1 sentence about the importance of learning English. Max 5 words.
demo-test-25,1001,122446,2025-07-18 06:11:16.000,24,English improves your communication skills! ?✨,Give me 1 sentence about the importance of learning English. Max 5 words.
demo-test-29,1001,122434,2025-07-18 06:11:16.000,24,English is essential for jobs! ?,Give me 1 sentence about the importance of learning English. Max 5 words.
demo-test-35,1001,122443,2025-07-18 06:11:16.000,9,English opens doors to opportunities. What is your favorite English word? ?,Give me 1 sentence about the importance of learning English. Max 5 words.
demo-test-41,1001,122432,2025-07-18 06:11:16.000,9,English opens doors to opportunities. What do you enjoy about learning English?,Give me 1 sentence about the importance of learning English. Max 5 words.
demo-test-43,1001,122442,2025-07-18 06:11:16.000,9,English helps in many countries! What do you enjoy most about learning? ?,Give me 1 sentence about the importance of learning English. Max 5 words.
demo-test-48,1001,122435,2025-07-18 06:11:16.000,15,English helps you travel easily! ✈️? Where do you want to go?,Give me 1 sentence about the importance of learning English. Max 5 words.
demo-test-11,1001,122453,2025-07-18 06:11:17.000,32,English opens doors to opportunities! ?,Give me 1 sentence about the importance of learning English. Max 5 words.
demo-test-19,1001,122454,2025-07-18 06:11:17.000,34,English opens doors to opportunities! ?✨,Give me 1 sentence about the importance of learning English. Max 5 words.
demo-test-21,1001,122452,2025-07-18 06:11:17.000,24,English is key for communication! ?️,Give me 1 sentence about the importance of learning English. Max 5 words.
demo-test-24,1001,122450,2025-07-18 06:11:17.000,24,English connects cultures and ideas! ??,Give me 1 sentence about the importance of learning English. Max 5 words.
demo-test-32,1001,122448,2025-07-18 06:11:17.000,9,English connects people and cultures. What is your favorite English phrase? ?,Give me 1 sentence about the importance of learning English. Max 5 words.
demo-test-33,1001,122455,2025-07-18 06:11:17.000,9,English improves communication skills. What is your favorite food? ?,Give me 1 sentence about the importance of learning English. Max 5 words.
demo-test-42,1001,122447,2025-07-18 06:11:17.000,9,English improves communication with others. What do you like most about English?,Give me 1 sentence about the importance of learning English. Max 5 words.
demo-test-44,1001,122449,2025-07-18 06:11:17.000,9,English is important for travel. Where do you want to travel?,Give me 1 sentence about the importance of learning English. Max 5 words.
demo-test-45,1001,122451,2025-07-18 06:11:17.000,9,English helps you travel easily. Where would you like to travel? ✈️,Give me 1 sentence about the importance of learning English. Max 5 words.
demo-test-10,1001,122462,2025-07-18 06:11:18.000,61,English connects people everywhere!,Give me 1 sentence about the importance of learning English. Max 5 words.
demo-test-26,1001,122457,2025-07-18 06:11:18.000,20,English helps you make friends! ?,Give me 1 sentence about the importance of learning English. Max 5 words.
demo-test-28,1001,122464,2025-07-18 06:11:18.000,21,English helps you make friends!,Give me 1 sentence about the importance of learning English. Max 5 words.
demo-test-34,1001,122461,2025-07-18 06:11:18.000,9,English improves communication everywhere. What's your favorite English word? ?,Give me 1 sentence about the importance of learning English. Max 5 words.
demo-test-36,1001,122456,2025-07-18 06:11:18.000,9,English opens doors to opportunities. What is your favorite book?,Give me 1 sentence about the importance of learning English. Max 5 words.
demo-test-39,1001,122463,2025-07-18 06:11:18.000,15,English helps you travel easily! ✈️ Where would you like to travel?,Give me 1 sentence about the importance of learning English. Max 5 words.
demo-test-40,1001,122459,2025-07-18 06:11:18.000,9,English builds friendships worldwide. Who is your best friend?,Give me 1 sentence about the importance of learning English. Max 5 words.
demo-test-47,1001,122460,2025-07-18 06:11:18.000,15,English helps you travel easily! ✈️ Where would you like to travel?,Give me 1 sentence about the importance of learning English. Max 5 words.
demo-test-49,1001,122458,2025-07-18 06:11:18.000,9,English is important for communication. What do you like to communicate about? ?,Give me 1 sentence about the importance of learning English. Max 5 words.
demo-test-1,1001,122475,2025-07-18 06:11:19.000,14,English improves job and travel. What do you like to do for fun?,Give me 1 sentence about the importance of learning English. Max 5 words.
demo-test-2,1001,122479,2025-07-18 06:11:19.000,81,Important for worldwide connection!,Give me 1 sentence about the importance of learning English. Max 5 words.
demo-test-3,1001,122474,2025-07-18 06:11:19.000,9,English connects people around the world! ??,Give me 1 sentence about the importance of learning English. Max 5 words.
demo-test-5,1001,122471,2025-07-18 06:11:19.000,78,Facilitates international communication effectively.,Give me 1 sentence about the importance of learning English. Max 5 words.
demo-test-6,1001,122476,2025-07-18 06:11:19.000,62,English is key for communication!,Give me 1 sentence about the importance of learning English. Max 5 words.
demo-test-15,1001,122465,2025-07-18 06:11:19.000,33,English improves job opportunities greatly!,Give me 1 sentence about the importance of learning English. Max 5 words.
demo-test-16,1001,122472,2025-07-18 06:11:19.000,33,English is essential for travel! ✈️,Give me 1 sentence about the importance of learning English. Max 5 words.
demo-test-17,1001,122473,2025-07-18 06:11:19.000,33,Boosts travel and culture understanding!,Give me 1 sentence about the importance of learning English. Max 5 words.
demo-test-27,1001,122470,2025-07-18 06:11:19.000,24,English helps you travel easily! ✈️,Give me 1 sentence about the importance of learning English. Max 5 words.
demo-test-30,1001,122466,2025-07-18 06:11:19.000,21,English improves job chances greatly. ?,Give me 1 sentence about the importance of learning English. Max 5 words.
demo-test-31,1001,122468,2025-07-18 06:11:19.000,15,English helps you travel easily! ✈️ Where would you like to travel?,Give me 1 sentence about the importance of learning English. Max 5 words.
demo-test-37,1001,122477,2025-07-18 06:11:19.000,15,English helps in global communication! ?? What other languages do you know?,Give me 1 sentence about the importance of learning English. Max 5 words.
demo-test-38,1001,122478,2025-07-18 06:11:19.000,10,English helps you make friends. Do you have friends from other countries? ?,Give me 1 sentence about the importance of learning English. Max 5 words.
demo-test-46,1001,122469,2025-07-18 06:11:19.000,14,English opens job opportunities worldwide! ??,Give me 1 sentence about the importance of learning English. Max 5 words.
demo-test-50,1001,122467,2025-07-18 06:11:19.000,9,English is important for success. What is your favorite subject in school? ??,Give me 1 sentence about the importance of learning English. Max 5 words.
demo-test-4,1001,122501,2025-07-18 06:11:21.000,77,Boosts career and travel opportunities.,Give me 1 sentence about the importance of learning English. Max 5 words.
demo-test-7,1001,122481,2025-07-18 06:11:21.000,63,English connects cultures and people.,Give me 1 sentence about the importance of learning English. Max 5 words.
demo-test-8,1001,122485,2025-07-18 06:11:21.000,62,English is essential for success. ?,Give me 1 sentence about the importance of learning English. Max 5 words.
demo-test-9,1001,122489,2025-07-18 06:11:21.000,63,English is essential for communication.,Give me 1 sentence about the importance of learning English. Max 5 words.
demo-test-12,1001,122490,2025-07-18 06:11:21.000,34,Builds global friendships and opportunities! ?,Give me 1 sentence about the importance of learning English. Max 5 words.
demo-test-13,1001,122484,2025-07-18 06:11:21.000,35,English enhances communication skills!,Give me 1 sentence about the importance of learning English. Max 5 words.
demo-test-14,1001,122492,2025-07-18 06:11:21.000,34,Boosts confidence in communication skills! ?,Give me 1 sentence about the importance of learning English. Max 5 words.
demo-test-18,1001,122498,2025-07-18 06:11:21.000,36,English connects cultures and people! ?,Give me 1 sentence about the importance of learning English. Max 5 words.
demo-test-19,1001,122486,2025-07-18 06:11:21.000,35,English is essential for communication!,Give me 1 sentence about the importance of learning English. Max 5 words.
demo-test-20,1001,122499,2025-07-18 06:11:21.000,34,Key to better job opportunities! ?,Give me 1 sentence about the importance of learning English. Max 5 words.
demo-test-21,1001,122491,2025-07-18 06:11:21.000,25,English improves your global understanding! ?,Give me 1 sentence about the importance of learning English. Max 5 words.
demo-test-23,1001,122495,2025-07-18 06:11:21.000,24,English connects cultures and people! ?,Give me 1 sentence about the importance of learning English. Max 5 words.
demo-test-24,1001,122482,2025-07-18 06:11:21.000,25,English is useful for travel! ✈️?,Give me 1 sentence about the importance of learning English. Max 5 words.
demo-test-25,1001,122488,2025-07-18 06:11:21.000,25,English opens global opportunities! ?✨,Give me 1 sentence about the importance of learning English. Max 5 words.
demo-test-26,1001,122503,2025-07-18 06:11:21.000,21,English is essential for travel! ✈️,Give me 1 sentence about the importance of learning English. Max 5 words.
demo-test-29,1001,122487,2025-07-18 06:11:21.000,25,English connects cultures and ideas! ??,Give me 1 sentence about the importance of learning English. Max 5 words.
demo-test-32,1001,122502,2025-07-18 06:11:21.000,10,English helps you find jobs. What job do you want? ?,Give me 1 sentence about the importance of learning English. Max 5 words.
demo-test-33,1001,122496,2025-07-18 06:11:21.000,10,English opens doors to opportunities. What do you want to learn next?,Give me 1 sentence about the importance of learning English. Max 5 words.
demo-test-35,1001,122493,2025-07-18 06:11:21.000,10,English helps in many jobs. What job do you want? ?,Give me 1 sentence about the importance of learning English. Max 5 words.
demo-test-41,1001,122483,2025-07-18 06:11:21.000,10,English is important for travel. What country would you like to visit?,Give me 1 sentence about the importance of learning English. Max 5 words.
demo-test-42,1001,122497,2025-07-18 06:11:21.000,10,English opens doors to opportunities. How do you feel about learning new languages?,Give me 1 sentence about the importance of learning English. Max 5 words.
demo-test-43,1001,122480,2025-07-18 06:11:21.000,10,English connects people around world! What do you find challenging in English? ?,Give me 1 sentence about the importance of learning English. Max 5 words.
demo-test-44,1001,122494,2025-07-18 06:11:21.000,10,English helps you make friends. Who is your best friend?,Give me 1 sentence about the importance of learning English. Max 5 words.
demo-test-45,1001,122500,2025-07-18 06:11:21.000,10,English opens doors to opportunities. What do you want to learn today? ?,Give me 1 sentence about the importance of learning English. Max 5 words.
demo-test-11,1001,122504,2025-07-18 06:11:22.000,33,English is essential for travel! ✈️,Give me 1 sentence about the importance of learning English. Max 5 words.
demo-test-22,1001,122507,2025-07-18 06:11:22.000,26,English opens doors to opportunities! ?,Give me 1 sentence about the importance of learning English. Max 5 words.
demo-test-36,1001,122508,2025-07-18 06:11:22.000,10,English improves job chances greatly. What music do you enjoy?,Give me 1 sentence about the importance of learning English. Max 5 words.
demo-test-46,1001,122506,2025-07-18 06:11:22.000,15,English helps you travel easily! ✈️?,Give me 1 sentence about the importance of learning English. Max 5 words.
demo-test-48,1001,122509,2025-07-18 06:11:22.000,16,English opens up many opportunities! ? What opportunity do you want?,Give me 1 sentence about the importance of learning English. Max 5 words.
demo-test-49,1001,122505,2025-07-18 06:11:22.000,10,English opens doors to opportunities. What opportunity do you dream of? ?,Give me 1 sentence about the importance of learning English. Max 5 words.
demo-test-5,1001,122511,2025-07-18 06:11:23.000,79,Essential for global communication.,Give me 1 sentence about the importance of learning English. Max 5 words.
demo-test-16,1001,122510,2025-07-18 06:11:23.000,34,English connects cultures and ideas! ?✨,Give me 1 sentence about the importance of learning English. Max 5 words.
demo-test-6,1001,122522,2025-07-18 06:11:24.000,63,English connects people worldwide!,Give me 1 sentence about the importance of learning English. Max 5 words.
demo-test-10,1001,122521,2025-07-18 06:11:24.000,62,English opens doors to opportunities!,Give me 1 sentence about the importance of learning English. Max 5 words.
demo-test-15,1001,122520,2025-07-18 06:11:24.000,34,English helps you travel easier!,Give me 1 sentence about the importance of learning English. Max 5 words.
demo-test-17,1001,122515,2025-07-18 06:11:24.000,34,Essential for global communication!,Give me 1 sentence about the importance of learning English. Max 5 words.
demo-test-27,1001,122518,2025-07-18 06:11:24.000,25,English opens global opportunities! ?✨,Give me 1 sentence about the importance of learning English. Max 5 words.
demo-test-30,1001,122512,2025-07-18 06:11:24.000,22,English helps in global understanding. ?,Give me 1 sentence about the importance of learning English. Max 5 words.
demo-test-31,1001,122519,2025-07-18 06:11:24.000,16,English improves communication worldwide! ? What do you want to say in English?,Give me 1 sentence about the importance of learning English. Max 5 words.
demo-test-34,1001,122513,2025-07-18 06:11:24.000,10,English helps you travel easily. Where would you like to travel? ?,Give me 1 sentence about the importance of learning English. Max 5 words.
demo-test-39,1001,122523,2025-07-18 06:11:24.000,16,English opens global job opportunities! ? Do you have a dream job?,Give me 1 sentence about the importance of learning English. Max 5 words.
demo-test-40,1001,122516,2025-07-18 06:11:24.000,10,English is key for communication. What do you like to communicate about?,Give me 1 sentence about the importance of learning English. Max 5 words.
demo-test-47,1001,122514,2025-07-18 06:11:24.000,16,English connects cultures and people! ? What culture interests you?,Give me 1 sentence about the importance of learning English. Max 5 words.
demo-test-50,1001,122517,2025-07-18 06:11:24.000,10,English helps you meet friends. Do you have a best friend? ?✨,Give me 1 sentence about the importance of learning English. Max 5 words.
demo-test-1,1001,122526,2025-07-18 06:11:52.000,15,English connects you to opportunities. What is your favorite English word?,Give me 1 sentence about the importance of learning English. Max 5 words.
demo-test-3,1001,122529,2025-07-18 06:11:52.000,10,English helps you travel easily! ✈️?,Give me 1 sentence about the importance of learning English. Max 5 words.
demo-test-19,1001,122525,2025-07-18 06:11:52.000,36,English improves job chances worldwide! ?✨,Give me 1 sentence about the importance of learning English. Max 5 words.
demo-test-27,1001,122528,2025-07-18 06:11:52.000,26,English is important for education! ?,Give me 1 sentence about the importance of learning English. Max 5 words.
demo-test-29,1001,122527,2025-07-18 06:11:52.000,26,English helps you make friends! ?,Give me 1 sentence about the importance of learning English. Max 5 words.
demo-test-4,1001,122548,2025-07-18 06:11:53.000,78,Improves communication in many countries.,Give me 1 sentence about the importance of learning English. Max 5 words.
demo-test-5,1001,122533,2025-07-18 06:11:53.000,80,Key for career advancement opportunities.,Give me 1 sentence about the importance of learning English. Max 5 words.
demo-test-11,1001,122544,2025-07-18 06:11:53.000,34,English connects cultures and ideas! ?,Give me 1 sentence about the importance of learning English. Max 5 words.
demo-test-13,1001,122546,2025-07-18 06:11:53.000,36,English opens doors to opportunities!,Give me 1 sentence about the importance of learning English. Max 5 words.
demo-test-14,1001,122530,2025-07-18 06:11:53.000,35,Improves understanding of different cultures! ?✨,Give me 1 sentence about the importance of learning English. Max 5 words.
demo-test-16,1001,122538,2025-07-18 06:11:53.000,35,English opens doors to opportunities! ?,Give me 1 sentence about the importance of learning English. Max 5 words.
demo-test-21,1001,122543,2025-07-18 06:11:53.000,26,English connects people worldwide! ?,Give me 1 sentence about the importance of learning English. Max 5 words.
demo-test-22,1001,122532,2025-07-18 06:11:53.000,27,English connects cultures and people! ?,Give me 1 sentence about the importance of learning English. Max 5 words.
demo-test-26,1001,122547,2025-07-18 06:11:53.000,22,English opens global job opportunities! ??,Give me 1 sentence about the importance of learning English. Max 5 words.
demo-test-28,1001,122545,2025-07-18 06:11:53.000,22,English is useful for education!,Give me 1 sentence about the importance of learning English. Max 5 words.
demo-test-30,1001,122535,2025-07-18 06:11:53.000,23,English connects people across cultures. ?,Give me 1 sentence about the importance of learning English. Max 5 words.
demo-test-31,1001,122550,2025-07-18 06:11:53.000,17,English is key to success! ? What success do you dream about?,Give me 1 sentence about the importance of learning English. Max 5 words.
demo-test-32,1001,122537,2025-07-18 06:11:53.000,11,English is essential for travel. Where would you like to travel? ?✈️,Give me 1 sentence about the importance of learning English. Max 5 words.
demo-test-35,1001,122534,2025-07-18 06:11:53.000,11,English connects people around world. What do you want to learn next? ?,Give me 1 sentence about the importance of learning English. Max 5 words.
demo-test-38,1001,122531,2025-07-18 06:11:53.000,11,English opens doors to knowledge. What do you want to learn? ?,Give me 1 sentence about the importance of learning English. Max 5 words.
demo-test-39,1001,122539,2025-07-18 06:11:53.000,17,English connects cultures and people! ? What culture interests you the most?,Give me 1 sentence about the importance of learning English. Max 5 words.
demo-test-42,1001,122536,2025-07-18 06:11:53.000,11,English connects people worldwide easily. What's your favorite English word?,Give me 1 sentence about the importance of learning English. Max 5 words.
demo-test-43,1001,122549,2025-07-18 06:11:53.000,11,English is useful for travel! Where would you like to travel? ✈️,Give me 1 sentence about the importance of learning English. Max 5 words.
demo-test-44,1001,122542,2025-07-18 06:11:53.000,11,English opens doors to knowledge. What do you want to learn?,Give me 1 sentence about the importance of learning English. Max 5 words.
demo-test-45,1001,122540,2025-07-18 06:11:53.000,11,English connects people from everywhere. What is your favorite movie? ?,Give me 1 sentence about the importance of learning English. Max 5 words.
demo-test-48,1001,122541,2025-07-18 06:11:53.000,17,English connects cultures and people! ?❤️ What culture interests you?,Give me 1 sentence about the importance of learning English. Max 5 words.
demo-test-2,1001,122552,2025-07-18 06:11:54.000,82,Boosts confidence and opportunities!,Give me 1 sentence about the importance of learning English. Max 5 words.
demo-test-37,1001,122554,2025-07-18 06:11:54.000,16,English is essential for education! ?? What do you want to study?,Give me 1 sentence about the importance of learning English. Max 5 words.
demo-test-47,1001,122551,2025-07-18 06:11:54.000,17,English is important for success! ? What success means to you?,Give me 1 sentence about the importance of learning English. Max 5 words.
demo-test-49,1001,122553,2025-07-18 06:11:54.000,11,English connects cultures and people. What culture interests you the most? ?✨,Give me 1 sentence about the importance of learning English. Max 5 words.
demo-test-6,1001,122558,2025-07-18 06:11:55.000,64,English opens doors to opportunities!,Give me 1 sentence about the importance of learning English. Max 5 words.
demo-test-7,1001,122556,2025-07-18 06:11:55.000,64,English enhances global communication skills.,Give me 1 sentence about the importance of learning English. Max 5 words.
demo-test-8,1001,122559,2025-07-18 06:11:55.000,63,English connects cultures and people. ?,Give me 1 sentence about the importance of learning English. Max 5 words.
demo-test-9,1001,122563,2025-07-18 06:11:55.000,64,English opens doors to understanding.,Give me 1 sentence about the importance of learning English. Max 5 words.
demo-test-15,1001,122562,2025-07-18 06:11:55.000,35,English connects cultures and people!,Give me 1 sentence about the importance of learning English. Max 5 words.
demo-test-18,1001,122560,2025-07-18 06:11:55.000,37,English enhances global communication skills! ?,Give me 1 sentence about the importance of learning English. Max 5 words.
demo-test-20,1001,122565,2025-07-18 06:11:55.000,35,Connects cultures and people globally! ?,Give me 1 sentence about the importance of learning English. Max 5 words.
demo-test-23,1001,122568,2025-07-18 06:11:55.000,25,English boosts confidence and opportunities! ?,Give me 1 sentence about the importance of learning English. Max 5 words.
demo-test-24,1001,122561,2025-07-18 06:11:55.000,26,English helps in job opportunities! ?✨,Give me 1 sentence about the importance of learning English. Max 5 words.
demo-test-25,1001,122567,2025-07-18 06:11:55.000,26,English is essential for travel! ✈️?,Give me 1 sentence about the importance of learning English. Max 5 words.
demo-test-27,1001,122564,2025-07-18 06:11:55.000,27,English connects cultures and people! ?,Give me 1 sentence about the importance of learning English. Max 5 words.
demo-test-36,1001,122557,2025-07-18 06:11:55.000,11,English connects people and cultures. What is your favorite season?,Give me 1 sentence about the importance of learning English. Max 5 words.
demo-test-40,1001,122555,2025-07-18 06:11:55.000,11,English helps you understand culture. What culture interests you the most?,Give me 1 sentence about the importance of learning English. Max 5 words.
demo-test-46,1001,122566,2025-07-18 06:11:55.000,16,English connects cultures and people! ??,Give me 1 sentence about the importance of learning English. Max 5 words.
demo-test-1,1001,122570,2025-07-18 06:11:56.000,16,English is key for communication. What do you want to learn today?,Give me 1 sentence about the importance of learning English. Max 5 words.
demo-test-10,1001,122578,2025-07-18 06:11:56.000,63,English is essential for communication!,Give me 1 sentence about the importance of learning English. Max 5 words.
demo-test-12,1001,122573,2025-07-18 06:11:56.000,35,Essential for global communication! ?,Give me 1 sentence about the importance of learning English. Max 5 words.
demo-test-17,1001,122576,2025-07-18 06:11:56.000,35,Key to better education opportunities!,Give me 1 sentence about the importance of learning English. Max 5 words.
demo-test-19,1001,122574,2025-07-18 06:11:56.000,37,English connects people around world! ??,Give me 1 sentence about the importance of learning English. Max 5 words.
demo-test-22,1001,122575,2025-07-18 06:11:56.000,28,English is essential for education! ?,Give me 1 sentence about the importance of learning English. Max 5 words.
demo-test-29,1001,122571,2025-07-18 06:11:56.000,27,English is useful for travel! ?✈️,Give me 1 sentence about the importance of learning English. Max 5 words.
demo-test-33,1001,122577,2025-07-18 06:11:56.000,11,English connects people around world. What is your favorite movie? ?,Give me 1 sentence about the importance of learning English. Max 5 words.
demo-test-41,1001,122572,2025-07-18 06:11:56.000,11,English helps you meet friends. Who is your best friend?,Give me 1 sentence about the importance of learning English. Max 5 words.
demo-test-50,1001,122569,2025-07-18 06:11:56.000,11,English opens doors to opportunities. What do you want to be when you grow up? ?,Give me 1 sentence about the importance of learning English. Max 5 words.
demo-test-3,1001,122581,2025-07-18 06:11:57.000,11,English is key for jobs! ??,Give me 1 sentence about the importance of learning English. Max 5 words.
demo-test-5,1001,122580,2025-07-18 06:11:57.000,81,Vital for global understanding.,Give me 1 sentence about the importance of learning English. Max 5 words.
demo-test-16,1001,122579,2025-07-18 06:11:57.000,36,English helps you find jobs! ?,Give me 1 sentence about the importance of learning English. Max 5 words.
demo-test-28,1001,122584,2025-07-18 06:11:57.000,23,English connects cultures and people!,Give me 1 sentence about the importance of learning English. Max 5 words.
demo-test-38,1001,122582,2025-07-18 06:11:57.000,12,English is important for success. What is your dream job? ?,Give me 1 sentence about the importance of learning English. Max 5 words.
demo-test-39,1001,122585,2025-07-18 06:11:57.000,18,English is important for education! ? What do you want to study?,Give me 1 sentence about the importance of learning English. Max 5 words.
demo-test-44,1001,122583,2025-07-18 06:11:57.000,12,English is useful for work. What job interests you?,Give me 1 sentence about the importance of learning English. Max 5 words.
demo-test-2,1001,122599,2025-07-18 06:11:58.000,83,Vital for international communication!,Give me 1 sentence about the importance of learning English. Max 5 words.
demo-test-8,1001,122598,2025-07-18 06:11:58.000,64,English improves communication worldwide. ?,Give me 1 sentence about the importance of learning English. Max 5 words.
demo-test-11,1001,122600,2025-07-18 06:11:58.000,35,English helps you understand others! ?,Give me 1 sentence about the importance of learning English. Max 5 words.
demo-test-13,1001,122586,2025-07-18 06:11:58.000,37,English is essential for travel!,Give me 1 sentence about the importance of learning English. Max 5 words.
demo-test-21,1001,122595,2025-07-18 06:11:58.000,27,English helps in education success! ?,Give me 1 sentence about the importance of learning English. Max 5 words.
demo-test-30,1001,122589,2025-07-18 06:11:58.000,24,English is useful for travel. ✈️,Give me 1 sentence about the importance of learning English. Max 5 words.
demo-test-31,1001,122588,2025-07-18 06:11:58.000,18,English helps understand different cultures! ? What culture interests you most?,Give me 1 sentence about the importance of learning English. Max 5 words.
demo-test-32,1001,122601,2025-07-18 06:11:58.000,12,English improves education and knowledge. What do you want to learn today? ?,Give me 1 sentence about the importance of learning English. Max 5 words.
demo-test-34,1001,122587,2025-07-18 06:11:58.000,11,English connects people worldwide. What do you like about English? ?,Give me 1 sentence about the importance of learning English. Max 5 words.
demo-test-35,1001,122590,2025-07-18 06:11:58.000,12,English is essential for travel. Where do you want to go? ✈️,Give me 1 sentence about the importance of learning English. Max 5 words.
demo-test-36,1001,122597,2025-07-18 06:11:58.000,12,English helps in global communication. What do you like to do on weekends?,Give me 1 sentence about the importance of learning English. Max 5 words.
demo-test-40,1001,122593,2025-07-18 06:11:58.000,12,English opens doors to opportunities. What opportunity do you want?,Give me 1 sentence about the importance of learning English. Max 5 words.
demo-test-42,1001,122596,2025-07-18 06:11:58.000,12,English helps you travel better. Where would you like to travel?,Give me 1 sentence about the importance of learning English. Max 5 words.
demo-test-43,1001,122594,2025-07-18 06:11:58.000,12,English helps with job opportunities! What job do you want in the future? ?,Give me 1 sentence about the importance of learning English. Max 5 words.
demo-test-45,1001,122592,2025-07-18 06:11:58.000,12,English is important for travel. Where do you want to go? ?,Give me 1 sentence about the importance of learning English. Max 5 words.
demo-test-48,1001,122591,2025-07-18 06:11:58.000,18,English is essential for success! ?✨ What success do you dream of?,Give me 1 sentence about the importance of learning English. Max 5 words.
demo-test-4,1001,122602,2025-07-18 06:11:59.000,79,Essential for global communication.,Give me 1 sentence about the importance of learning English. Max 5 words.
demo-test-6,1001,122603,2025-07-18 06:11:59.000,65,English enhances global communication skills!,Give me 1 sentence about the importance of learning English. Max 5 words.
demo-test-9,1001,122614,2025-07-18 06:12:00.000,65,English connects people around world.,Give me 1 sentence about the importance of learning English. Max 5 words.
demo-test-10,1001,122608,2025-07-18 06:12:00.000,64,English is vital for travel!,Give me 1 sentence about the importance of learning English. Max 5 words.
demo-test-12,1001,122605,2025-07-18 06:12:00.000,36,Key to better job chances! ?,Give me 1 sentence about the importance of learning English. Max 5 words.
demo-test-14,1001,122606,2025-07-18 06:12:00.000,36,Connects you with the world! ?✨,Give me 1 sentence about the importance of learning English. Max 5 words.
demo-test-17,1001,122616,2025-07-18 06:12:00.000,36,Connects people from different countries!,Give me 1 sentence about the importance of learning English. Max 5 words.
demo-test-18,1001,122613,2025-07-18 06:12:00.000,38,English is essential for travel! ✈️,Give me 1 sentence about the importance of learning English. Max 5 words.
demo-test-20,1001,122617,2025-07-18 06:12:00.000,36,Improves access to information worldwide! ?,Give me 1 sentence about the importance of learning English. Max 5 words.
demo-test-23,1001,122619,2025-07-18 06:12:00.000,26,English helps in global communication! ?,Give me 1 sentence about the importance of learning English. Max 5 words.
demo-test-24,1001,122612,2025-07-18 06:12:00.000,27,English opens doors to knowledge! ??,Give me 1 sentence about the importance of learning English. Max 5 words.
demo-test-25,1001,122615,2025-07-18 06:12:00.000,27,English helps you understand cultures! ?,Give me 1 sentence about the importance of learning English. Max 5 words.
demo-test-26,1001,122604,2025-07-18 06:12:00.000,23,English connects cultures around the world! ?✨,Give me 1 sentence about the importance of learning English. Max 5 words.
demo-test-33,1001,122618,2025-07-18 06:12:00.000,12,English helps you travel easily. What places do you want to visit? ?,Give me 1 sentence about the importance of learning English. Max 5 words.
demo-test-37,1001,122611,2025-07-18 06:12:00.000,17,English improves your job opportunities! ?? What job do you dream of?,Give me 1 sentence about the importance of learning English. Max 5 words.
demo-test-41,1001,122621,2025-07-18 06:12:00.000,12,English connects cultures and people. What culture interests you the most?,Give me 1 sentence about the importance of learning English. Max 5 words.
demo-test-46,1001,122620,2025-07-18 06:12:00.000,17,English is essential for success! ?✨,Give me 1 sentence about the importance of learning English. Max 5 words.
demo-test-47,1001,122609,2025-07-18 06:12:00.000,18,English is essential for friendship! ? Who is your best friend?,Give me 1 sentence about the importance of learning English. Max 5 words.
demo-test-49,1001,122607,2025-07-18 06:12:00.000,12,English helps you understand others. What do you want to understand better? ?,Give me 1 sentence about the importance of learning English. Max 5 words.
demo-test-50,1001,122610,2025-07-18 06:12:00.000,12,English is useful for travel. Where would you like to travel? ?✈️,Give me 1 sentence about the importance of learning English. Max 5 words.
demo-test-7,1001,122622,2025-07-18 06:12:01.000,65,English is vital for communication.,Give me 1 sentence about the importance of learning English. Max 5 words.
demo-test-15,1001,122623,2025-07-18 06:12:03.000,36,English is essential for communication!,Give me 1 sentence about the importance of learning English. Max 5 words.
demo-test-3,1001,122624,2025-07-18 06:12:06.000,12,English improves communication everywhere! ??,Give me 1 sentence about the importance of learning English. Max 5 words.
demo-test-92,1001,122625,2025-07-18 06:12:06.000,6,English helps connect the world.,Give me 1 sentence about the importance of learning English. Max 5 words.
demo-test-1,1001,122629,2025-07-18 06:12:07.000,17,English helps you make friends. What hobbies do you enjoy?,Give me 1 sentence about the importance of learning English. Max 5 words.
demo-test-2,1001,122626,2025-07-18 06:12:07.000,84,Helps in career advancement!,Give me 1 sentence about the importance of learning English. Max 5 words.
demo-test-6,1001,122638,2025-07-18 06:12:07.000,66,English is essential for success!,Give me 1 sentence about the importance of learning English. Max 5 words.
demo-test-20,1001,122630,2025-07-18 06:12:07.000,37,Enhances travel and cultural experiences! ?,Give me 1 sentence about the importance of learning English. Max 5 words.
demo-test-28,1001,122635,2025-07-18 06:12:07.000,24,English is important for success!,Give me 1 sentence about the importance of learning English. Max 5 words.
demo-test-56,1001,122628,2025-07-18 06:12:07.000,12,English connects people around the world. What do you think about that?,Give me 1 sentence about the importance of learning English. Max 5 words.
demo-test-57,1001,122634,2025-07-18 06:12:07.000,13,English connects people around the world.,Give me 1 sentence about the importance of learning English. Max 5 words.
demo-test-58,1001,122631,2025-07-18 06:12:07.000,9,English connects people around the world. Why do you want to learn English?,Give me 1 sentence about the importance of learning English. Max 5 words.
demo-test-60,1001,122636,2025-07-18 06:12:07.000,9,Learning English connects the world. What do you think about that?,Give me 1 sentence about the importance of learning English. Max 5 words.
demo-test-64,1001,122641,2025-07-18 06:12:07.000,8,English connects people globally. What do you think about that?,Give me 1 sentence about the importance of learning English. Max 5 words.
demo-test-74,1001,122627,2025-07-18 06:12:07.000,10,English connects people worldwide. What do you think?,Give me 1 sentence about the importance of learning English. Max 5 words.
demo-test-75,1001,122642,2025-07-18 06:12:07.000,7,English connects people around the world. What do you enjoy doing in your free time?,Give me 1 sentence about the importance of learning English. Max 5 words.
demo-test-85,1001,122640,2025-07-18 06:12:07.000,6,English connects people around the world.,Give me 1 sentence about the importance of learning English. Max 5 words.
demo-test-91,1001,122637,2025-07-18 06:12:07.000,6,Learning English opens many doors.,Give me 1 sentence about the importance of learning English. Max 5 words.
demo-test-93,1001,122632,2025-07-18 06:12:07.000,6,English connects people worldwide.,Give me 1 sentence about the importance of learning English. Max 5 words.
demo-test-96,1001,122639,2025-07-18 06:12:07.000,6,Learning English opens many doors.,Give me 1 sentence about the importance of learning English. Max 5 words.
demo-test-98,1001,122633,2025-07-18 06:12:07.000,6,English connects people around the world.,Give me 1 sentence about the importance of learning English. Max 5 words.
demo-test-4,1001,122658,2025-07-18 06:12:08.000,80,Key to worldwide opportunities.,Give me 1 sentence about the importance of learning English. Max 5 words.
demo-test-5,1001,122662,2025-07-18 06:12:08.000,82,Important for travel and work.,Give me 1 sentence about the importance of learning English. Max 5 words.
demo-test-11,1001,122663,2025-07-18 06:12:08.000,36,English improves job opportunities greatly! ?,Give me 1 sentence about the importance of learning English. Max 5 words.
demo-test-15,1001,122665,2025-07-18 06:12:08.000,37,English opens doors to opportunities!,Give me 1 sentence about the importance of learning English. Max 5 words.
demo-test-19,1001,122653,2025-07-18 06:12:08.000,38,English helps you understand cultures! ?✨,Give me 1 sentence about the importance of learning English. Max 5 words.
demo-test-21,1001,122660,2025-07-18 06:12:08.000,28,English is useful for travel! ?,Give me 1 sentence about the importance of learning English. Max 5 words.
demo-test-26,1001,122661,2025-07-18 06:12:08.000,24,English improves communication and understanding! ?,Give me 1 sentence about the importance of learning English. Max 5 words.
demo-test-29,1001,122646,2025-07-18 06:12:08.000,28,English opens doors to opportunities! ?✨,Give me 1 sentence about the importance of learning English. Max 5 words.
demo-test-30,1001,122645,2025-07-18 06:12:08.000,25,English opens doors to opportunities. ?✨,Give me 1 sentence about the importance of learning English. Max 5 words.
demo-test-37,1001,122655,2025-07-18 06:12:08.000,18,English connects cultures and people! ?? What culture interests you most?,Give me 1 sentence about the importance of learning English. Max 5 words.
demo-test-39,1001,122656,2025-07-18 06:12:08.000,19,English helps you make friends! ? Who is your best friend?,Give me 1 sentence about the importance of learning English. Max 5 words.
demo-test-43,1001,122649,2025-07-18 06:12:08.000,13,English improves your education chances! What subjects do you like in school? ?,Give me 1 sentence about the importance of learning English. Max 5 words.
demo-test-44,1001,122644,2025-07-18 06:12:08.000,13,English connects people across cultures. What culture interests you the most?,Give me 1 sentence about the importance of learning English. Max 5 words.
demo-test-45,1001,122647,2025-07-18 06:12:08.000,13,English helps in studying abroad. What country do you want to study in? ?,Give me 1 sentence about the importance of learning English. Max 5 words.
demo-test-50,1001,122666,2025-07-18 06:12:08.000,13,English connects people around world. What do you enjoy doing? ??,Give me 1 sentence about the importance of learning English. Max 5 words.
demo-test-55,1001,122664,2025-07-18 06:12:08.000,9,Learning English opens many doors. What do you want to learn next?,Give me 1 sentence about the importance of learning English. Max 5 words.
demo-test-61,1001,122650,2025-07-18 06:12:08.000,8,English connects people around the world. What is your favorite way to practice English?,Give me 1 sentence about the importance of learning English. Max 5 words.
demo-test-63,1001,122654,2025-07-18 06:12:08.000,8,English connects people around the world. What do you find easiest in learning English?,Give me 1 sentence about the importance of learning English. Max 5 words.
demo-test-69,1001,122659,2025-07-18 06:12:08.000,8,English connects people around the world. What is your favorite movie?,Give me 1 sentence about the importance of learning English. Max 5 words.
demo-test-73,1001,122657,2025-07-18 06:12:08.000,7,English connects people and cultures. What is your favorite way to practice English?,Give me 1 sentence about the importance of learning English. Max 5 words.
demo-test-76,1001,122652,2025-07-18 06:12:08.000,6,English helps connect with others.,Give me 1 sentence about the importance of learning English. Max 5 words.
demo-test-84,1001,122643,2025-07-18 06:12:08.000,6,Learning English opens many doors.,Give me 1 sentence about the importance of learning English. Max 5 words.
demo-test-87,1001,122651,2025-07-18 06:12:08.000,6,English connects people worldwide.,Give me 1 sentence about the importance of learning English. Max 5 words.
demo-test-95,1001,122648,2025-07-18 06:12:08.000,6,Learning English opens many doors.,Give me 1 sentence about the importance of learning English. Max 5 words.
demo-test-97,1001,122667,2025-07-18 06:12:08.000,6,English connects people around the world.,Give me 1 sentence about the importance of learning English. Max 5 words.
demo-test-9,1001,122670,2025-07-18 06:12:09.000,66,English is vital for success.,Give me 1 sentence about the importance of learning English. Max 5 words.
demo-test-24,1001,122668,2025-07-18 06:12:09.000,28,English is essential for communication! ?️?,Give me 1 sentence about the importance of learning English. Max 5 words.
demo-test-62,1001,122671,2025-07-18 06:12:09.000,8,English connects people around the world. What type of music do you like?,Give me 1 sentence about the importance of learning English. Max 5 words.
demo-test-13,1001,122672,2025-07-18 06:12:10.000,38,English helps you make friends!,Give me 1 sentence about the importance of learning English. Max 5 words.
demo-test-36,1001,122673,2025-07-18 06:12:11.000,13,English is important for travel. What is your dream destination?,Give me 1 sentence about the importance of learning English. Max 5 words.
demo-test-66,1001,122676,2025-07-18 06:12:11.000,11,English connects people around the world. Do you agree?,Give me 1 sentence about the importance of learning English. Max 5 words.
demo-test-78,1001,122677,2025-07-18 06:12:11.000,6,English connects people around the world.,Give me 1 sentence about the importance of learning English. Max 5 words.
demo-test-86,1001,122675,2025-07-18 06:12:11.000,9,English helps connect people worldwide.,Give me 1 sentence about the importance of learning English. Max 5 words.
demo-test-88,1001,122674,2025-07-18 06:12:11.000,6,Learning English opens many doors.,Give me 1 sentence about the importance of learning English. Max 5 words.
demo-test-7,1001,122716,2025-07-18 06:12:12.000,66,English broadens your career opportunities.,Give me 1 sentence about the importance of learning English. Max 5 words.
demo-test-8,1001,122709,2025-07-18 06:12:12.000,65,English opens doors to opportunities. ?,Give me 1 sentence about the importance of learning English. Max 5 words.
demo-test-10,1001,122685,2025-07-18 06:12:12.000,65,English enhances career possibilities!,Give me 1 sentence about the importance of learning English. Max 5 words.
demo-test-14,1001,122702,2025-07-18 06:12:12.000,37,Facilitates travel and job opportunities! ?✈️,Give me 1 sentence about the importance of learning English. Max 5 words.
demo-test-18,1001,122705,2025-07-18 06:12:12.000,39,English helps understand the world! ?,Give me 1 sentence about the importance of learning English. Max 5 words.
demo-test-20,1001,122713,2025-07-18 06:12:12.000,38,Supports education and personal growth! ?,Give me 1 sentence about the importance of learning English. Max 5 words.
demo-test-22,1001,122700,2025-07-18 06:12:12.000,29,English helps in global business! ?,Give me 1 sentence about the importance of learning English. Max 5 words.
demo-test-23,1001,122701,2025-07-18 06:12:12.000,27,English is essential for education! ?,Give me 1 sentence about the importance of learning English. Max 5 words.
demo-test-25,1001,122712,2025-07-18 06:12:12.000,28,English connects people worldwide! ?✨,Give me 1 sentence about the importance of learning English. Max 5 words.
demo-test-27,1001,122703,2025-07-18 06:12:12.000,28,English improves your career prospects! ?,Give me 1 sentence about the importance of learning English. Max 5 words.
demo-test-31,1001,122693,2025-07-18 06:12:12.000,19,English connects people from everywhere! ? Who would you like to meet?,Give me 1 sentence about the importance of learning English. Max 5 words.
demo-test-32,1001,122711,2025-07-18 06:12:12.000,13,English helps build international friendships. Do you have friends who speak English? ?,Give me 1 sentence about the importance of learning English. Max 5 words.
demo-test-33,1001,122695,2025-07-18 06:12:12.000,13,English is key for jobs. What job do you dream of?,Give me 1 sentence about the importance of learning English. Max 5 words.
demo-test-34,1001,122686,2025-07-18 06:12:12.000,12,English is key for success. What dreams do you have? ?,Give me 1 sentence about the importance of learning English. Max 5 words.
demo-test-35,1001,122720,2025-07-18 06:12:12.000,13,English is important for communication. What is your favorite English sentence? ?,Give me 1 sentence about the importance of learning English. Max 5 words.
demo-test-38,1001,122699,2025-07-18 06:12:12.000,13,English connects cultures and people. What culture interests you the most? ?,Give me 1 sentence about the importance of learning English. Max 5 words.
demo-test-41,1001,122692,2025-07-18 06:12:12.000,13,English is useful for travel. Where do you want to travel?,Give me 1 sentence about the importance of learning English. Max 5 words.
demo-test-46,1001,122697,2025-07-18 06:12:12.000,18,English is important for communication! ??,Give me 1 sentence about the importance of learning English. Max 5 words.
demo-test-48,1001,122715,2025-07-18 06:12:12.000,19,English is important for travel! ✈️? Where would you like to visit?,Give me 1 sentence about the importance of learning English. Max 5 words.
demo-test-49,1001,122704,2025-07-18 06:12:12.000,13,English is a global language. What do you enjoy most about learning English? ?,Give me 1 sentence about the importance of learning English. Max 5 words.
demo-test-51,1001,122691,2025-07-18 06:12:12.000,22,English connects people around the world. \n\nWhy do you want to learn English?,Give me 1 sentence about the importance of learning English. Max 5 words.
demo-test-52,1001,122681,2025-07-18 06:12:12.000,14,English connects people around the world.,Give me 1 sentence about the importance of learning English. Max 5 words.
demo-test-53,1001,122708,2025-07-18 06:12:12.000,7,English connects people and cultures. \n\nWhat do you think about learning English?,Give me 1 sentence about the importance of learning English. Max 5 words.
demo-test-54,1001,122706,2025-07-18 06:12:12.000,9,English connects people around the world. What do you want to learn about English today?,Give me 1 sentence about the importance of learning English. Max 5 words.
demo-test-59,1001,122696,2025-07-18 06:12:12.000,9,English helps connect people worldwide. What do you think about learning new languages?,Give me 1 sentence about the importance of learning English. Max 5 words.
demo-test-65,1001,122690,2025-07-18 06:12:12.000,8,English connects people worldwide easily. What do you want to learn next?,Give me 1 sentence about the importance of learning English. Max 5 words.
demo-test-67,1001,122678,2025-07-18 06:12:12.000,8,English is key for communication. What do you think about that?,Give me 1 sentence about the importance of learning English. Max 5 words.
demo-test-68,1001,122710,2025-07-18 06:12:12.000,8,English connects people around the world. \n\nWhat do you think about learning English?,Give me 1 sentence about the importance of learning English. Max 5 words.
demo-test-70,1001,122719,2025-07-18 06:12:12.000,24,English connects people around the world. What do you think about that?,Give me 1 sentence about the importance of learning English. Max 5 words.
demo-test-71,1001,122684,2025-07-18 06:12:12.000,7,English connects people worldwide. What do you think about learning new languages?,Give me 1 sentence about the importance of learning English. Max 5 words.
demo-test-74,1001,122718,2025-07-18 06:12:12.000,11,English is useful for everyone. What do you feel about that?,Give me 1 sentence about the importance of learning English. Max 5 words.
demo-test-77,1001,122680,2025-07-18 06:12:12.000,6,English connects people around the world.,Give me 1 sentence about the importance of learning English. Max 5 words.
demo-test-79,1001,122679,2025-07-18 06:12:12.000,6,Learning English opens many doors.,Give me 1 sentence about the importance of learning English. Max 5 words.
demo-test-80,1001,122689,2025-07-18 06:12:12.000,6,English connects people around the world.,Give me 1 sentence about the importance of learning English. Max 5 words.
demo-test-82,1001,122687,2025-07-18 06:12:12.000,6,Learning English opens many doors.,Give me 1 sentence about the importance of learning English. Max 5 words.
demo-test-83,1001,122683,2025-07-18 06:12:12.000,6,English connects people around the world.,Give me 1 sentence about the importance of learning English. Max 5 words.
demo-test-89,1001,122707,2025-07-18 06:12:12.000,6,English helps connect people worldwide.,Give me 1 sentence about the importance of learning English. Max 5 words.
demo-test-90,1001,122698,2025-07-18 06:12:12.000,6,Learning English opens many doors.,Give me 1 sentence about the importance of learning English. Max 5 words.
demo-test-92,1001,122688,2025-07-18 06:12:12.000,7,English opens many job opportunities.,Give me 1 sentence about the importance of learning English. Max 5 words.
demo-test-93,1001,122714,2025-07-18 06:12:12.000,7,English helps you find jobs.,Give me 1 sentence about the importance of learning English. Max 5 words.
demo-test-94,1001,122682,2025-07-18 06:12:12.000,6,English connects people around the world.,Give me 1 sentence about the importance of learning English. Max 5 words.
demo-test-98,1001,122717,2025-07-18 06:12:12.000,7,English opens many job opportunities.,Give me 1 sentence about the importance of learning English. Max 5 words.
demo-test-100,1001,122694,2025-07-18 06:12:12.000,6,English connects people worldwide.,Give me 1 sentence about the importance of learning English. Max 5 words.
demo-test-1,1001,122738,2025-07-18 06:12:13.000,18,English opens doors to success. What’s your favorite way to practice?,Give me 1 sentence about the importance of learning English. Max 5 words.
demo-test-2,1001,122737,2025-07-18 06:12:13.000,85,Opens doors to new opportunities!,Give me 1 sentence about the importance of learning English. Max 5 words.
demo-test-3,1001,122723,2025-07-18 06:12:13.000,13,English helps understand different cultures! ??,Give me 1 sentence about the importance of learning English. Max 5 words.
demo-test-6,1001,122732,2025-07-18 06:12:13.000,67,English connects cultures and people!,Give me 1 sentence about the importance of learning English. Max 5 words.
demo-test-12,1001,122731,2025-07-18 06:12:13.000,37,Boosts confidence in speaking! ?,Give me 1 sentence about the importance of learning English. Max 5 words.
demo-test-16,1001,122736,2025-07-18 06:12:13.000,37,English enhances communication and understanding! ?,Give me 1 sentence about the importance of learning English. Max 5 words.
demo-test-17,1001,122740,2025-07-18 06:12:13.000,37,Important for international travel!,Give me 1 sentence about the importance of learning English. Max 5 words.
demo-test-19,1001,122721,2025-07-18 06:12:13.000,39,English is important for travel! ✈️?,Give me 1 sentence about the importance of learning English. Max 5 words.
demo-test-21,1001,122741,2025-07-18 06:12:13.000,29,English opens doors to opportunities! ?,Give me 1 sentence about the importance of learning English. Max 5 words.
demo-test-28,1001,122728,2025-07-18 06:12:13.000,25,English opens doors to opportunities!,Give me 1 sentence about the importance of learning English. Max 5 words.
demo-test-29,1001,122743,2025-07-18 06:12:13.000,29,English improves communication worldwide! ?,Give me 1 sentence about the importance of learning English. Max 5 words.
demo-test-37,1001,122739,2025-07-18 06:12:13.000,19,English helps you understand media! ?? What is your favorite movie?,Give me 1 sentence about the importance of learning English. Max 5 words.
demo-test-40,1001,122724,2025-07-18 06:12:13.000,13,English connects people across borders. Do you have friends from other countries?,Give me 1 sentence about the importance of learning English. Max 5 words.
demo-test-42,1001,122730,2025-07-18 06:12:13.000,13,English is key for success. What do you want to achieve with English?,Give me 1 sentence about the importance of learning English. Max 5 words.
demo-test-45,1001,122729,2025-07-18 06:12:13.000,14,English improves job opportunities greatly. What job do you dream of? ?,Give me 1 sentence about the importance of learning English. Max 5 words.
demo-test-47,1001,122727,2025-07-18 06:12:13.000,19,English helps you understand movies! ? What’s your favorite movie?,Give me 1 sentence about the importance of learning English. Max 5 words.
demo-test-56,1001,122726,2025-07-18 06:12:13.000,13,English helps you make friends. What do you want to learn next?,Give me 1 sentence about the importance of learning English. Max 5 words.
demo-test-64,1001,122734,2025-07-18 06:12:13.000,9,English is key to success. What are your goals in learning English?,Give me 1 sentence about the importance of learning English. Max 5 words.
demo-test-72,1001,122725,2025-07-18 06:12:13.000,7,English connects people around the world. What do you want to learn next in English?,Give me 1 sentence about the importance of learning English. Max 5 words.
demo-test-75,1001,122733,2025-07-18 06:12:13.000,8,English is key for communication. What is your favorite food?,Give me 1 sentence about the importance of learning English. Max 5 words.
demo-test-76,1001,122742,2025-07-18 06:12:13.000,7,English opens global opportunities.,Give me 1 sentence about the importance of learning English. Max 5 words.
demo-test-81,1001,122722,2025-07-18 06:12:13.000,6,English connects people around the world.,Give me 1 sentence about the importance of learning English. Max 5 words.
demo-test-99,1001,122735,2025-07-18 06:12:13.000,9,English connects people around the world.,Give me 1 sentence about the importance of learning English. Max 5 words.
demo-test-85,1001,122744,2025-07-18 06:12:16.000,7,English opens many job opportunities.,Give me 1 sentence about the importance of learning English. Max 5 words.
demo-test-87,1001,122745,2025-07-18 06:12:16.000,7,English opens many opportunities.,Give me 1 sentence about the importance of learning English. Max 5 words.
demo-test-96,1001,122746,2025-07-18 06:12:16.000,7,English helps communicate with everyone.,Give me 1 sentence about the importance of learning English. Max 5 words.
demo-test-4,1001,122779,2025-07-18 06:12:17.000,81,Connects diverse cultures and people.,Give me 1 sentence about the importance of learning English. Max 5 words.
demo-test-5,1001,122768,2025-07-18 06:12:17.000,83,Connects people from different cultures.,Give me 1 sentence about the importance of learning English. Max 5 words.
demo-test-9,1001,122755,2025-07-18 06:12:17.000,67,English is key for opportunities.,Give me 1 sentence about the importance of learning English. Max 5 words.
demo-test-11,1001,122763,2025-07-18 06:12:17.000,37,English is vital for success! ⭐,Give me 1 sentence about the importance of learning English. Max 5 words.
demo-test-13,1001,122770,2025-07-18 06:12:17.000,39,English is useful for education!,Give me 1 sentence about the importance of learning English. Max 5 words.
demo-test-15,1001,122758,2025-07-18 06:12:17.000,38,English helps you understand others!,Give me 1 sentence about the importance of learning English. Max 5 words.
demo-test-24,1001,122751,2025-07-18 06:12:17.000,29,English connects people around world! ??,Give me 1 sentence about the importance of learning English. Max 5 words.
demo-test-26,1001,122748,2025-07-18 06:12:17.000,25,English is vital for education! ?,Give me 1 sentence about the importance of learning English. Max 5 words.
demo-test-30,1001,122760,2025-07-18 06:12:17.000,26,English helps in studying abroad. ?,Give me 1 sentence about the importance of learning English. Max 5 words.
demo-test-36,1001,122777,2025-07-18 06:12:17.000,14,English allows access to information. What sport do you like best?,Give me 1 sentence about the importance of learning English. Max 5 words.
demo-test-39,1001,122761,2025-07-18 06:12:17.000,20,English is useful for travel! ? Where do you want to go?,Give me 1 sentence about the importance of learning English. Max 5 words.
demo-test-41,1001,122778,2025-07-18 06:12:17.000,14,English is key for success. What is your goal in learning English?,Give me 1 sentence about the importance of learning English. Max 5 words.
demo-test-43,1001,122771,2025-07-18 06:12:17.000,14,English is vital for success! What success means to you? ?,Give me 1 sentence about the importance of learning English. Max 5 words.
demo-test-44,1001,122749,2025-07-18 06:12:17.000,14,English helps in global communication. What do you want to communicate?,Give me 1 sentence about the importance of learning English. Max 5 words.
demo-test-50,1001,122773,2025-07-18 06:12:17.000,14,English is vital for communication. What type of music do you like? ??,Give me 1 sentence about the importance of learning English. Max 5 words.
demo-test-52,1001,122784,2025-07-18 06:12:17.000,15,English helps you make friends.,Give me 1 sentence about the importance of learning English. Max 5 words.
demo-test-55,1001,122762,2025-07-18 06:12:17.000,10,English helps us communicate better. What do you think about this?,Give me 1 sentence about the importance of learning English. Max 5 words.
demo-test-57,1001,122754,2025-07-18 06:12:17.000,14,English helps you communicate globally.,Give me 1 sentence about the importance of learning English. Max 5 words.
demo-test-58,1001,122772,2025-07-18 06:12:17.000,10,English helps you communicate globally. What do you want to learn next?,Give me 1 sentence about the importance of learning English. Max 5 words.
demo-test-59,1001,122783,2025-07-18 06:12:17.000,10,English is key for communication. What do you want to learn next?,Give me 1 sentence about the importance of learning English. Max 5 words.
demo-test-60,1001,122769,2025-07-18 06:12:17.000,10,English helps you make friends. What do you think about making new friends?,Give me 1 sentence about the importance of learning English. Max 5 words.
demo-test-61,1001,122774,2025-07-18 06:12:17.000,9,English is key for communication. What do you like to do in your free time?,Give me 1 sentence about the importance of learning English. Max 5 words.
demo-test-62,1001,122750,2025-07-18 06:12:17.000,9,English helps you find jobs. What is your favorite food?,Give me 1 sentence about the importance of learning English. Max 5 words.
demo-test-63,1001,122752,2025-07-18 06:12:17.000,9,English is key for communication. What do you want to learn today?,Give me 1 sentence about the importance of learning English. Max 5 words.
demo-test-67,1001,122776,2025-07-18 06:12:17.000,9,English connects people around the world. What do you want to learn next?,Give me 1 sentence about the importance of learning English. Max 5 words.
demo-test-69,1001,122766,2025-07-18 06:12:17.000,9,English is key for communication. What music do you like?,Give me 1 sentence about the importance of learning English. Max 5 words.
demo-test-71,1001,122775,2025-07-18 06:12:17.000,8,English helps in many countries. What do you enjoy most about learning English?,Give me 1 sentence about the importance of learning English. Max 5 words.
demo-test-73,1001,122780,2025-07-18 06:12:17.000,8,English is key for success. What do you want to learn next?,Give me 1 sentence about the importance of learning English. Max 5 words.
demo-test-77,1001,122781,2025-07-18 06:12:17.000,7,English helps in global communication.,Give me 1 sentence about the importance of learning English. Max 5 words.
demo-test-78,1001,122767,2025-07-18 06:12:17.000,7,English opens many job opportunities.,Give me 1 sentence about the importance of learning English. Max 5 words.
demo-test-79,1001,122757,2025-07-18 06:12:17.000,7,English connects people worldwide easily.,Give me 1 sentence about the importance of learning English. Max 5 words.
demo-test-83,1001,122782,2025-07-18 06:12:17.000,7,English opens many job opportunities.,Give me 1 sentence about the importance of learning English. Max 5 words.
demo-test-84,1001,122764,2025-07-18 06:12:17.000,7,English connects people around the world.,Give me 1 sentence about the importance of learning English. Max 5 words.
demo-test-86,1001,122765,2025-07-18 06:12:17.000,10,English opens many job opportunities.,Give me 1 sentence about the importance of learning English. Max 5 words.
demo-test-88,1001,122753,2025-07-18 06:12:17.000,7,English helps communicate with everyone.,Give me 1 sentence about the importance of learning English. Max 5 words.
demo-test-91,1001,122759,2025-07-18 06:12:17.000,7,English connects people worldwide.,Give me 1 sentence about the importance of learning English. Max 5 words.
demo-test-95,1001,122747,2025-07-18 06:12:17.000,7,English connects people worldwide easily.,Give me 1 sentence about the importance of learning English. Max 5 words.
demo-test-97,1001,122756,2025-07-18 06:12:17.000,7,English helps you get jobs.,Give me 1 sentence about the importance of learning English. Max 5 words.
demo-test-10,1001,122787,2025-07-18 06:12:18.000,66,English connects cultures and people!,Give me 1 sentence about the importance of learning English. Max 5 words.
demo-test-31,1001,122790,2025-07-18 06:12:18.000,20,English is essential for travel! ✈️ Where do you want to go?,Give me 1 sentence about the importance of learning English. Max 5 words.
demo-test-33,1001,122785,2025-07-18 06:12:18.000,14,English allows global communication easily. What music do you like? ?,Give me 1 sentence about the importance of learning English. Max 5 words.
demo-test-38,1001,122792,2025-07-18 06:12:18.000,14,"English helps in global understanding. What does ""global understanding"" mean to you? ?",Give me 1 sentence about the importance of learning English. Max 5 words.
demo-test-51,1001,122793,2025-07-18 06:12:18.000,23,English helps you make friends. \n\nWho would you like to meet?,Give me 1 sentence about the importance of learning English. Max 5 words.
demo-test-66,1001,122791,2025-07-18 06:12:18.000,12,English helps you find opportunities. What opportunities do you want?,Give me 1 sentence about the importance of learning English. Max 5 words.
demo-test-90,1001,122789,2025-07-18 06:12:18.000,7,English connects people worldwide easily.,Give me 1 sentence about the importance of learning English. Max 5 words.
demo-test-94,1001,122786,2025-07-18 06:12:18.000,7,English opens many job opportunities.,Give me 1 sentence about the importance of learning English. Max 5 words.
demo-test-100,1001,122788,2025-07-18 06:12:18.000,7,English helps you get jobs.,Give me 1 sentence about the importance of learning English. Max 5 words.
demo-test-7,1001,122818,2025-07-18 06:12:21.000,67,English helps you travel easily.,Give me 1 sentence about the importance of learning English. Max 5 words.
demo-test-8,1001,122811,2025-07-18 06:12:21.000,66,English is vital for business. ?,Give me 1 sentence about the importance of learning English. Max 5 words.
demo-test-12,1001,122798,2025-07-18 06:12:21.000,38,Helps you understand different cultures! ?,Give me 1 sentence about the importance of learning English. Max 5 words.
demo-test-14,1001,122802,2025-07-18 06:12:21.000,38,Essential for studying abroad successfully! ??,Give me 1 sentence about the importance of learning English. Max 5 words.
demo-test-16,1001,122823,2025-07-18 06:12:21.000,38,English is vital for education! ?,Give me 1 sentence about the importance of learning English. Max 5 words.
demo-test-17,1001,122819,2025-07-18 06:12:21.000,38,Helps in understanding global culture!,Give me 1 sentence about the importance of learning English. Max 5 words.
demo-test-18,1001,122810,2025-07-18 06:12:21.000,40,English opens doors to opportunities! ?,Give me 1 sentence about the importance of learning English. Max 5 words.
demo-test-22,1001,122795,2025-07-18 06:12:21.000,30,English enhances your career prospects! ?,Give me 1 sentence about the importance of learning English. Max 5 words.
demo-test-23,1001,122813,2025-07-18 06:12:21.000,28,English opens up new opportunities! ?,Give me 1 sentence about the importance of learning English. Max 5 words.
demo-test-25,1001,122797,2025-07-18 06:12:21.000,29,English boosts confidence in speaking! ?,Give me 1 sentence about the importance of learning English. Max 5 words.
demo-test-27,1001,122809,2025-07-18 06:12:21.000,29,English helps in daily life! ?,Give me 1 sentence about the importance of learning English. Max 5 words.
demo-test-32,1001,122815,2025-07-18 06:12:21.000,14,English is important for communication. What do you like to communicate about? ?,Give me 1 sentence about the importance of learning English. Max 5 words.
demo-test-34,1001,122801,2025-07-18 06:12:21.000,13,English opens doors to opportunities. What opportunities do you want? ?✨,Give me 1 sentence about the importance of learning English. Max 5 words.
demo-test-35,1001,122812,2025-07-18 06:12:21.000,14,English helps you understand cultures. What culture interests you the most? ?,Give me 1 sentence about the importance of learning English. Max 5 words.
demo-test-40,1001,122805,2025-07-18 06:12:21.000,14,English is useful for travel. Where do you want to travel?,Give me 1 sentence about the importance of learning English. Max 5 words.
demo-test-42,1001,122803,2025-07-18 06:12:21.000,14,English is essential for communication. What do you enjoy most in English?,Give me 1 sentence about the importance of learning English. Max 5 words.
demo-test-46,1001,122804,2025-07-18 06:12:21.000,19,English helps you understand the world! ??,Give me 1 sentence about the importance of learning English. Max 5 words.
demo-test-48,1001,122820,2025-07-18 06:12:21.000,20,English helps you understand media! ?? What is your favorite show?,Give me 1 sentence about the importance of learning English. Max 5 words.
demo-test-49,1001,122814,2025-07-18 06:12:21.000,14,English improves job opportunities worldwide. What job do you want? ?,Give me 1 sentence about the importance of learning English. Max 5 words.
demo-test-53,1001,122806,2025-07-18 06:12:21.000,8,English opens doors to opportunities. \n\nWhat opportunities do you want?,Give me 1 sentence about the importance of learning English. Max 5 words.
demo-test-54,1001,122817,2025-07-18 06:12:21.000,10,English helps you make friends. What do you think about learning English?,Give me 1 sentence about the importance of learning English. Max 5 words.
demo-test-65,1001,122799,2025-07-18 06:12:21.000,9,English helps you find jobs. Do you have a dream job?,Give me 1 sentence about the importance of learning English. Max 5 words.
demo-test-68,1001,122816,2025-07-18 06:12:21.000,9,English is essential for communication. \n\nWhat is your favorite English word?,Give me 1 sentence about the importance of learning English. Max 5 words.
demo-test-70,1001,122808,2025-07-18 06:12:21.000,25,English is key for communication. What do you want to learn next?,Give me 1 sentence about the importance of learning English. Max 5 words.
demo-test-72,1001,122800,2025-07-18 06:12:21.000,8,English is key for opportunities. What do you enjoy most about learning?,Give me 1 sentence about the importance of learning English. Max 5 words.
demo-test-80,1001,122821,2025-07-18 06:12:21.000,7,English opens many job opportunities.,Give me 1 sentence about the importance of learning English. Max 5 words.
demo-test-81,1001,122796,2025-07-18 06:12:21.000,7,English opens many job opportunities.,Give me 1 sentence about the importance of learning English. Max 5 words.
demo-test-82,1001,122794,2025-07-18 06:12:21.000,7,English connects people around the world.,Give me 1 sentence about the importance of learning English. Max 5 words.
demo-test-89,1001,122807,2025-07-18 06:12:21.000,7,English opens job opportunities everywhere.,Give me 1 sentence about the importance of learning English. Max 5 words.
demo-test-99,1001,122822,2025-07-18 06:12:21.000,10,English opens doors to opportunities.,Give me 1 sentence about the importance of learning English. Max 5 words.
demo-test-2,1001,122832,2025-07-18 06:13:11.000,86,Essential for global understanding!,Give me 1 sentence about the importance of learning English. Max 5 words.
demo-test-4,1001,122828,2025-07-18 06:13:11.000,82,Opens doors to new opportunities.,Give me 1 sentence about the importance of learning English. Max 5 words.
demo-test-19,1001,122829,2025-07-18 06:13:11.000,40,English enhances global communication skills! ?✨,Give me 1 sentence about the importance of learning English. Max 5 words.
demo-test-20,1001,122836,2025-07-18 06:13:11.000,39,Facilitates international friendships and connections! ?,Give me 1 sentence about the importance of learning English. Max 5 words.
demo-test-23,1001,122840,2025-07-18 06:13:11.000,29,English connects us around the world! ?,Give me 1 sentence about the importance of learning English. Max 5 words.
demo-test-37,1001,122831,2025-07-18 06:13:11.000,20,English opens doors to opportunities! ?? What opportunity do you want?,Give me 1 sentence about the importance of learning English. Max 5 words.
demo-test-38,1001,122839,2025-07-18 06:13:11.000,15,English is essential for progress. What progress do you want in life? ?,Give me 1 sentence about the importance of learning English. Max 5 words.
demo-test-56,1001,122835,2025-07-18 06:13:11.000,14,English is key for communication. What do you like about English?,Give me 1 sentence about the importance of learning English. Max 5 words.
demo-test-62,1001,122841,2025-07-18 06:13:11.000,10,English is key to communication. What do you like to watch on TV?,Give me 1 sentence about the importance of learning English. Max 5 words.
demo-test-75,1001,122843,2025-07-18 06:13:11.000,9,English helps in many jobs. What do you want to learn next?,Give me 1 sentence about the importance of learning English. Max 5 words.
demo-test-91,1001,122837,2025-07-18 06:13:11.000,8,English helps in global communication.,Give me 1 sentence about the importance of learning English. Max 5 words.
demo-test-93,1001,122830,2025-07-18 06:13:11.000,8,English opens many opportunities.,Give me 1 sentence about the importance of learning English. Max 5 words.
demo-test-95,1001,122834,2025-07-18 06:13:11.000,8,English helps in many jobs.,Give me 1 sentence about the importance of learning English. Max 5 words.
demo-test-128,1001,122838,2025-07-18 06:13:11.000,9,English helps you travel easily! \n\nWhere do you want to travel?,Give me 1 sentence about the importance of learning English. Max 5 words.
demo-test-131,1001,122842,2025-07-18 06:13:11.000,9,English helps you understand cultures! \n\nWhat culture are you most interested in?,Give me 1 sentence about the importance of learning English. Max 5 words.
demo-test-146,1001,122833,2025-07-18 06:13:11.000,9,English helps you understand cultures. \n\nWhat culture interests you the most?,Give me 1 sentence about the importance of learning English. Max 5 words.
demo-test-1,1001,122853,2025-07-18 06:13:12.000,19,English is essential for travel. What do you want to learn next?,Give me 1 sentence about the importance of learning English. Max 5 words.
demo-test-3,1001,122887,2025-07-18 06:13:12.000,14,English connects people across nations! ??,Give me 1 sentence about the importance of learning English. Max 5 words.
demo-test-6,1001,122848,2025-07-18 06:13:12.000,68,English improves job opportunities greatly!,Give me 1 sentence about the importance of learning English. Max 5 words.
demo-test-7,1001,122867,2025-07-18 06:13:12.000,68,English is essential for connections.,Give me 1 sentence about the importance of learning English. Max 5 words.
demo-test-10,1001,122885,2025-07-18 06:13:12.000,67,English improves global understanding!,Give me 1 sentence about the importance of learning English. Max 5 words.
demo-test-11,1001,122858,2025-07-18 06:13:12.000,38,English enhances global communication skills! ?,Give me 1 sentence about the importance of learning English. Max 5 words.
demo-test-21,1001,122845,2025-07-18 06:13:12.000,30,English boosts your career chances! ?,Give me 1 sentence about the importance of learning English. Max 5 words.
demo-test-22,1001,122864,2025-07-18 06:13:12.000,31,English helps you make friends! ?,Give me 1 sentence about the importance of learning English. Max 5 words.
demo-test-26,1001,122856,2025-07-18 06:13:12.000,26,English boosts confidence in speaking! ?,Give me 1 sentence about the importance of learning English. Max 5 words.
demo-test-29,1001,122874,2025-07-18 06:13:12.000,30,English is vital for success! ?,Give me 1 sentence about the importance of learning English. Max 5 words.
demo-test-30,1001,122882,2025-07-18 06:13:12.000,27,English is essential for communication. ?,Give me 1 sentence about the importance of learning English. Max 5 words.
demo-test-32,1001,122884,2025-07-18 06:13:12.000,15,English opens doors to opportunities. What opportunities do you dream of? ?,Give me 1 sentence about the importance of learning English. Max 5 words.
demo-test-33,1001,122888,2025-07-18 06:13:12.000,15,English helps with education success. What do you like to study?,Give me 1 sentence about the importance of learning English. Max 5 words.
demo-test-40,1001,122868,2025-07-18 06:13:12.000,15,English is essential for education. What subject do you enjoy studying?,Give me 1 sentence about the importance of learning English. Max 5 words.
demo-test-42,1001,122850,2025-07-18 06:13:12.000,15,English connects cultures and ideas. What culture interests you the most?,Give me 1 sentence about the importance of learning English. Max 5 words.
demo-test-46,1001,122859,2025-07-18 06:13:12.000,20,English is vital for education! ?✨,Give me 1 sentence about the importance of learning English. Max 5 words.
demo-test-47,1001,122866,2025-07-18 06:13:12.000,20,English improves your job prospects! ? What job do you want?,Give me 1 sentence about the importance of learning English. Max 5 words.
demo-test-48,1001,122861,2025-07-18 06:13:12.000,21,English is vital for education! ?✨ What do you want to study?,Give me 1 sentence about the importance of learning English. Max 5 words.
demo-test-50,1001,122881,2025-07-18 06:13:12.000,15,English improves job opportunities greatly. What job interests you most? ?,Give me 1 sentence about the importance of learning English. Max 5 words.
demo-test-55,1001,122852,2025-07-18 06:13:12.000,11,English connects people around the world. Do you have a favorite English word?,Give me 1 sentence about the importance of learning English. Max 5 words.
demo-test-57,1001,122877,2025-07-18 06:13:12.000,15,English opens doors to opportunities.,Give me 1 sentence about the importance of learning English. Max 5 words.
demo-test-59,1001,122849,2025-07-18 06:13:12.000,11,English opens doors to opportunities. What opportunities do you dream about?,Give me 1 sentence about the importance of learning English. Max 5 words.
demo-test-65,1001,122886,2025-07-18 06:13:12.000,10,English opens doors to opportunities. What opportunities are you excited about?,Give me 1 sentence about the importance of learning English. Max 5 words.
demo-test-66,1001,122876,2025-07-18 06:13:12.000,13,English is key for communication. What do you think?,Give me 1 sentence about the importance of learning English. Max 5 words.
demo-test-73,1001,122844,2025-07-18 06:13:12.000,9,English opens doors to opportunities. What do you enjoy doing in your free time?,Give me 1 sentence about the importance of learning English. Max 5 words.
demo-test-74,1001,122846,2025-07-18 06:13:12.000,12,English helps you find jobs. What jobs interest you?,Give me 1 sentence about the importance of learning English. Max 5 words.
demo-test-77,1001,122862,2025-07-18 06:13:12.000,8,English opens many job opportunities.,Give me 1 sentence about the importance of learning English. Max 5 words.
demo-test-80,1001,122879,2025-07-18 06:13:12.000,8,English helps you travel easily.,Give me 1 sentence about the importance of learning English. Max 5 words.
demo-test-92,1001,122860,2025-07-18 06:13:12.000,8,English is key for communication.,Give me 1 sentence about the importance of learning English. Max 5 words.
demo-test-94,1001,122857,2025-07-18 06:13:12.000,8,English helps you travel easily.,Give me 1 sentence about the importance of learning English. Max 5 words.
demo-test-96,1001,122855,2025-07-18 06:13:12.000,8,English connects people around the world.,Give me 1 sentence about the importance of learning English. Max 5 words.
demo-test-100,1001,122871,2025-07-18 06:13:12.000,8,English opens doors to opportunities.,Give me 1 sentence about the importance of learning English. Max 5 words.
demo-test-102,1001,122883,2025-07-18 06:13:12.000,21,English opens doors to success! \n\nWhat do you enjoy most about learning English?,Give me 1 sentence about the importance of learning English. Max 5 words.
demo-test-103,1001,122875,2025-07-18 06:13:12.000,21,English helps you understand others. \n\nWhat is your favorite English phrase?,Give me 1 sentence about the importance of learning English. Max 5 words.
demo-test-109,1001,122869,2025-07-18 06:13:12.000,17,English opens doors to opportunities! \n\nWhat do you want to achieve with your English skills?,Give me 1 sentence about the importance of learning English. Max 5 words.
demo-test-110,1001,122865,2025-07-18 06:13:12.000,17,English helps you understand cultures. \n\nWhat culture are you most interested in?,Give me 1 sentence about the importance of learning English. Max 5 words.
demo-test-112,1001,122847,2025-07-18 06:13:12.000,11,English is essential for success! \n\nWhat do you find challenging about learning English?,Give me 1 sentence about the importance of learning English. Max 5 words.
demo-test-117,1001,122880,2025-07-18 06:13:12.000,11,English helps you find jobs!\n\nWhat job do you want in the future?,Give me 1 sentence about the importance of learning English. Max 5 words.
demo-test-127,1001,122851,2025-07-18 06:13:12.000,9,English helps you travel easily. \n\nWhere would you like to travel?,Give me 1 sentence about the importance of learning English. Max 5 words.
demo-test-130,1001,122870,2025-07-18 06:13:12.000,9,English is essential for success. \n\nWhat do you want to achieve with your English?,Give me 1 sentence about the importance of learning English. Max 5 words.
demo-test-133,1001,122872,2025-07-18 06:13:12.000,9,English improves your global connection. \n\nWhat do you like most about learning English?,Give me 1 sentence about the importance of learning English. Max 5 words.
demo-test-136,1001,122878,2025-07-18 06:13:12.000,9,English helps build your future! What are your goals for learning?,Give me 1 sentence about the importance of learning English. Max 5 words.
demo-test-145,1001,122863,2025-07-18 06:13:12.000,9,English opens doors to opportunities.  \n\nWhat opportunity do you hope for with English?,Give me 1 sentence about the importance of learning English. Max 5 words.
demo-test-147,1001,122854,2025-07-18 06:13:12.000,9,English improves job opportunities! What job do you dream of having?,Give me 1 sentence about the importance of learning English. Max 5 words.
demo-test-148,1001,122873,2025-07-18 06:13:12.000,9,English helps you understand cultures. \n\nWhat culture interests you the most?,Give me 1 sentence about the importance of learning English. Max 5 words.
demo-test-5,1001,122891,2025-07-18 06:13:13.000,84,Enhances communication in diverse settings.,Give me 1 sentence about the importance of learning English. Max 5 words.
demo-test-13,1001,122897,2025-07-18 06:13:13.000,40,English improves job prospects greatly!,Give me 1 sentence about the importance of learning English. Max 5 words.
demo-test-14,1001,122903,2025-07-18 06:13:13.000,39,Key to global job market! ??,Give me 1 sentence about the importance of learning English. Max 5 words.
demo-test-15,1001,122894,2025-07-18 06:13:13.000,39,English is useful for travel!,Give me 1 sentence about the importance of learning English. Max 5 words.
demo-test-27,1001,122893,2025-07-18 06:13:13.000,30,English is vital for travel! ✈️,Give me 1 sentence about the importance of learning English. Max 5 words.
demo-test-39,1001,122905,2025-07-18 06:13:13.000,21,English improves your communication skills! ?️ What do you like to talk about?,Give me 1 sentence about the importance of learning English. Max 5 words.
demo-test-41,1001,122909,2025-07-18 06:13:13.000,15,English helps in global communication. What do you like most about English?,Give me 1 sentence about the importance of learning English. Max 5 words.
demo-test-43,1001,122900,2025-07-18 06:13:13.000,15,English helps understand global culture! What culture interests you the most? ?,Give me 1 sentence about the importance of learning English. Max 5 words.
demo-test-61,1001,122898,2025-07-18 06:13:13.000,10,English helps you travel easily. What countries would you like to visit?,Give me 1 sentence about the importance of learning English. Max 5 words.
demo-test-63,1001,122906,2025-07-18 06:13:13.000,10,English helps you understand others. What is your favorite English word?,Give me 1 sentence about the importance of learning English. Max 5 words.
demo-test-76,1001,122908,2025-07-18 06:13:13.000,8,English is key for communication.,Give me 1 sentence about the importance of learning English. Max 5 words.
demo-test-79,1001,122899,2025-07-18 06:13:13.000,8,English helps in global communication.,Give me 1 sentence about the importance of learning English. Max 5 words.
demo-test-83,1001,122895,2025-07-18 06:13:13.000,8,English helps you travel easily.,Give me 1 sentence about the importance of learning English. Max 5 words.
demo-test-85,1001,122889,2025-07-18 06:13:13.000,8,English helps you travel easily.,Give me 1 sentence about the importance of learning English. Max 5 words.
demo-test-97,1001,122892,2025-07-18 06:13:13.000,8,English is key for communication.,Give me 1 sentence about the importance of learning English. Max 5 words.
demo-test-99,1001,122890,2025-07-18 06:13:13.000,11,English helps in global communication.,Give me 1 sentence about the importance of learning English. Max 5 words.
demo-test-104,1001,122911,2025-07-18 06:13:13.000,20,English helps you understand others! Why do you want to learn it?,Give me 1 sentence about the importance of learning English. Max 5 words.
demo-test-111,1001,122896,2025-07-18 06:13:13.000,11,English opens many job doors! \n\nWhat job do you want in the future?,Give me 1 sentence about the importance of learning English. Max 5 words.
demo-test-113,1001,122901,2025-07-18 06:13:13.000,11,English helps you travel easily! \n\nWhere do you want to travel?,Give me 1 sentence about the importance of learning English. Max 5 words.
demo-test-114,1001,122907,2025-07-18 06:13:13.000,11,English helps you find jobs! \n\nWhat job do you want?,Give me 1 sentence about the importance of learning English. Max 5 words.
demo-test-121,1001,122910,2025-07-18 06:13:13.000,9,English opens doors to opportunities!\n\nWhat opportunity do you hope for?,Give me 1 sentence about the importance of learning English. Max 5 words.
demo-test-122,1001,122902,2025-07-18 06:13:13.000,9,English helps you understand culture! \n\nWhat culture interests you the most?,Give me 1 sentence about the importance of learning English. Max 5 words.
demo-test-124,1001,122904,2025-07-18 06:13:13.000,9,English opens doors to opportunities! \n\nWhat is your goal for learning English?,Give me 1 sentence about the importance of learning English. Max 5 words.
demo-test-17,1001,122915,2025-07-18 06:13:14.000,39,Facilitates access to information worldwide!,Give me 1 sentence about the importance of learning English. Max 5 words.
demo-test-51,1001,122912,2025-07-18 06:13:14.000,24,English opens doors for opportunities. \n\nWhat opportunities do you want?,Give me 1 sentence about the importance of learning English. Max 5 words.
demo-test-58,1001,122917,2025-07-18 06:13:14.000,11,English opens doors to opportunities. What is your favorite English word?,Give me 1 sentence about the importance of learning English. Max 5 words.
demo-test-86,1001,122914,2025-07-18 06:13:14.000,11,English is key for communication.,Give me 1 sentence about the importance of learning English. Max 5 words.
demo-test-116,1001,122913,2025-07-18 06:13:14.000,11,English opens doors to opportunities! \n\nWhat opportunity do you hope for with English?,Give me 1 sentence about the importance of learning English. Max 5 words.
demo-test-150,1001,122916,2025-07-18 06:13:14.000,9,English helps you understand cultures. \n\nWhat culture are you curious about?,Give me 1 sentence about the importance of learning English. Max 5 words.
demo-test-9,1001,122938,2025-07-18 06:13:15.000,68,English bridges cultural communication gaps.,Give me 1 sentence about the importance of learning English. Max 5 words.
demo-test-12,1001,122922,2025-07-18 06:13:15.000,39,Facilitates travel and exploration opportunities! ✈️,Give me 1 sentence about the importance of learning English. Max 5 words.
demo-test-24,1001,122920,2025-07-18 06:13:15.000,30,English is important for travel! ✈️?,Give me 1 sentence about the importance of learning English. Max 5 words.
demo-test-28,1001,122921,2025-07-18 06:13:15.000,26,English helps in global communication!,Give me 1 sentence about the importance of learning English. Max 5 words.
demo-test-31,1001,122949,2025-07-18 06:13:15.000,21,English helps in global business! ? What business do you like?,Give me 1 sentence about the importance of learning English. Max 5 words.
demo-test-34,1001,122919,2025-07-18 06:13:15.000,14,English is essential for communication. What do you enjoy most about learning? ?,Give me 1 sentence about the importance of learning English. Max 5 words.
demo-test-36,1001,122939,2025-07-18 06:13:15.000,15,English is vital for education. What do you enjoy doing after school?,Give me 1 sentence about the importance of learning English. Max 5 words.
demo-test-45,1001,122940,2025-07-18 06:13:15.000,15,English is vital for success. What is your favorite subject? ?,Give me 1 sentence about the importance of learning English. Max 5 words.
demo-test-49,1001,122942,2025-07-18 06:13:15.000,15,English is essential for travel. Where would you like to go? ?✈️,Give me 1 sentence about the importance of learning English. Max 5 words.
demo-test-60,1001,122923,2025-07-18 06:13:15.000,11,English opens doors to opportunities. What opportunities do you want?,Give me 1 sentence about the importance of learning English. Max 5 words.
demo-test-64,1001,122935,2025-07-18 06:13:15.000,10,English helps you travel better. What countries would you like to visit?,Give me 1 sentence about the importance of learning English. Max 5 words.
demo-test-69,1001,122944,2025-07-18 06:13:15.000,10,English opens doors to opportunities. What is your favorite sport?,Give me 1 sentence about the importance of learning English. Max 5 words.
demo-test-70,1001,122945,2025-07-18 06:13:15.000,26,English opens doors to opportunities. What opportunities are you excited about?,Give me 1 sentence about the importance of learning English. Max 5 words.
demo-test-78,1001,122936,2025-07-18 06:13:15.000,8,English helps with global communication.,Give me 1 sentence about the importance of learning English. Max 5 words.
demo-test-81,1001,122933,2025-07-18 06:13:15.000,8,English helps you travel easily.,Give me 1 sentence about the importance of learning English. Max 5 words.
demo-test-82,1001,122937,2025-07-18 06:13:15.000,8,English helps in global communication.,Give me 1 sentence about the importance of learning English. Max 5 words.
demo-test-84,1001,122948,2025-07-18 06:13:15.000,8,English helps in global communication.,Give me 1 sentence about the importance of learning English. Max 5 words.
demo-test-87,1001,122927,2025-07-18 06:13:15.000,8,English helps in global communication.,Give me 1 sentence about the importance of learning English. Max 5 words.
demo-test-98,1001,122930,2025-07-18 06:13:15.000,8,English helps you travel easily.,Give me 1 sentence about the importance of learning English. Max 5 words.
demo-test-101,1001,122952,2025-07-18 06:13:15.000,32,English helps you connect globally. \n\nWhat do you find challenging in learning English?,Give me 1 sentence about the importance of learning English. Max 5 words.
demo-test-106,1001,122943,2025-07-18 06:13:15.000,16,English helps you understand cultures! \n\nWhat culture are you curious about?,Give me 1 sentence about the importance of learning English. Max 5 words.
demo-test-107,1001,122947,2025-07-18 06:13:15.000,17,English opens doors to friendship. \n\nWhat do you think about that?,Give me 1 sentence about the importance of learning English. Max 5 words.
demo-test-115,1001,122934,2025-07-18 06:13:15.000,11,English is essential for success. \n\nWhat do you want to achieve by learning English?,Give me 1 sentence about the importance of learning English. Max 5 words.
demo-test-119,1001,122950,2025-07-18 06:13:15.000,11,English helps in job success. \n\nWhat job do you want?,Give me 1 sentence about the importance of learning English. Max 5 words.
demo-test-123,1001,122932,2025-07-18 06:13:15.000,9,English helps you understand cultures! \n\nWhat culture are you curious about?,Give me 1 sentence about the importance of learning English. Max 5 words.
demo-test-125,1001,122924,2025-07-18 06:13:15.000,9,English connects cultures and ideas! \n\nWhat is your favorite English phrase?,Give me 1 sentence about the importance of learning English. Max 5 words.
demo-test-129,1001,122918,2025-07-18 06:13:15.000,9,English helps you understand cultures! What culture are you most interested in?,Give me 1 sentence about the importance of learning English. Max 5 words.
demo-test-132,1001,122928,2025-07-18 06:13:15.000,9,English helps you make friends! \n\nWho is your best friend?,Give me 1 sentence about the importance of learning English. Max 5 words.
demo-test-134,1001,122931,2025-07-18 06:13:15.000,9,English builds friendships and connections. \n\nWho is your English-speaking friend?,Give me 1 sentence about the importance of learning English. Max 5 words.
demo-test-135,1001,122941,2025-07-18 06:13:15.000,9,English helps you succeed globally. \n\nWhat is your dream job?,Give me 1 sentence about the importance of learning English. Max 5 words.
demo-test-137,1001,122953,2025-07-18 06:13:15.000,9,English enhances your career opportunities.\n\nWhat job do you want in the future?,Give me 1 sentence about the importance of learning English. Max 5 words.
demo-test-138,1001,122951,2025-07-18 06:13:15.000,9,English builds bridges between cultures. \n\nWhat culture interests you the most?,Give me 1 sentence about the importance of learning English. Max 5 words.
demo-test-139,1001,122925,2025-07-18 06:13:15.000,9,English is vital for success! \n\nWhat is your goal in learning English?,Give me 1 sentence about the importance of learning English. Max 5 words.
demo-test-141,1001,122954,2025-07-18 06:13:15.000,9,English opens doors to opportunities! \n\nWhat opportunities do you dream of?,Give me 1 sentence about the importance of learning English. Max 5 words.
demo-test-142,1001,122946,2025-07-18 06:13:15.000,9,English helps in many jobs. \n\nWhat job do you want in the future?,Give me 1 sentence about the importance of learning English. Max 5 words.
demo-test-143,1001,122926,2025-07-18 06:13:15.000,9,English helps you make friends. \n\nWho is your best friend?,Give me 1 sentence about the importance of learning English. Max 5 words.
demo-test-149,1001,122929,2025-07-18 06:13:15.000,9,English improves your future opportunities! \n\nWhat dreams do you have for your future?,Give me 1 sentence about the importance of learning English. Max 5 words.
demo-test-25,1001,122955,2025-07-18 06:13:16.000,30,English is useful for education! ?,Give me 1 sentence about the importance of learning English. Max 5 words.
demo-test-44,1001,122958,2025-07-18 06:13:16.000,15,English is essential for travel. Where would you like to go?,Give me 1 sentence about the importance of learning English. Max 5 words.
demo-test-68,1001,122957,2025-07-18 06:13:16.000,10,English opens doors to opportunities. \n\nWhat do you want to learn today?,Give me 1 sentence about the importance of learning English. Max 5 words.
demo-test-118,1001,122956,2025-07-18 06:13:16.000,11,English helps you understand cultures. \n\nWhat culture are you curious about?,Give me 1 sentence about the importance of learning English. Max 5 words.
demo-test-8,1001,122959,2025-07-18 06:13:17.000,67,English is key for travel. ✈️,Give me 1 sentence about the importance of learning English. Max 5 words.
demo-test-88,1001,122961,2025-07-18 06:13:17.000,8,English connects people worldwide.,Give me 1 sentence about the importance of learning English. Max 5 words.
demo-test-89,1001,122960,2025-07-18 06:13:17.000,8,English is key for communication.,Give me 1 sentence about the importance of learning English. Max 5 words.
demo-test-105,1001,122962,2025-07-18 06:13:17.000,20,English connects people around the world! \n\nWhat do you find most challenging about learning English?,Give me 1 sentence about the importance of learning English. Max 5 words.
demo-test-120,1001,122963,2025-07-18 06:13:17.000,11,English connects people worldwide! \n\nWhat do you enjoy most about learning English?,Give me 1 sentence about the importance of learning English. Max 5 words.
demo-test-16,1001,122965,2025-07-18 06:13:18.000,39,English promotes global friendship and understanding! ??,Give me 1 sentence about the importance of learning English. Max 5 words.
demo-test-35,1001,122969,2025-07-18 06:13:18.000,15,English is important for education. What do you want to study? ?,Give me 1 sentence about the importance of learning English. Max 5 words.
demo-test-52,1001,122972,2025-07-18 06:13:18.000,16,English is key for success.,Give me 1 sentence about the importance of learning English. Max 5 words.
demo-test-54,1001,122968,2025-07-18 06:13:18.000,11,English opens doors to opportunities. What opportunities do you want to explore?,Give me 1 sentence about the importance of learning English. Max 5 words.
demo-test-67,1001,122970,2025-07-18 06:13:18.000,10,English helps you understand others. What do you like most about learning English?,Give me 1 sentence about the importance of learning English. Max 5 words.
demo-test-71,1001,122966,2025-07-18 06:13:18.000,9,English is key for communication. What do you want to learn today?,Give me 1 sentence about the importance of learning English. Max 5 words.
demo-test-72,1001,122964,2025-07-18 06:13:18.000,9,English helps you find jobs. What job do you want?,Give me 1 sentence about the importance of learning English. Max 5 words.
demo-test-108,1001,122971,2025-07-18 06:13:18.000,17,English connects people from everywhere!\n\nWhat do you find most challenging about learning English?,Give me 1 sentence about the importance of learning English. Max 5 words.
demo-test-140,1001,122967,2025-07-18 06:13:18.000,9,English opens doors to opportunities! \n\nWhat is your favorite English phrase?,Give me 1 sentence about the importance of learning English. Max 5 words.
demo-test-18,1001,122975,2025-07-18 06:13:19.000,41,English is a global language! ?,Give me 1 sentence about the importance of learning English. Max 5 words.
demo-test-53,1001,122974,2025-07-18 06:13:19.000,9,English is key for communication. \n\nWhy do you want to learn English?,Give me 1 sentence about the importance of learning English. Max 5 words.
demo-test-90,1001,122977,2025-07-18 06:13:19.000,8,English helps in global communication.,Give me 1 sentence about the importance of learning English. Max 5 words.
demo-test-126,1001,122973,2025-07-18 06:13:19.000,9,English opens opportunities for everyone!\n\nWhat opportunity do you want?,Give me 1 sentence about the importance of learning English. Max 5 words.
demo-test-144,1001,122976,2025-07-18 06:13:19.000,9,English builds friendships around the world. \n\nWho is your best friend?,Give me 1 sentence about the importance of learning English. Max 5 words.
demo-test-21,1001,122983,2025-07-18 06:13:21.000,31,English helps you understand culture! ?,Give me 1 sentence about the importance of learning English. Max 5 words.
demo-test-23,1001,122986,2025-07-18 06:13:21.000,30,English helps you understand others! ?,Give me 1 sentence about the importance of learning English. Max 5 words.
demo-test-37,1001,122981,2025-07-18 06:13:21.000,21,English helps you make friends! ?? Do you have many friends?,Give me 1 sentence about the importance of learning English. Max 5 words.
demo-test-56,1001,122979,2025-07-18 06:13:21.000,15,English opens doors to opportunities. What opportunities do you dream of?,Give me 1 sentence about the importance of learning English. Max 5 words.
demo-test-74,1001,122982,2025-07-18 06:13:21.000,13,English opens doors to opportunities. What opportunities do you want?,Give me 1 sentence about the importance of learning English. Max 5 words.
demo-test-94,1001,122984,2025-07-18 06:13:21.000,9,English is key for communication.,Give me 1 sentence about the importance of learning English. Max 5 words.
demo-test-127,1001,122980,2025-07-18 06:13:21.000,10,English is useful for studying. \n\nWhat do you want to study?,Give me 1 sentence about the importance of learning English. Max 5 words.
demo-test-147,1001,122985,2025-07-18 06:13:21.000,10,English opens global communication! What countries would you like to visit?,Give me 1 sentence about the importance of learning English. Max 5 words.
demo-test-1,1001,123025,2025-07-18 06:13:22.000,20,English connects people around world. What do you enjoy doing most?,Give me 1 sentence about the importance of learning English. Max 5 words.
demo-test-2,1001,123024,2025-07-18 06:13:22.000,87,Connects cultures and people worldwide!,Give me 1 sentence about the importance of learning English. Max 5 words.
demo-test-6,1001,123021,2025-07-18 06:13:22.000,69,English is vital for travel!,Give me 1 sentence about the importance of learning English. Max 5 words.
demo-test-10,1001,123033,2025-07-18 06:13:22.000,68,English broadens your world view!,Give me 1 sentence about the importance of learning English. Max 5 words.
demo-test-11,1001,122994,2025-07-18 06:13:22.000,39,English breaks language barriers easily! ?,Give me 1 sentence about the importance of learning English. Max 5 words.
demo-test-13,1001,123006,2025-07-18 06:13:22.000,41,English connects people around globe!,Give me 1 sentence about the importance of learning English. Max 5 words.
demo-test-15,1001,123031,2025-07-18 06:13:22.000,40,English helps in worldwide communication!,Give me 1 sentence about the importance of learning English. Max 5 words.
demo-test-20,1001,122990,2025-07-18 06:13:22.000,40,Essential for global job market! ?,Give me 1 sentence about the importance of learning English. Max 5 words.
demo-test-22,1001,123011,2025-07-18 06:13:22.000,32,English is important for travel! ✈️,Give me 1 sentence about the importance of learning English. Max 5 words.
demo-test-32,1001,123028,2025-07-18 06:13:22.000,16,English connects people across cultures. What culture interests you the most? ?,Give me 1 sentence about the importance of learning English. Max 5 words.
demo-test-38,1001,122991,2025-07-18 06:13:22.000,16,English is key for communication. How do you communicate with friends? ?,Give me 1 sentence about the importance of learning English. Max 5 words.
demo-test-40,1001,123030,2025-07-18 06:13:22.000,16,English helps in finding jobs. What job do you dream about?,Give me 1 sentence about the importance of learning English. Max 5 words.
demo-test-42,1001,123007,2025-07-18 06:13:22.000,16,English helps in global understanding. What’s your favorite English phrase?,Give me 1 sentence about the importance of learning English. Max 5 words.
demo-test-46,1001,122989,2025-07-18 06:13:22.000,21,English improves job and travel! ?✈️,Give me 1 sentence about the importance of learning English. Max 5 words.
demo-test-47,1001,123012,2025-07-18 06:13:22.000,21,English helps you make friends! ? Who is your best friend?,Give me 1 sentence about the importance of learning English. Max 5 words.
demo-test-48,1001,123020,2025-07-18 06:13:22.000,22,English is key for friendship! ?? Do you have many friends?,Give me 1 sentence about the importance of learning English. Max 5 words.
demo-test-55,1001,123023,2025-07-18 06:13:22.000,12,English is key for success. What do you want to improve in your English?,Give me 1 sentence about the importance of learning English. Max 5 words.
demo-test-57,1001,123014,2025-07-18 06:13:22.000,16,English is key for success.,Give me 1 sentence about the importance of learning English. Max 5 words.
demo-test-62,1001,123009,2025-07-18 06:13:22.000,11,English opens doors to opportunities. What is your favorite book?,Give me 1 sentence about the importance of learning English. Max 5 words.
demo-test-65,1001,123016,2025-07-18 06:13:22.000,11,English is key for communication. What do you love to communicate about?,Give me 1 sentence about the importance of learning English. Max 5 words.
demo-test-75,1001,122996,2025-07-18 06:13:22.000,10,English is important for travel. What places do you want to visit?,Give me 1 sentence about the importance of learning English. Max 5 words.
demo-test-77,1001,123001,2025-07-18 06:13:22.000,9,English is key for travel.,Give me 1 sentence about the importance of learning English. Max 5 words.
demo-test-91,1001,122993,2025-07-18 06:13:22.000,9,English is key for opportunities.,Give me 1 sentence about the importance of learning English. Max 5 words.
demo-test-92,1001,122995,2025-07-18 06:13:22.000,9,English helps in travel adventures.,Give me 1 sentence about the importance of learning English. Max 5 words.
demo-test-93,1001,123003,2025-07-18 06:13:22.000,9,English is useful for travel.,Give me 1 sentence about the importance of learning English. Max 5 words.
demo-test-95,1001,122987,2025-07-18 06:13:22.000,9,English is needed for travel.,Give me 1 sentence about the importance of learning English. Max 5 words.
demo-test-100,1001,123017,2025-07-18 06:13:22.000,9,English is a global language.,Give me 1 sentence about the importance of learning English. Max 5 words.
demo-test-102,1001,123018,2025-07-18 06:13:22.000,22,English connects people around the world! \n\nWhat is your favorite English phrase?,Give me 1 sentence about the importance of learning English. Max 5 words.
demo-test-103,1001,123000,2025-07-18 06:13:22.000,22,English is essential for communication. \n\nWhat do you enjoy most about learning English?,Give me 1 sentence about the importance of learning English. Max 5 words.
demo-test-109,1001,122992,2025-07-18 06:13:22.000,18,English is important for travel! \n\nWhere would you like to travel?,Give me 1 sentence about the importance of learning English. Max 5 words.
demo-test-110,1001,122999,2025-07-18 06:13:22.000,18,English is key for opportunities. \n\nWhat opportunity do you want?,Give me 1 sentence about the importance of learning English. Max 5 words.
demo-test-111,1001,123029,2025-07-18 06:13:22.000,12,English is vital for success! \n\nWhat does success mean to you?,Give me 1 sentence about the importance of learning English. Max 5 words.
demo-test-112,1001,123002,2025-07-18 06:13:22.000,12,English builds bridges between cultures! \n\nWhat is your favorite way to practice English?,Give me 1 sentence about the importance of learning English. Max 5 words.
demo-test-114,1001,123013,2025-07-18 06:13:22.000,12,English connects you with others! \n\nWho would you like to talk to in English?,Give me 1 sentence about the importance of learning English. Max 5 words.
demo-test-117,1001,123010,2025-07-18 06:13:22.000,12,English is vital for travel!\n\nWhere would you like to travel?,Give me 1 sentence about the importance of learning English. Max 5 words.
demo-test-121,1001,123019,2025-07-18 06:13:22.000,10,English helps you understand culture!\n\nWhat culture interests you the most?,Give me 1 sentence about the importance of learning English. Max 5 words.
demo-test-122,1001,123022,2025-07-18 06:13:22.000,10,English opens global communication! \n\nWhat do you want to talk about in English?,Give me 1 sentence about the importance of learning English. Max 5 words.
demo-test-124,1001,123015,2025-07-18 06:13:22.000,10,English helps you understand cultures! \n\nWhat culture interests you the most?,Give me 1 sentence about the importance of learning English. Max 5 words.
demo-test-130,1001,122997,2025-07-18 06:13:22.000,10,English opens opportunities worldwide. \n\nWhat is your dream job?,Give me 1 sentence about the importance of learning English. Max 5 words.
demo-test-131,1001,122998,2025-07-18 06:13:22.000,10,English builds friendships worldwide! \n\nWho is your English friend?,Give me 1 sentence about the importance of learning English. Max 5 words.
demo-test-133,1001,123008,2025-07-18 06:13:22.000,10,English helps with global travel. \n\nWhere would you like to travel?,Give me 1 sentence about the importance of learning English. Max 5 words.
demo-test-136,1001,123004,2025-07-18 06:13:22.000,10,English opens doors to opportunities! What opportunity do you want?,Give me 1 sentence about the importance of learning English. Max 5 words.
demo-test-139,1001,123027,2025-07-18 06:13:22.000,10,English connects cultures and people! \n\nWhat do you find challenging in learning English?,Give me 1 sentence about the importance of learning English. Max 5 words.
demo-test-143,1001,123026,2025-07-18 06:13:22.000,10,English is essential for education. \n\nWhat do you want to study?,Give me 1 sentence about the importance of learning English. Max 5 words.
demo-test-145,1001,123005,2025-07-18 06:13:22.000,10,English helps in global communication.  \n\nWhat do you want to communicate in English?,Give me 1 sentence about the importance of learning English. Max 5 words.
demo-test-146,1001,122988,2025-07-18 06:13:22.000,10,English connects you with others. \n\nWho do you want to connect with?,Give me 1 sentence about the importance of learning English. Max 5 words.
demo-test-148,1001,123032,2025-07-18 06:13:22.000,10,English is vital for education. \n\nWhat subject do you like most?,Give me 1 sentence about the importance of learning English. Max 5 words.
demo-test-5,1001,123055,2025-07-18 06:13:23.000,85,Essential for success in life.,Give me 1 sentence about the importance of learning English. Max 5 words.
demo-test-7,1001,123035,2025-07-18 06:13:23.000,69,English improves your job prospects.,Give me 1 sentence about the importance of learning English. Max 5 words.
demo-test-26,1001,123060,2025-07-18 06:13:23.000,27,English helps share ideas globally! ??,Give me 1 sentence about the importance of learning English. Max 5 words.
demo-test-28,1001,123049,2025-07-18 06:13:23.000,27,English boosts your career chances!,Give me 1 sentence about the importance of learning English. Max 5 words.
demo-test-29,1001,123054,2025-07-18 06:13:23.000,31,English helps in global understanding! ?,Give me 1 sentence about the importance of learning English. Max 5 words.
demo-test-30,1001,123050,2025-07-18 06:13:23.000,28,English connects people around world. ?,Give me 1 sentence about the importance of learning English. Max 5 words.
demo-test-33,1001,123059,2025-07-18 06:13:23.000,16,English is important for travel. Where do you want to travel? ✈️,Give me 1 sentence about the importance of learning English. Max 5 words.
demo-test-43,1001,123063,2025-07-18 06:13:23.000,16,English connects people around the world! What do you like about meeting new people? ?,Give me 1 sentence about the importance of learning English. Max 5 words.
demo-test-50,1001,123052,2025-07-18 06:13:23.000,16,English helps in studying abroad. What country do you want to visit? ?✨,Give me 1 sentence about the importance of learning English. Max 5 words.
demo-test-59,1001,123046,2025-07-18 06:13:23.000,12,English connects people across cultures. What culture interests you the most?,Give me 1 sentence about the importance of learning English. Max 5 words.
demo-test-66,1001,123044,2025-07-18 06:13:23.000,14,English opens doors to success. What success do you dream of?,Give me 1 sentence about the importance of learning English. Max 5 words.
demo-test-73,1001,123040,2025-07-18 06:13:23.000,10,English helps you find jobs. What job do you want in the future?,Give me 1 sentence about the importance of learning English. Max 5 words.
demo-test-76,1001,123036,2025-07-18 06:13:23.000,9,English connects people worldwide.,Give me 1 sentence about the importance of learning English. Max 5 words.
demo-test-79,1001,123043,2025-07-18 06:13:23.000,9,English is useful for jobs.,Give me 1 sentence about the importance of learning English. Max 5 words.
demo-test-80,1001,123038,2025-07-18 06:13:23.000,9,English is a global language.,Give me 1 sentence about the importance of learning English. Max 5 words.
demo-test-85,1001,123042,2025-07-18 06:13:23.000,9,English is key for communication.,Give me 1 sentence about the importance of learning English. Max 5 words.
demo-test-96,1001,123053,2025-07-18 06:13:23.000,9,English is key for opportunities.,Give me 1 sentence about the importance of learning English. Max 5 words.
demo-test-97,1001,123039,2025-07-18 06:13:23.000,9,English opens many global doors.,Give me 1 sentence about the importance of learning English. Max 5 words.
demo-test-104,1001,123037,2025-07-18 06:13:23.000,21,English is essential for communication! What do you enjoy about learning English?,Give me 1 sentence about the importance of learning English. Max 5 words.
demo-test-107,1001,123061,2025-07-18 06:13:23.000,18,English helps you understand culture. \n\nWhat culture are you curious about?,Give me 1 sentence about the importance of learning English. Max 5 words.
demo-test-113,1001,123041,2025-07-18 06:13:23.000,12,English is key for success! \n\nWhat success means to you?,Give me 1 sentence about the importance of learning English. Max 5 words.
demo-test-115,1001,123034,2025-07-18 06:13:23.000,12,English helps you understand cultures. \n\nWhat culture are you curious about?,Give me 1 sentence about the importance of learning English. Max 5 words.
demo-test-116,1001,123048,2025-07-18 06:13:23.000,12,English helps in global communication! \n\nWhat do you enjoy most about learning English?,Give me 1 sentence about the importance of learning English. Max 5 words.
demo-test-118,1001,123062,2025-07-18 06:13:23.000,12,English improves your job prospects. \n\nWhat job do you dream of?,Give me 1 sentence about the importance of learning English. Max 5 words.
demo-test-123,1001,123047,2025-07-18 06:13:23.000,10,English allows access to knowledge! \n\nWhat topic interests you the most?,Give me 1 sentence about the importance of learning English. Max 5 words.
demo-test-132,1001,123056,2025-07-18 06:13:23.000,10,English helps you understand culture. \n\nWhat culture interests you the most?,Give me 1 sentence about the importance of learning English. Max 5 words.
demo-test-135,1001,123058,2025-07-18 06:13:23.000,10,English opens doors to opportunities. \n\nWhat is your favorite English phrase?,Give me 1 sentence about the importance of learning English. Max 5 words.
demo-test-137,1001,123057,2025-07-18 06:13:23.000,10,English unites people from different cultures.\n\nDo you have friends who speak English?,Give me 1 sentence about the importance of learning English. Max 5 words.
demo-test-138,1001,123051,2025-07-18 06:13:23.000,10,English opens doors to opportunities. \n\nWhat opportunity do you hope for?,Give me 1 sentence about the importance of learning English. Max 5 words.
demo-test-150,1001,123045,2025-07-18 06:13:23.000,10,English is helpful for education. \n\nWhat subject do you like most?,Give me 1 sentence about the importance of learning English. Max 5 words.
demo-test-3,1001,123075,2025-07-18 06:13:24.000,15,English opens doors to opportunities! ??,Give me 1 sentence about the importance of learning English. Max 5 words.
demo-test-9,1001,123083,2025-07-18 06:13:24.000,69,English enables global communication effectively.,Give me 1 sentence about the importance of learning English. Max 5 words.
demo-test-12,1001,123067,2025-07-18 06:13:24.000,40,Improves access to information worldwide! ?,Give me 1 sentence about the importance of learning English. Max 5 words.
demo-test-14,1001,123070,2025-07-18 06:13:24.000,40,Helps in understanding global media! ??,Give me 1 sentence about the importance of learning English. Max 5 words.
demo-test-24,1001,123082,2025-07-18 06:13:24.000,31,English helps understand global cultures! ?✨,Give me 1 sentence about the importance of learning English. Max 5 words.
demo-test-27,1001,123066,2025-07-18 06:13:24.000,31,English is key for success! ?,Give me 1 sentence about the importance of learning English. Max 5 words.
demo-test-34,1001,123087,2025-07-18 06:13:24.000,15,English helps you understand culture. What culture interests you the most? ?,Give me 1 sentence about the importance of learning English. Max 5 words.
demo-test-44,1001,123089,2025-07-18 06:13:24.000,16,English helps in understanding others. Who do you want to understand?,Give me 1 sentence about the importance of learning English. Max 5 words.
demo-test-49,1001,123065,2025-07-18 06:13:24.000,16,English is vital for education. What subject do you like most? ?✨,Give me 1 sentence about the importance of learning English. Max 5 words.
demo-test-58,1001,123064,2025-07-18 06:13:24.000,12,English is key for success. What do you enjoy about learning English?,Give me 1 sentence about the importance of learning English. Max 5 words.
demo-test-60,1001,123074,2025-07-18 06:13:24.000,12,English is important for communication. Why do you want to learn English?,Give me 1 sentence about the importance of learning English. Max 5 words.
demo-test-61,1001,123073,2025-07-18 06:13:24.000,11,English opens doors to opportunities. What is your favorite subject in school?,Give me 1 sentence about the importance of learning English. Max 5 words.
demo-test-63,1001,123088,2025-07-18 06:13:24.000,11,English opens doors to opportunities. What do you enjoy most about English?,Give me 1 sentence about the importance of learning English. Max 5 words.
demo-test-64,1001,123085,2025-07-18 06:13:24.000,11,English opens doors to opportunities. What opportunities do you want?,Give me 1 sentence about the importance of learning English. Max 5 words.
demo-test-68,1001,123086,2025-07-18 06:13:24.000,11,English helps you understand cultures. \n\nWhat is your favorite hobby?,Give me 1 sentence about the importance of learning English. Max 5 words.
demo-test-69,1001,123076,2025-07-18 06:13:24.000,11,English helps you understand others. What is your favorite animal?,Give me 1 sentence about the importance of learning English. Max 5 words.
demo-test-83,1001,123071,2025-07-18 06:13:24.000,9,English allows better communication globally.,Give me 1 sentence about the importance of learning English. Max 5 words.
demo-test-84,1001,123080,2025-07-18 06:13:24.000,9,English is key for opportunities.,Give me 1 sentence about the importance of learning English. Max 5 words.
demo-test-88,1001,123090,2025-07-18 06:13:24.000,9,English is key for opportunities.,Give me 1 sentence about the importance of learning English. Max 5 words.
demo-test-89,1001,123084,2025-07-18 06:13:24.000,9,English connects cultures and people.,Give me 1 sentence about the importance of learning English. Max 5 words.
demo-test-101,1001,123079,2025-07-18 06:13:24.000,33,English opens doors to opportunities. \n\nWhat is your favorite English word?,Give me 1 sentence about the importance of learning English. Max 5 words.
demo-test-106,1001,123081,2025-07-18 06:13:24.000,17,English is key for jobs! \n\nWhat job do you want?,Give me 1 sentence about the importance of learning English. Max 5 words.
demo-test-119,1001,123069,2025-07-18 06:13:24.000,12,English opens doors to opportunities. \n\nWhat opportunity excites you the most?,Give me 1 sentence about the importance of learning English. Max 5 words.
demo-test-125,1001,123078,2025-07-18 06:13:24.000,10,English opens doors to opportunities! \n\nWhat do you find most challenging in learning English?,Give me 1 sentence about the importance of learning English. Max 5 words.
demo-test-129,1001,123072,2025-07-18 06:13:24.000,10,English is vital for jobs! What job do you want?,Give me 1 sentence about the importance of learning English. Max 5 words.
demo-test-134,1001,123077,2025-07-18 06:13:24.000,10,English improves understanding of cultures. \n\nWhat culture interests you the most?,Give me 1 sentence about the importance of learning English. Max 5 words.
demo-test-141,1001,123068,2025-07-18 06:13:24.000,10,English helps you understand culture! \n\nWhat culture are you interested in?,Give me 1 sentence about the importance of learning English. Max 5 words.
demo-test-39,1001,123097,2025-07-18 06:13:25.000,22,English helps share ideas globally! ? What idea do you want to share?,Give me 1 sentence about the importance of learning English. Max 5 words.
demo-test-41,1001,123098,2025-07-18 06:13:25.000,16,English is essential for business. What job do you want?,Give me 1 sentence about the importance of learning English. Max 5 words.
demo-test-70,1001,123091,2025-07-18 06:13:25.000,27,English is essential for communication. What do you enjoy most about learning?,Give me 1 sentence about the importance of learning English. Max 5 words.
demo-test-86,1001,123096,2025-07-18 06:13:25.000,12,English helps you travel easily.,Give me 1 sentence about the importance of learning English. Max 5 words.
demo-test-87,1001,123092,2025-07-18 06:13:25.000,9,English is key for travel.,Give me 1 sentence about the importance of learning English. Max 5 words.
demo-test-98,1001,123095,2025-07-18 06:13:25.000,9,English is key for communication.,Give me 1 sentence about the importance of learning English. Max 5 words.
demo-test-99,1001,123093,2025-07-18 06:13:25.000,12,English is key for travel.,Give me 1 sentence about the importance of learning English. Max 5 words.
demo-test-140,1001,123099,2025-07-18 06:13:25.000,10,English helps you understand cultures! \n\nWhat culture interests you the most?,Give me 1 sentence about the importance of learning English. Max 5 words.
demo-test-142,1001,123094,2025-07-18 06:13:25.000,10,English opens doors to success. \n\nWhat is your favorite subject in school?,Give me 1 sentence about the importance of learning English. Max 5 words.
demo-test-25,1001,123100,2025-07-18 06:13:26.000,31,English enhances job opportunities globally! ??,Give me 1 sentence about the importance of learning English. Max 5 words.
demo-test-82,1001,123101,2025-07-18 06:13:26.000,9,English is key for opportunities.,Give me 1 sentence about the importance of learning English. Max 5 words.
demo-test-8,1001,123106,2025-07-18 06:13:27.000,68,English helps build global connections. ?,Give me 1 sentence about the importance of learning English. Max 5 words.
demo-test-16,1001,123105,2025-07-18 06:13:27.000,40,English connects people around world! ?,Give me 1 sentence about the importance of learning English. Max 5 words.
demo-test-17,1001,123103,2025-07-18 06:13:27.000,40,Enhances career and job prospects!,Give me 1 sentence about the importance of learning English. Max 5 words.
demo-test-18,1001,123110,2025-07-18 06:13:27.000,42,English is vital for communication! ?,Give me 1 sentence about the importance of learning English. Max 5 words.
demo-test-31,1001,123109,2025-07-18 06:13:27.000,22,English is important for education! ? What do you want to study?,Give me 1 sentence about the importance of learning English. Max 5 words.
demo-test-36,1001,123111,2025-07-18 06:13:27.000,16,English helps you make friends. What is your favorite movie?,Give me 1 sentence about the importance of learning English. Max 5 words.
demo-test-45,1001,123114,2025-07-18 06:13:27.000,16,English is key for understanding. What do you enjoy learning about? ?,Give me 1 sentence about the importance of learning English. Max 5 words.
demo-test-51,1001,123108,2025-07-18 06:13:27.000,25,English is key for communication. \n\nHow do you practice English?,Give me 1 sentence about the importance of learning English. Max 5 words.
demo-test-52,1001,123116,2025-07-18 06:13:27.000,17,English opens doors to opportunities.,Give me 1 sentence about the importance of learning English. Max 5 words.
demo-test-53,1001,123119,2025-07-18 06:13:27.000,10,English helps you travel easily. \n\nWhere would you like to travel?,Give me 1 sentence about the importance of learning English. Max 5 words.
demo-test-54,1001,123112,2025-07-18 06:13:27.000,12,English is key for communication. What do you enjoy most about learning English?,Give me 1 sentence about the importance of learning English. Max 5 words.
demo-test-67,1001,123121,2025-07-18 06:13:27.000,11,English is important for travel. What countries do you want to visit?,Give me 1 sentence about the importance of learning English. Max 5 words.
demo-test-78,1001,123113,2025-07-18 06:13:27.000,9,English is important for travel.,Give me 1 sentence about the importance of learning English. Max 5 words.
demo-test-81,1001,123104,2025-07-18 06:13:27.000,9,English is key for communication.,Give me 1 sentence about the importance of learning English. Max 5 words.
demo-test-90,1001,123115,2025-07-18 06:13:27.000,9,English is key for opportunities.,Give me 1 sentence about the importance of learning English. Max 5 words.
demo-test-105,1001,123102,2025-07-18 06:13:27.000,21,English helps in global communication! \n\nWhat is your favorite English phrase?,Give me 1 sentence about the importance of learning English. Max 5 words.
demo-test-108,1001,123120,2025-07-18 06:13:27.000,18,English helps in global communication!\n\nWhat do you want to learn next?,Give me 1 sentence about the importance of learning English. Max 5 words.
demo-test-120,1001,123118,2025-07-18 06:13:27.000,12,English is vital for travel! \n\nWhere would you like to travel using your English?,Give me 1 sentence about the importance of learning English. Max 5 words.
demo-test-126,1001,123117,2025-07-18 06:13:27.000,10,English builds friendships around the world!\n\nDo you have friends who speak English?,Give me 1 sentence about the importance of learning English. Max 5 words.
demo-test-144,1001,123122,2025-07-18 06:13:27.000,10,English helps in finding jobs. \n\nWhat job do you dream of?,Give me 1 sentence about the importance of learning English. Max 5 words.
demo-test-149,1001,123107,2025-07-18 06:13:27.000,10,English is important for success! \n\nHow do you feel about learning English?,Give me 1 sentence about the importance of learning English. Max 5 words.
demo-test-94,1001,123123,2025-07-18 06:13:59.000,10,English improves your global connections.,Give me 1 sentence about the importance of learning English. Max 5 words.
demo-test-1,1001,123152,2025-07-18 06:14:00.000,21,English is vital for communication. What topic interests you in English?,Give me 1 sentence about the importance of learning English. Max 5 words.
demo-test-2,1001,123133,2025-07-18 06:14:00.000,88,Enhances travel and cultural experiences!,Give me 1 sentence about the importance of learning English. Max 5 words.
demo-test-7,1001,123134,2025-07-18 06:14:00.000,70,English is key for understanding.,Give me 1 sentence about the importance of learning English. Max 5 words.
demo-test-19,1001,123141,2025-07-18 06:14:00.000,41,English is key for opportunities!,Give me 1 sentence about the importance of learning English. Max 5 words.
demo-test-20,1001,123126,2025-07-18 06:14:00.000,41,Improves communication with diverse people! ?,Give me 1 sentence about the importance of learning English. Max 5 words.
demo-test-22,1001,123124,2025-07-18 06:14:00.000,33,English is key for success! ?,Give me 1 sentence about the importance of learning English. Max 5 words.
demo-test-24,1001,123131,2025-07-18 06:14:00.000,32,English is key for education! ??,Give me 1 sentence about the importance of learning English. Max 5 words.
demo-test-37,1001,123144,2025-07-18 06:14:00.000,22,English is important for travel! ✈️? Where do you want to go?,Give me 1 sentence about the importance of learning English. Max 5 words.
demo-test-38,1001,123139,2025-07-18 06:14:00.000,17,English improves job opportunities greatly. What job do you dream of? ?,Give me 1 sentence about the importance of learning English. Max 5 words.
demo-test-39,1001,123130,2025-07-18 06:14:00.000,23,English is key for success! ? What does success mean to you?,Give me 1 sentence about the importance of learning English. Max 5 words.
demo-test-41,1001,123138,2025-07-18 06:14:00.000,17,English opens doors to knowledge. What do you want to learn in English?,Give me 1 sentence about the importance of learning English. Max 5 words.
demo-test-56,1001,123151,2025-07-18 06:14:00.000,16,English helps you travel easily. Where do you want to travel?,Give me 1 sentence about the importance of learning English. Max 5 words.
demo-test-59,1001,123135,2025-07-18 06:14:00.000,13,English is essential for success. What success means to you?,Give me 1 sentence about the importance of learning English. Max 5 words.
demo-test-73,1001,123140,2025-07-18 06:14:00.000,11,English is essential for communication. What do you like most about learning English?,Give me 1 sentence about the importance of learning English. Max 5 words.
demo-test-76,1001,123128,2025-07-18 06:14:00.000,10,English helps in many jobs.,Give me 1 sentence about the importance of learning English. Max 5 words.
demo-test-91,1001,123143,2025-07-18 06:14:00.000,10,English is important for travel.,Give me 1 sentence about the importance of learning English. Max 5 words.
demo-test-92,1001,123147,2025-07-18 06:14:00.000,10,English connects people globally.,Give me 1 sentence about the importance of learning English. Max 5 words.
demo-test-93,1001,123127,2025-07-18 06:14:00.000,10,English improves communication skills.,Give me 1 sentence about the importance of learning English. Max 5 words.
demo-test-109,1001,123148,2025-07-18 06:14:00.000,19,English helps you connect globally! \n\nWhat do you like about learning English?,Give me 1 sentence about the importance of learning English. Max 5 words.
demo-test-110,1001,123150,2025-07-18 06:14:00.000,19,English opens doors to success. \n\nWhat success do you dream of?,Give me 1 sentence about the importance of learning English. Max 5 words.
demo-test-113,1001,123142,2025-07-18 06:14:00.000,13,English connects cultures and people! \n\nWhich culture interests you the most?,Give me 1 sentence about the importance of learning English. Max 5 words.
demo-test-127,1001,123136,2025-07-18 06:14:00.000,11,English opens doors to opportunities. \n\nWhat opportunity do you dream of?,Give me 1 sentence about the importance of learning English. Max 5 words.
demo-test-128,1001,123129,2025-07-18 06:14:00.000,10,English is essential for success! \n\nWhat is your goal in learning English?,Give me 1 sentence about the importance of learning English. Max 5 words.
demo-test-129,1001,123132,2025-07-18 06:14:00.000,11,English connects people and ideas! What ideas do you love?,Give me 1 sentence about the importance of learning English. Max 5 words.
demo-test-130,1001,123125,2025-07-18 06:14:00.000,11,English helps in many jobs. \n\nWhat job do you want?,Give me 1 sentence about the importance of learning English. Max 5 words.
demo-test-145,1001,123146,2025-07-18 06:14:00.000,11,English is essential for success.  \n\nWhat does success mean to you?,Give me 1 sentence about the importance of learning English. Max 5 words.
demo-test-147,1001,123145,2025-07-18 06:14:00.000,11,English is essential for travel! Where do you want to travel?,Give me 1 sentence about the importance of learning English. Max 5 words.
demo-test-149,1001,123137,2025-07-18 06:14:00.000,11,English opens many career doors! \n\nWhat job do you dream of having?,Give me 1 sentence about the importance of learning English. Max 5 words.
demo-test-150,1001,123149,2025-07-18 06:14:00.000,11,English allows access to information. \n\nWhat type of information interests you?,Give me 1 sentence about the importance of learning English. Max 5 words.
demo-test-5,1001,123169,2025-07-18 06:14:01.000,86,Unlocks access to information globally.,Give me 1 sentence about the importance of learning English. Max 5 words.
demo-test-6,1001,123178,2025-07-18 06:14:01.000,70,English is key for success!,Give me 1 sentence about the importance of learning English. Max 5 words.
demo-test-21,1001,123168,2025-07-18 06:14:01.000,32,English is key for success! ?,Give me 1 sentence about the importance of learning English. Max 5 words.
demo-test-25,1001,123159,2025-07-18 06:14:01.000,32,English helps share ideas easily! ?✨,Give me 1 sentence about the importance of learning English. Max 5 words.
demo-test-26,1001,123183,2025-07-18 06:14:01.000,28,English opens doors to knowledge! ?✨,Give me 1 sentence about the importance of learning English. Max 5 words.
demo-test-27,1001,123181,2025-07-18 06:14:01.000,32,English connects you to opportunities! ?✨,Give me 1 sentence about the importance of learning English. Max 5 words.
demo-test-28,1001,123166,2025-07-18 06:14:01.000,28,English is key for travel!,Give me 1 sentence about the importance of learning English. Max 5 words.
demo-test-40,1001,123160,2025-07-18 06:14:01.000,17,English is important for communication. What do you like to talk about?,Give me 1 sentence about the importance of learning English. Max 5 words.
demo-test-43,1001,123176,2025-07-18 06:14:01.000,17,English is key for communication! What do you want to communicate today? ?,Give me 1 sentence about the importance of learning English. Max 5 words.
demo-test-44,1001,123164,2025-07-18 06:14:01.000,17,English is key for success. What does success mean to you?,Give me 1 sentence about the importance of learning English. Max 5 words.
demo-test-55,1001,123163,2025-07-18 06:14:01.000,13,English helps you find jobs. What job do you want in the future?,Give me 1 sentence about the importance of learning English. Max 5 words.
demo-test-57,1001,123162,2025-07-18 06:14:01.000,17,English helps you understand cultures.,Give me 1 sentence about the importance of learning English. Max 5 words.
demo-test-58,1001,123177,2025-07-18 06:14:01.000,13,English helps you understand others. Why do you want to learn English?,Give me 1 sentence about the importance of learning English. Max 5 words.
demo-test-60,1001,123180,2025-07-18 06:14:01.000,13,English is key for success. What does success mean to you?,Give me 1 sentence about the importance of learning English. Max 5 words.
demo-test-61,1001,123165,2025-07-18 06:14:01.000,12,English is essential for success. What do you want to learn today?,Give me 1 sentence about the importance of learning English. Max 5 words.
demo-test-62,1001,123173,2025-07-18 06:14:01.000,12,English is important for travel. What is your favorite animal?,Give me 1 sentence about the importance of learning English. Max 5 words.
demo-test-66,1001,123161,2025-07-18 06:14:01.000,15,English connects people globally. Why is that important to you?,Give me 1 sentence about the importance of learning English. Max 5 words.
demo-test-74,1001,123156,2025-07-18 06:14:01.000,14,English is key for communication. What do you think?,Give me 1 sentence about the importance of learning English. Max 5 words.
demo-test-75,1001,123172,2025-07-18 06:14:01.000,11,English opens doors to opportunities. What is your dream job?,Give me 1 sentence about the importance of learning English. Max 5 words.
demo-test-77,1001,123158,2025-07-18 06:14:01.000,10,English helps understand different cultures.,Give me 1 sentence about the importance of learning English. Max 5 words.
demo-test-80,1001,123167,2025-07-18 06:14:01.000,10,English improves communication with others.,Give me 1 sentence about the importance of learning English. Max 5 words.
demo-test-82,1001,123157,2025-07-18 06:14:01.000,10,English opens doors for success.,Give me 1 sentence about the importance of learning English. Max 5 words.
demo-test-96,1001,123184,2025-07-18 06:14:01.000,10,English is important for travel.,Give me 1 sentence about the importance of learning English. Max 5 words.
demo-test-98,1001,123153,2025-07-18 06:14:01.000,10,English allows access to knowledge.,Give me 1 sentence about the importance of learning English. Max 5 words.
demo-test-99,1001,123155,2025-07-18 06:14:01.000,13,English is important for jobs.,Give me 1 sentence about the importance of learning English. Max 5 words.
demo-test-100,1001,123182,2025-07-18 06:14:01.000,10,English improves communication with others.,Give me 1 sentence about the importance of learning English. Max 5 words.
demo-test-111,1001,123174,2025-07-18 06:14:01.000,13,English helps you understand cultures! \n\nWhich culture are you curious about?,Give me 1 sentence about the importance of learning English. Max 5 words.
demo-test-112,1001,123154,2025-07-18 06:14:01.000,13,English opens doors to knowledge! \n\nWhat topic in English interests you most?,Give me 1 sentence about the importance of learning English. Max 5 words.
demo-test-114,1001,123179,2025-07-18 06:14:01.000,13,English opens doors to opportunities! \n\nWhat opportunities do you dream of?,Give me 1 sentence about the importance of learning English. Max 5 words.
demo-test-118,1001,123170,2025-07-18 06:14:01.000,13,English is essential for education. \n\nWhat do you want to study?,Give me 1 sentence about the importance of learning English. Max 5 words.
demo-test-134,1001,123175,2025-07-18 06:14:01.000,11,English is essential for travel. \n\nWhat country would you like to visit?,Give me 1 sentence about the importance of learning English. Max 5 words.
demo-test-146,1001,123171,2025-07-18 06:14:01.000,11,English opens doors to opportunities. \n\nWhat opportunity do you dream of?,Give me 1 sentence about the importance of learning English. Max 5 words.
demo-test-4,1001,123195,2025-07-18 06:14:02.000,83,Enhances personal and professional growth.,Give me 1 sentence about the importance of learning English. Max 5 words.
demo-test-8,1001,123208,2025-07-18 06:14:02.000,69,English is important for communication. ?,Give me 1 sentence about the importance of learning English. Max 5 words.
demo-test-10,1001,123209,2025-07-18 06:14:02.000,69,English is key for success!,Give me 1 sentence about the importance of learning English. Max 5 words.
demo-test-11,1001,123212,2025-07-18 06:14:02.000,40,English is key for understanding! ?,Give me 1 sentence about the importance of learning English. Max 5 words.
demo-test-12,1001,123203,2025-07-18 06:14:02.000,41,Enhances academic and career success! ?,Give me 1 sentence about the importance of learning English. Max 5 words.
demo-test-16,1001,123210,2025-07-18 06:14:02.000,41,English improves travel and communication! ✈️?,Give me 1 sentence about the importance of learning English. Max 5 words.
demo-test-23,1001,123204,2025-07-18 06:14:02.000,31,English is vital for success! ?,Give me 1 sentence about the importance of learning English. Max 5 words.
demo-test-29,1001,123205,2025-07-18 06:14:02.000,32,English connects people across borders! ?,Give me 1 sentence about the importance of learning English. Max 5 words.
demo-test-30,1001,123186,2025-07-18 06:14:02.000,29,English is key for success. ?,Give me 1 sentence about the importance of learning English. Max 5 words.
demo-test-31,1001,123199,2025-07-18 06:14:02.000,23,English opens doors to opportunities! ? What opportunity do you want?,Give me 1 sentence about the importance of learning English. Max 5 words.
demo-test-33,1001,123202,2025-07-18 06:14:02.000,17,English opens many professional doors. What is your dream job?,Give me 1 sentence about the importance of learning English. Max 5 words.
demo-test-42,1001,123194,2025-07-18 06:14:02.000,17,English is important for travel. Where would you like to go?,Give me 1 sentence about the importance of learning English. Max 5 words.
demo-test-45,1001,123193,2025-07-18 06:14:02.000,17,English connects cultures and ideas. What is your favorite book? ?,Give me 1 sentence about the importance of learning English. Max 5 words.
demo-test-47,1001,123201,2025-07-18 06:14:02.000,22,English opens doors to knowledge! ? What do you like to learn?,Give me 1 sentence about the importance of learning English. Max 5 words.
demo-test-50,1001,123196,2025-07-18 06:14:02.000,17,English is essential for travel. Where do you dream of going? ✈️?,Give me 1 sentence about the importance of learning English. Max 5 words.
demo-test-64,1001,123207,2025-07-18 06:14:02.000,12,English is essential for communication. Why do you want to learn English?,Give me 1 sentence about the importance of learning English. Max 5 words.
demo-test-65,1001,123191,2025-07-18 06:14:02.000,12,English helps you understand cultures. What culture interests you the most?,Give me 1 sentence about the importance of learning English. Max 5 words.
demo-test-67,1001,123189,2025-07-18 06:14:02.000,12,English is useful for work. What job do you want?,Give me 1 sentence about the importance of learning English. Max 5 words.
demo-test-79,1001,123198,2025-07-18 06:14:02.000,10,English allows travel and exploration.,Give me 1 sentence about the importance of learning English. Max 5 words.
demo-test-95,1001,123213,2025-07-18 06:14:02.000,10,English improves communication with others.,Give me 1 sentence about the importance of learning English. Max 5 words.
demo-test-97,1001,123211,2025-07-18 06:14:02.000,10,English improves travel and experiences.,Give me 1 sentence about the importance of learning English. Max 5 words.
demo-test-116,1001,123197,2025-07-18 06:14:02.000,13,English bridges cultures and ideas! \n\nWhich culture interests you the most?,Give me 1 sentence about the importance of learning English. Max 5 words.
demo-test-121,1001,123214,2025-07-18 06:14:02.000,11,English connects you with others! \n\nWho would you like to talk to in English?,Give me 1 sentence about the importance of learning English. Max 5 words.
demo-test-124,1001,123200,2025-07-18 06:14:02.000,11,English connects you with people! \n\nWho is your English learning partner?,Give me 1 sentence about the importance of learning English. Max 5 words.
demo-test-131,1001,123188,2025-07-18 06:14:02.000,11,English opens job opportunities! \n\nWhat job do you want?,Give me 1 sentence about the importance of learning English. Max 5 words.
demo-test-132,1001,123187,2025-07-18 06:14:02.000,11,English is important for education. \n\nWhat is your favorite subject?,Give me 1 sentence about the importance of learning English. Max 5 words.
demo-test-133,1001,123192,2025-07-18 06:14:02.000,11,English is vital for education. \n\nWhat subject do you enjoy studying?,Give me 1 sentence about the importance of learning English. Max 5 words.
demo-test-136,1001,123206,2025-07-18 06:14:02.000,11,English connects cultures and people! What culture interests you the most?,Give me 1 sentence about the importance of learning English. Max 5 words.
demo-test-142,1001,123190,2025-07-18 06:14:02.000,11,English connects cultures and people. \n\nWhat culture interests you the most?,Give me 1 sentence about the importance of learning English. Max 5 words.
demo-test-148,1001,123185,2025-07-18 06:14:02.000,11,English opens doors to knowledge. \n\nWhat do you want to learn next?,Give me 1 sentence about the importance of learning English. Max 5 words.
demo-test-3,1001,123215,2025-07-18 06:14:03.000,16,English is essential for travel! ✈️?,Give me 1 sentence about the importance of learning English. Max 5 words.
demo-test-48,1001,123221,2025-07-18 06:14:03.000,23,English helps you share ideas! ?? What ideas do you have?,Give me 1 sentence about the importance of learning English. Max 5 words.
demo-test-78,1001,123218,2025-07-18 06:14:03.000,10,English allows access to knowledge.,Give me 1 sentence about the importance of learning English. Max 5 words.
demo-test-85,1001,123219,2025-07-18 06:14:03.000,10,English improves your global understanding.,Give me 1 sentence about the importance of learning English. Max 5 words.
demo-test-87,1001,123222,2025-07-18 06:14:03.000,10,English improves job opportunities worldwide.,Give me 1 sentence about the importance of learning English. Max 5 words.
demo-test-90,1001,123223,2025-07-18 06:14:03.000,10,English improves job and travel.,Give me 1 sentence about the importance of learning English. Max 5 words.
demo-test-104,1001,123216,2025-07-18 06:14:03.000,22,English opens doors to opportunities! What opportunity do you want?,Give me 1 sentence about the importance of learning English. Max 5 words.
demo-test-115,1001,123217,2025-07-18 06:14:03.000,13,English boosts your career opportunities. \n\nWhat job are you interested in?,Give me 1 sentence about the importance of learning English. Max 5 words.
demo-test-123,1001,123220,2025-07-18 06:14:03.000,11,English builds friendships worldwide! \n\nWho is your best friend?,Give me 1 sentence about the importance of learning English. Max 5 words.
demo-test-9,1001,123230,2025-07-18 06:14:04.000,70,English is crucial for travel.,Give me 1 sentence about the importance of learning English. Max 5 words.
demo-test-13,1001,123232,2025-07-18 06:14:04.000,42,English expands your knowledge base!,Give me 1 sentence about the importance of learning English. Max 5 words.
demo-test-14,1001,123224,2025-07-18 06:14:04.000,41,Strengthens international friendships and connections! ??,Give me 1 sentence about the importance of learning English. Max 5 words.
demo-test-32,1001,123231,2025-07-18 06:14:04.000,17,English helps in global business. What business do you find interesting? ?,Give me 1 sentence about the importance of learning English. Max 5 words.
demo-test-51,1001,123226,2025-07-18 06:14:04.000,26,English helps in global travel. \n\nWhere would you like to travel?,Give me 1 sentence about the importance of learning English. Max 5 words.
demo-test-63,1001,123233,2025-07-18 06:14:04.000,12,English allows global communication easily. What do you want to learn next?,Give me 1 sentence about the importance of learning English. Max 5 words.
demo-test-71,1001,123228,2025-07-18 06:14:04.000,10,English opens doors to opportunities. What is your favorite English word?,Give me 1 sentence about the importance of learning English. Max 5 words.
demo-test-103,1001,123234,2025-07-18 06:14:04.000,23,English opens doors to opportunities. \n\nWhat do you want to achieve with your English skills?,Give me 1 sentence about the importance of learning English. Max 5 words.
demo-test-108,1001,123229,2025-07-18 06:14:04.000,19,English is useful for travel!\n\nWhat countries would you like to visit?,Give me 1 sentence about the importance of learning English. Max 5 words.
demo-test-117,1001,123235,2025-07-18 06:14:04.000,13,English connects you with everyone!\n\nWho is your favorite English speaker?,Give me 1 sentence about the importance of learning English. Max 5 words.
demo-test-119,1001,123225,2025-07-18 06:14:04.000,13,English connects cultures around the world. \n\nWhich culture do you find interesting?,Give me 1 sentence about the importance of learning English. Max 5 words.
demo-test-122,1001,123227,2025-07-18 06:14:04.000,11,English enhances your job prospects! \n\nWhat job do you dream of?,Give me 1 sentence about the importance of learning English. Max 5 words.
demo-test-17,1001,123245,2025-07-18 06:14:05.000,41,Supports personal and professional growth!,Give me 1 sentence about the importance of learning English. Max 5 words.
demo-test-81,1001,123241,2025-07-18 06:14:05.000,10,English allows you to connect.,Give me 1 sentence about the importance of learning English. Max 5 words.
demo-test-84,1001,123238,2025-07-18 06:14:05.000,10,English is useful for travel.,Give me 1 sentence about the importance of learning English. Max 5 words.
demo-test-101,1001,123240,2025-07-18 06:14:05.000,34,English is essential for communication. \n\nWhat do you want to improve in your English skills?,Give me 1 sentence about the importance of learning English. Max 5 words.
demo-test-120,1001,123237,2025-07-18 06:14:05.000,13,English helps in finding jobs! \n\nWhat kind of job do you dream of?,Give me 1 sentence about the importance of learning English. Max 5 words.
demo-test-135,1001,123239,2025-07-18 06:14:05.000,11,English is essential for success. \n\nWhat do you want to achieve with your English skills?,Give me 1 sentence about the importance of learning English. Max 5 words.
demo-test-137,1001,123242,2025-07-18 06:14:05.000,11,English helps you understand media.\n\nWhat is your favorite English movie?,Give me 1 sentence about the importance of learning English. Max 5 words.
demo-test-138,1001,123236,2025-07-18 06:14:05.000,11,English connects people around the world. \n\nWho would you like to talk to in English?,Give me 1 sentence about the importance of learning English. Max 5 words.
demo-test-140,1001,123243,2025-07-18 06:14:05.000,11,English connects people from everywhere! \n\nWhat country would you like to visit?,Give me 1 sentence about the importance of learning English. Max 5 words.
demo-test-143,1001,123244,2025-07-18 06:14:05.000,11,English allows access to information. \n\nWhat kind of information interests you?,Give me 1 sentence about the importance of learning English. Max 5 words.
demo-test-15,1001,123252,2025-07-18 06:14:06.000,41,English is vital for success!,Give me 1 sentence about the importance of learning English. Max 5 words.
demo-test-35,1001,123254,2025-07-18 06:14:06.000,16,English helps you make friends. Do you have friends who speak English? ?,Give me 1 sentence about the importance of learning English. Max 5 words.
demo-test-46,1001,123251,2025-07-18 06:14:06.000,22,English opens doors to opportunities! ?✨,Give me 1 sentence about the importance of learning English. Max 5 words.
demo-test-52,1001,123249,2025-07-18 06:14:06.000,18,English helps you travel easily.,Give me 1 sentence about the importance of learning English. Max 5 words.
demo-test-68,1001,123253,2025-07-18 06:14:06.000,12,English is key for success. \n\nWhat do you like to do?,Give me 1 sentence about the importance of learning English. Max 5 words.
demo-test-70,1001,123256,2025-07-18 06:14:06.000,28,English helps connect people globally. What do you think about that?,Give me 1 sentence about the importance of learning English. Max 5 words.
demo-test-83,1001,123247,2025-07-18 06:14:06.000,10,English is key for education.,Give me 1 sentence about the importance of learning English. Max 5 words.
demo-test-86,1001,123257,2025-07-18 06:14:06.000,13,English is important for education.,Give me 1 sentence about the importance of learning English. Max 5 words.
demo-test-88,1001,123250,2025-07-18 06:14:06.000,10,English helps in global communication.,Give me 1 sentence about the importance of learning English. Max 5 words.
demo-test-89,1001,123248,2025-07-18 06:14:06.000,10,English helps you travel easily.,Give me 1 sentence about the importance of learning English. Max 5 words.
demo-test-102,1001,123255,2025-07-18 06:14:06.000,23,English helps you find jobs! \n\nWhat job do you dream of?,Give me 1 sentence about the importance of learning English. Max 5 words.
demo-test-105,1001,123246,2025-07-18 06:14:06.000,22,English is key for future success! \n\nWhat motivates you to learn English?,Give me 1 sentence about the importance of learning English. Max 5 words.
demo-test-49,1001,123258,2025-07-18 06:14:07.000,17,English helps you make friends. Do you have friends who speak English? ?,Give me 1 sentence about the importance of learning English. Max 5 words.
demo-test-107,1001,123260,2025-07-18 06:14:07.000,19,English is vital for travel. \n\nWhere would you like to go?,Give me 1 sentence about the importance of learning English. Max 5 words.
demo-test-139,1001,123259,2025-07-18 06:14:07.000,11,English helps you travel easily! \n\nWhere would you like to travel?,Give me 1 sentence about the importance of learning English. Max 5 words.
demo-test-18,1001,123262,2025-07-18 06:14:08.000,43,English connects people around world! ?,Give me 1 sentence about the importance of learning English. Max 5 words.
demo-test-53,1001,123264,2025-07-18 06:14:08.000,11,English improves job and study opportunities. \n\nWhat job do you dream of?,Give me 1 sentence about the importance of learning English. Max 5 words.
demo-test-125,1001,123263,2025-07-18 06:14:08.000,11,English is vital for travel! \n\nWhere would you like to travel using your English skills?,Give me 1 sentence about the importance of learning English. Max 5 words.
demo-test-126,1001,123261,2025-07-18 06:14:08.000,11,English helps you understand cultures!\n\nWhich culture interests you the most?,Give me 1 sentence about the importance of learning English. Max 5 words.
demo-test-7,1001,123282,2025-07-18 06:14:09.000,71,English enables global communication success.,Give me 1 sentence about the importance of learning English. Max 5 words.
demo-test-20,1001,123276,2025-07-18 06:14:09.000,42,Helps understand global media content! ?,Give me 1 sentence about the importance of learning English. Max 5 words.
demo-test-22,1001,123281,2025-07-18 06:14:09.000,34,English helps understand global culture! ?,Give me 1 sentence about the importance of learning English. Max 5 words.
demo-test-39,1001,123277,2025-07-18 06:14:09.000,24,English is essential for communication! ?️ What do you want to communicate?,Give me 1 sentence about the importance of learning English. Max 5 words.
demo-test-54,1001,123269,2025-07-18 06:14:09.000,13,English helps you travel easily. Where would you like to travel?,Give me 1 sentence about the importance of learning English. Max 5 words.
demo-test-56,1001,123275,2025-07-18 06:14:09.000,17,English is important for jobs. What job do you want?,Give me 1 sentence about the importance of learning English. Max 5 words.
demo-test-59,1001,123280,2025-07-18 06:14:09.000,14,English is important for communication. What do you like to communicate about?,Give me 1 sentence about the importance of learning English. Max 5 words.
demo-test-69,1001,123267,2025-07-18 06:14:09.000,12,English is essential for travel. What do you like to read?,Give me 1 sentence about the importance of learning English. Max 5 words.
demo-test-77,1001,123283,2025-07-18 06:14:09.000,11,English connects people and ideas.,Give me 1 sentence about the importance of learning English. Max 5 words.
demo-test-91,1001,123268,2025-07-18 06:14:09.000,11,English helps you find jobs.,Give me 1 sentence about the importance of learning English. Max 5 words.
demo-test-94,1001,123266,2025-07-18 06:14:09.000,11,English is essential for success.,Give me 1 sentence about the importance of learning English. Max 5 words.
demo-test-109,1001,123273,2025-07-18 06:14:09.000,20,English enhances your career prospects! \n\nWhat job do you dream of having?,Give me 1 sentence about the importance of learning English. Max 5 words.
demo-test-112,1001,123270,2025-07-18 06:14:09.000,14,English connects people around the world! \n\nWhat is your favorite English phrase?,Give me 1 sentence about the importance of learning English. Max 5 words.
demo-test-127,1001,123272,2025-07-18 06:14:09.000,12,English helps you make friends. \n\nDo you have friends who speak English?,Give me 1 sentence about the importance of learning English. Max 5 words.
demo-test-128,1001,123274,2025-07-18 06:14:09.000,11,English connects cultures and people! \n\nWhat culture interests you the most?,Give me 1 sentence about the importance of learning English. Max 5 words.
demo-test-144,1001,123265,2025-07-18 06:14:09.000,11,English improves your travel experiences. \n\nWhat country do you want to visit?,Give me 1 sentence about the importance of learning English. Max 5 words.
demo-test-145,1001,123284,2025-07-18 06:14:09.000,12,English connects cultures and people.  \n\nWhich culture interests you the most?,Give me 1 sentence about the importance of learning English. Max 5 words.
demo-test-146,1001,123279,2025-07-18 06:14:09.000,12,English improves job and travel chances. \n\nWhat job do you want?,Give me 1 sentence about the importance of learning English. Max 5 words.
demo-test-147,1001,123271,2025-07-18 06:14:09.000,12,English helps in daily life! What do you want to learn next?,Give me 1 sentence about the importance of learning English. Max 5 words.
demo-test-148,1001,123278,2025-07-18 06:14:09.000,12,English connects you with everyone. \n\nWho is your favorite English speaker?,Give me 1 sentence about the importance of learning English. Max 5 words.
demo-test-1,1001,123294,2025-07-18 06:14:10.000,22,English helps in global communication. What’s your favorite English phrase?,Give me 1 sentence about the importance of learning English. Max 5 words.
demo-test-2,1001,123308,2025-07-18 06:14:10.000,89,Facilitates communication across cultures!,Give me 1 sentence about the importance of learning English. Max 5 words.
demo-test-6,1001,123288,2025-07-18 06:14:10.000,71,English allows global communication easily!,Give me 1 sentence about the importance of learning English. Max 5 words.
demo-test-21,1001,123314,2025-07-18 06:14:10.000,33,English enhances your communication skills! ?️,Give me 1 sentence about the importance of learning English. Max 5 words.
demo-test-24,1001,123311,2025-07-18 06:14:10.000,33,English opens doors to opportunities! ?✨,Give me 1 sentence about the importance of learning English. Max 5 words.
demo-test-28,1001,123321,2025-07-18 06:14:10.000,29,English is needed for work!,Give me 1 sentence about the importance of learning English. Max 5 words.
demo-test-33,1001,123301,2025-07-18 06:14:10.000,18,English is essential for communication. What activities do you enjoy?,Give me 1 sentence about the importance of learning English. Max 5 words.
demo-test-34,1001,123295,2025-07-18 06:14:10.000,16,English allows access to information. What type of information do you like? ?,Give me 1 sentence about the importance of learning English. Max 5 words.
demo-test-37,1001,123296,2025-07-18 06:14:10.000,23,English is key for success! ?? What does success mean to you?,Give me 1 sentence about the importance of learning English. Max 5 words.
demo-test-38,1001,123304,2025-07-18 06:14:10.000,18,English opens doors to opportunities. What opportunity do you want most? ?,Give me 1 sentence about the importance of learning English. Max 5 words.
demo-test-40,1001,123297,2025-07-18 06:14:10.000,18,English allows access to information. What information are you curious about?,Give me 1 sentence about the importance of learning English. Max 5 words.
demo-test-41,1001,123316,2025-07-18 06:14:10.000,18,English is important for education. What subject do you enjoy studying?,Give me 1 sentence about the importance of learning English. Max 5 words.
demo-test-44,1001,123310,2025-07-18 06:14:10.000,18,English opens doors to opportunities. What opportunities do you dream of?,Give me 1 sentence about the importance of learning English. Max 5 words.
demo-test-57,1001,123292,2025-07-18 06:14:10.000,18,English is essential for travel.,Give me 1 sentence about the importance of learning English. Max 5 words.
demo-test-58,1001,123319,2025-07-18 06:14:10.000,14,English connects people and cultures. What is your favorite way to practice?,Give me 1 sentence about the importance of learning English. Max 5 words.
demo-test-61,1001,123303,2025-07-18 06:14:10.000,13,English helps you understand better. What is your favorite food?,Give me 1 sentence about the importance of learning English. Max 5 words.
demo-test-73,1001,123307,2025-07-18 06:14:10.000,12,English connects people around the world. What is your favorite English word?,Give me 1 sentence about the importance of learning English. Max 5 words.
demo-test-74,1001,123313,2025-07-18 06:14:10.000,15,English helps in many countries. What countries interest you?,Give me 1 sentence about the importance of learning English. Max 5 words.
demo-test-75,1001,123290,2025-07-18 06:14:10.000,12,English helps connect with others. What is your favorite movie?,Give me 1 sentence about the importance of learning English. Max 5 words.
demo-test-76,1001,123315,2025-07-18 06:14:10.000,11,English is important for travel.,Give me 1 sentence about the importance of learning English. Max 5 words.
demo-test-80,1001,123298,2025-07-18 06:14:10.000,11,English helps share ideas worldwide.,Give me 1 sentence about the importance of learning English. Max 5 words.
demo-test-82,1001,123302,2025-07-18 06:14:10.000,11,English is important for jobs.,Give me 1 sentence about the importance of learning English. Max 5 words.
demo-test-93,1001,123289,2025-07-18 06:14:10.000,11,English helps share ideas easily.,Give me 1 sentence about the importance of learning English. Max 5 words.
demo-test-99,1001,123317,2025-07-18 06:14:10.000,14,English helps you make friends.,Give me 1 sentence about the importance of learning English. Max 5 words.
demo-test-110,1001,123318,2025-07-18 06:14:10.000,20,English connects people from everywhere. \n\nWhere would you like to connect?,Give me 1 sentence about the importance of learning English. Max 5 words.
demo-test-111,1001,123285,2025-07-18 06:14:10.000,14,English is key to travel! \n\nWhere do you want to travel?,Give me 1 sentence about the importance of learning English. Max 5 words.
demo-test-114,1001,123291,2025-07-18 06:14:10.000,14,English is essential for travel! \n\nWhere would you like to travel?,Give me 1 sentence about the importance of learning English. Max 5 words.
demo-test-118,1001,123287,2025-07-18 06:14:10.000,14,English connects you with others. \n\nWho would you like to connect with?,Give me 1 sentence about the importance of learning English. Max 5 words.
demo-test-123,1001,123320,2025-07-18 06:14:10.000,12,English helps in studying abroad! \n\nWhere would you like to study?,Give me 1 sentence about the importance of learning English. Max 5 words.
demo-test-124,1001,123309,2025-07-18 06:14:10.000,12,English is vital for travel! \n\nWhere would you like to travel?,Give me 1 sentence about the importance of learning English. Max 5 words.
demo-test-129,1001,123293,2025-07-18 06:14:10.000,12,English opens doors to opportunities! What opportunity do you dream of?,Give me 1 sentence about the importance of learning English. Max 5 words.
demo-test-132,1001,123299,2025-07-18 06:14:10.000,12,English is useful for travel. \n\nWhere do you want to go?,Give me 1 sentence about the importance of learning English. Max 5 words.
demo-test-133,1001,123306,2025-07-18 06:14:10.000,12,English opens doors to knowledge. \n\nWhat type of knowledge interests you?,Give me 1 sentence about the importance of learning English. Max 5 words.
demo-test-134,1001,123305,2025-07-18 06:14:10.000,12,English helps share ideas globally. \n\nWhat idea do you want to share?,Give me 1 sentence about the importance of learning English. Max 5 words.
demo-test-136,1001,123312,2025-07-18 06:14:10.000,12,English is essential for communication! Why do you want to learn English?,Give me 1 sentence about the importance of learning English. Max 5 words.
demo-test-142,1001,123300,2025-07-18 06:14:10.000,12,English is vital for travel. \n\nWhere would you like to travel?,Give me 1 sentence about the importance of learning English. Max 5 words.
demo-test-5,1001,123334,2025-07-18 06:14:11.000,87,Bridges gaps between different nations.,Give me 1 sentence about the importance of learning English. Max 5 words.
demo-test-19,1001,123325,2025-07-18 06:14:11.000,42,English opens global communication doors!,Give me 1 sentence about the importance of learning English. Max 5 words.
demo-test-25,1001,123323,2025-07-18 06:14:11.000,33,English is key for communication! ?✨,Give me 1 sentence about the importance of learning English. Max 5 words.
demo-test-30,1001,123332,2025-07-18 06:14:11.000,30,English enhances personal and professional growth. ?,Give me 1 sentence about the importance of learning English. Max 5 words.
demo-test-60,1001,123329,2025-07-18 06:14:11.000,14,English helps you travel easily. Where would you like to travel?,Give me 1 sentence about the importance of learning English. Max 5 words.
demo-test-62,1001,123327,2025-07-18 06:14:11.000,13,English connects people worldwide easily. What do you enjoy doing?,Give me 1 sentence about the importance of learning English. Max 5 words.
demo-test-65,1001,123333,2025-07-18 06:14:11.000,13,English is essential for success. What success means to you?,Give me 1 sentence about the importance of learning English. Max 5 words.
demo-test-79,1001,123324,2025-07-18 06:14:11.000,11,English helps understand different cultures.,Give me 1 sentence about the importance of learning English. Max 5 words.
demo-test-98,1001,123328,2025-07-18 06:14:11.000,11,English connects cultures and people.,Give me 1 sentence about the importance of learning English. Max 5 words.
demo-test-100,1001,123331,2025-07-18 06:14:11.000,11,English helps in travel and communication.,Give me 1 sentence about the importance of learning English. Max 5 words.
demo-test-121,1001,123326,2025-07-18 06:14:11.000,12,English is essential for communication!\n\nWhat do you want to communicate in English?,Give me 1 sentence about the importance of learning English. Max 5 words.
demo-test-122,1001,123330,2025-07-18 06:14:11.000,12,English is vital for success! \n\nWhat success means to you?,Give me 1 sentence about the importance of learning English. Max 5 words.
demo-test-131,1001,123322,2025-07-18 06:14:11.000,12,English is useful for travel! \n\nWhere do you want to travel?,Give me 1 sentence about the importance of learning English. Max 5 words.
demo-test-3,1001,123345,2025-07-18 06:14:12.000,17,English helps in global communication! ??,Give me 1 sentence about the importance of learning English. Max 5 words.
demo-test-4,1001,123335,2025-07-18 06:14:12.000,84,Vital for global communication success.,Give me 1 sentence about the importance of learning English. Max 5 words.
demo-test-10,1001,123342,2025-07-18 06:14:12.000,70,English enables better job opportunities!,Give me 1 sentence about the importance of learning English. Max 5 words.
demo-test-11,1001,123352,2025-07-18 06:14:12.000,41,English opens doors to knowledge! ?,Give me 1 sentence about the importance of learning English. Max 5 words.
demo-test-12,1001,123344,2025-07-18 06:14:12.000,42,Connects you to the world! ?,Give me 1 sentence about the importance of learning English. Max 5 words.
demo-test-16,1001,123337,2025-07-18 06:14:12.000,42,English is key for travel! ?✈️,Give me 1 sentence about the importance of learning English. Max 5 words.
demo-test-17,1001,123355,2025-07-18 06:14:12.000,42,Builds confidence in communication skills!,Give me 1 sentence about the importance of learning English. Max 5 words.
demo-test-23,1001,123351,2025-07-18 06:14:12.000,32,English enhances your career prospects! ?,Give me 1 sentence about the importance of learning English. Max 5 words.
demo-test-26,1001,123362,2025-07-18 06:14:12.000,29,English connects people and cultures! ?❤️,Give me 1 sentence about the importance of learning English. Max 5 words.
demo-test-27,1001,123340,2025-07-18 06:14:12.000,33,English helps you understand others! ?,Give me 1 sentence about the importance of learning English. Max 5 words.
demo-test-29,1001,123367,2025-07-18 06:14:12.000,33,English enhances career and education! ??,Give me 1 sentence about the importance of learning English. Max 5 words.
demo-test-42,1001,123360,2025-07-18 06:14:12.000,18,English is important for jobs. What job do you want?,Give me 1 sentence about the importance of learning English. Max 5 words.
demo-test-45,1001,123366,2025-07-18 06:14:12.000,18,English helps you make friends. Who is your best friend? ?,Give me 1 sentence about the importance of learning English. Max 5 words.
demo-test-47,1001,123364,2025-07-18 06:14:12.000,23,English is key for travel! ✈️ Where do you want to go?,Give me 1 sentence about the importance of learning English. Max 5 words.
demo-test-51,1001,123357,2025-07-18 06:14:12.000,27,English is useful for work. \n\nWhat job do you dream of?,Give me 1 sentence about the importance of learning English. Max 5 words.
demo-test-55,1001,123348,2025-07-18 06:14:12.000,14,English is essential for communication. What do you like to talk about in English?,Give me 1 sentence about the importance of learning English. Max 5 words.
demo-test-64,1001,123350,2025-07-18 06:14:12.000,13,English improves job chances greatly. What job do you want?,Give me 1 sentence about the importance of learning English. Max 5 words.
demo-test-66,1001,123338,2025-07-18 06:14:12.000,16,English helps in many countries. What country do you like?,Give me 1 sentence about the importance of learning English. Max 5 words.
demo-test-67,1001,123354,2025-07-18 06:14:12.000,13,English opens doors to opportunities. What is your favorite English word?,Give me 1 sentence about the importance of learning English. Max 5 words.
demo-test-84,1001,123359,2025-07-18 06:14:12.000,11,English improves job chances greatly.,Give me 1 sentence about the importance of learning English. Max 5 words.
demo-test-85,1001,123336,2025-07-18 06:14:12.000,11,English connects cultures and ideas.,Give me 1 sentence about the importance of learning English. Max 5 words.
demo-test-87,1001,123343,2025-07-18 06:14:12.000,11,English connects cultures and ideas.,Give me 1 sentence about the importance of learning English. Max 5 words.
demo-test-90,1001,123349,2025-07-18 06:14:12.000,11,English is essential for success.,Give me 1 sentence about the importance of learning English. Max 5 words.
demo-test-92,1001,123353,2025-07-18 06:14:12.000,11,English is useful for education.,Give me 1 sentence about the importance of learning English. Max 5 words.
demo-test-95,1001,123369,2025-07-18 06:14:12.000,11,English is key for education.,Give me 1 sentence about the importance of learning English. Max 5 words.
demo-test-96,1001,123346,2025-07-18 06:14:12.000,11,English helps in getting jobs.,Give me 1 sentence about the importance of learning English. Max 5 words.
demo-test-97,1001,123368,2025-07-18 06:14:12.000,11,English helps you understand cultures.,Give me 1 sentence about the importance of learning English. Max 5 words.
demo-test-101,1001,123363,2025-07-18 06:14:12.000,35,English connects people around the world. \n\nWhat do you enjoy most about learning English?,Give me 1 sentence about the importance of learning English. Max 5 words.
demo-test-104,1001,123339,2025-07-18 06:14:12.000,23,English connects people from everywhere! Why is that important to you?,Give me 1 sentence about the importance of learning English. Max 5 words.
demo-test-115,1001,123370,2025-07-18 06:14:12.000,14,English is vital for communication. \n\nWhat do you enjoy most about learning English?,Give me 1 sentence about the importance of learning English. Max 5 words.
demo-test-116,1001,123341,2025-07-18 06:14:12.000,14,English is vital for education! \n\nWhat subject do you like to study in English?,Give me 1 sentence about the importance of learning English. Max 5 words.
demo-test-117,1001,123365,2025-07-18 06:14:12.000,14,English improves your career opportunities!\n\nWhat job do you want?,Give me 1 sentence about the importance of learning English. Max 5 words.
demo-test-119,1001,123347,2025-07-18 06:14:12.000,14,English is essential for communication. \n\nWhat do you want to communicate in English?,Give me 1 sentence about the importance of learning English. Max 5 words.
demo-test-120,1001,123358,2025-07-18 06:14:12.000,14,English improves communication skills! \n\nWhat topics do you enjoy discussing in English?,Give me 1 sentence about the importance of learning English. Max 5 words.
demo-test-138,1001,123356,2025-07-18 06:14:12.000,12,English helps you understand others. \n\nWhat do you want to learn next?,Give me 1 sentence about the importance of learning English. Max 5 words.
demo-test-143,1001,123361,2025-07-18 06:14:12.000,12,English helps you understand culture. \n\nWhat culture are you curious about?,Give me 1 sentence about the importance of learning English. Max 5 words.
demo-test-14,1001,123371,2025-07-18 06:14:13.000,42,Improves access to information globally! ??,Give me 1 sentence about the importance of learning English. Max 5 words.
demo-test-31,1001,123372,2025-07-18 06:14:13.000,24,English enhances your career options! ? What career do you dream about?,Give me 1 sentence about the importance of learning English. Max 5 words.
demo-test-43,1001,123378,2025-07-18 06:14:13.000,18,English opens doors to opportunities! What opportunities do you dream about? ?,Give me 1 sentence about the importance of learning English. Max 5 words.
demo-test-50,1001,123374,2025-07-18 06:14:13.000,18,English helps you understand cultures. What culture interests you the most? ?✨,Give me 1 sentence about the importance of learning English. Max 5 words.
demo-test-63,1001,123377,2025-07-18 06:14:13.000,13,English connects people and cultures. What is your favorite English word?,Give me 1 sentence about the importance of learning English. Max 5 words.
demo-test-71,1001,123373,2025-07-18 06:14:13.000,11,English is important for travel. What places would you like to visit?,Give me 1 sentence about the importance of learning English. Max 5 words.
demo-test-78,1001,123379,2025-07-18 06:14:13.000,11,English is essential for education.,Give me 1 sentence about the importance of learning English. Max 5 words.
demo-test-83,1001,123376,2025-07-18 06:14:13.000,11,English connects cultures and ideas.,Give me 1 sentence about the importance of learning English. Max 5 words.
demo-test-108,1001,123375,2025-07-18 06:14:13.000,20,English opens doors to opportunities!\n\nWhat kind of opportunities do you want?,Give me 1 sentence about the importance of learning English. Max 5 words.
demo-test-9,1001,123385,2025-07-18 06:14:14.000,71,English opens many career doors.,Give me 1 sentence about the importance of learning English. Max 5 words.
demo-test-13,1001,123382,2025-07-18 06:14:14.000,43,English is a global language!,Give me 1 sentence about the importance of learning English. Max 5 words.
demo-test-46,1001,123380,2025-07-18 06:14:14.000,23,English connects you with everyone! ??,Give me 1 sentence about the importance of learning English. Max 5 words.
demo-test-68,1001,123384,2025-07-18 06:14:14.000,13,English connects people and ideas. \n\nWhat is your favorite subject in school?,Give me 1 sentence about the importance of learning English. Max 5 words.
demo-test-103,1001,123381,2025-07-18 06:14:14.000,24,English connects people from everywhere. \n\nWhat is your favorite way to practice English?,Give me 1 sentence about the importance of learning English. Max 5 words.
demo-test-105,1001,123386,2025-07-18 06:14:14.000,23,English opens doors to new opportunities! \n\nWhat do you enjoy most about learning English?,Give me 1 sentence about the importance of learning English. Max 5 words.
demo-test-135,1001,123383,2025-07-18 06:14:14.000,12,English connects cultures and people. \n\nWhat culture interests you the most?,Give me 1 sentence about the importance of learning English. Max 5 words.
demo-test-18,1001,123398,2025-07-18 06:14:15.000,44,English improves education and careers! ?,Give me 1 sentence about the importance of learning English. Max 5 words.
demo-test-32,1001,123392,2025-07-18 06:14:15.000,18,English is vital for travel. Where do you want to go? ?✈️,Give me 1 sentence about the importance of learning English. Max 5 words.
demo-test-48,1001,123387,2025-07-18 06:14:15.000,24,English improves your job prospects! ?✨ What job do you want?,Give me 1 sentence about the importance of learning English. Max 5 words.
demo-test-69,1001,123394,2025-07-18 06:14:15.000,13,English connects people around the world. What is your dream job?,Give me 1 sentence about the importance of learning English. Max 5 words.
demo-test-70,1001,123390,2025-07-18 06:14:15.000,29,English is vital for success. What success do you dream of?,Give me 1 sentence about the importance of learning English. Max 5 words.
demo-test-81,1001,123389,2025-07-18 06:14:15.000,11,English is important for education.,Give me 1 sentence about the importance of learning English. Max 5 words.
demo-test-88,1001,123388,2025-07-18 06:14:15.000,11,English is essential for success.,Give me 1 sentence about the importance of learning English. Max 5 words.
demo-test-107,1001,123395,2025-07-18 06:14:15.000,20,English connects you with opportunities. \n\nWhat opportunity do you want?,Give me 1 sentence about the importance of learning English. Max 5 words.
demo-test-125,1001,123396,2025-07-18 06:14:15.000,12,English helps in global communication! \n\nWhat do you enjoy most about learning English?,Give me 1 sentence about the importance of learning English. Max 5 words.
demo-test-126,1001,123399,2025-07-18 06:14:15.000,12,English is important for travel!\n\nWhere do you want to go?,Give me 1 sentence about the importance of learning English. Max 5 words.
demo-test-139,1001,123397,2025-07-18 06:14:15.000,12,English opens doors to knowledge! \n\nWhat is your favorite subject in school?,Give me 1 sentence about the importance of learning English. Max 5 words.
demo-test-140,1001,123391,2025-07-18 06:14:15.000,12,English is useful for travel! \n\nWhere do you want to travel?,Give me 1 sentence about the importance of learning English. Max 5 words.
demo-test-144,1001,123393,2025-07-18 06:14:15.000,12,English is essential for education. \n\nWhat subject do you enjoy studying?,Give me 1 sentence about the importance of learning English. Max 5 words.
demo-test-8,1001,123403,2025-07-18 06:14:16.000,70,English enhances personal and professional growth. ?,Give me 1 sentence about the importance of learning English. Max 5 words.
demo-test-49,1001,123400,2025-07-18 06:14:16.000,18,English allows access to information. What type of information do you like? ?✨,Give me 1 sentence about the importance of learning English. Max 5 words.
demo-test-53,1001,123404,2025-07-18 06:14:16.000,12,English connects people around the world. \n\nWho do you want to connect with?,Give me 1 sentence about the importance of learning English. Max 5 words.
demo-test-54,1001,123406,2025-07-18 06:14:16.000,14,English is important for success. What success do you dream of?,Give me 1 sentence about the importance of learning English. Max 5 words.
demo-test-86,1001,123402,2025-07-18 06:14:16.000,14,English connects people around world.,Give me 1 sentence about the importance of learning English. Max 5 words.
demo-test-102,1001,123401,2025-07-18 06:14:16.000,24,English is key for global communication! \n\nWhat do you want to learn next?,Give me 1 sentence about the importance of learning English. Max 5 words.
demo-test-137,1001,123405,2025-07-18 06:14:16.000,12,English is key for education. \n\nWhat subject do you like most in school?,Give me 1 sentence about the importance of learning English. Max 5 words.
demo-test-34,1001,123407,2025-07-18 06:14:17.000,17,English is vital for travel. Where would you like to go? ✈️,Give me 1 sentence about the importance of learning English. Max 5 words.
demo-test-2,1001,124313,2025-07-22 02:16:18.000,1,"Hello, demo-test-2! ? Great to see you again! Yesterday, we talked about the importance of learning English. You are doing well! Let’s keep improving! Today, what topic do you want to discuss? A hobby, food, or maybe travel? What do you think? ?️✨",NULL
demo-test-10,1001,124314,2025-07-22 02:16:37.000,1,"Hello, demo-test-10! Great to see you! ? You are doing well, but let’s work on grammar and vocabulary more. What topic would you like to discuss today? It can be fun! Animals, food, or maybe your favorite hobby? What do you think?",NULL
demo-test-200,1001,124315,2025-07-22 02:18:19.000,1,"Halo demo-test-200! Senang bertemu lagi! Kamu sudah belajar banyak tentang pentingnya belajar Bahasa Inggris. Bagus sekali! Sekarang, apa topik yang ingin kamu diskusikan hari ini? Apakah kamu ingin belajar lebih banyak kosakata atau grammar? ?",NULL
