user,topic_id,id,createdAt,attempt,response,userMessage
demo-test-53,1001,19613,2025-05-14 14:55:19.000,1,"Hello, demo-test-53! ? It's great to see you again! Let's have some fun learning English today! \n\nBefore we start, remember how well you did last time with your vocabulary. Keep it up! \n\nNow, what topic would you like to discuss today? ?✨",NULL
demo-test-53,1001,19614,2025-05-14 15:02:44.000,2,"It looks like you sent a letter ""p."" No problem! ? \n\nCan you tell me what you like to do in your free time? ??",p
demo-test-53,1001,19615,2025-05-14 15:05:49.000,3,Hello! ? How are you today? \n\nWhat fun things did you do recently? ?,halo bro
demo-test-53,1001,19616,2025-05-14 15:06:04.000,4,"I think you meant ""good""! That's great to hear! ? \n\nWhat makes you feel good today? ?",g aaad
demo-test-53,1024,19617,2025-05-14 15:06:48.000,5,Got it! ? Let’s chat about your hobbies! What is your hobby lately? Do you have any new interests? Your answer will help me improve our chats! ?,sss
demo-test-1,1001,19619,2025-05-14 15:09:40.000,1,Hello! How are you today? ?,NULL
demo-test-1,1001,19620,2025-05-14 15:10:12.000,2,It seems you didn't write anything. That's okay! What did you do today?,NULL
demo-test-8,1001,19621,2025-05-14 15:12:34.000,1,Hello! How are you today? ?,NULL
demo-test-10,1001,19622,2025-05-14 15:12:39.000,1,Hello! How are you today? ?,NULL
demo-test-16,1001,19623,2025-05-14 15:13:04.000,1,Hello! How are you today? ?,NULL
demo-test-20,1001,19624,2025-05-14 15:13:15.000,1,Hello! How are you today? ?,NULL
demo-test-17,1001,19625,2025-05-14 15:13:19.000,1,Hello! How are you today? ?,NULL
demo-test-4,1001,19626,2025-05-14 15:13:50.000,1,Hello! How are you today? ?,NULL
demo-test-6,1001,19627,2025-05-14 15:14:05.000,1,Hello! How are you today? ?,NULL
demo-test-34,1001,19628,2025-05-14 15:14:10.000,1,Hello! How are you today? ?,NULL
demo-test-35,1001,19629,2025-05-14 15:14:25.000,1,Hello! How are you today? ?,NULL
demo-test-40,1001,19631,2025-05-14 15:14:30.000,1,Hello! How are you today? ?,NULL
demo-test-42,1001,19630,2025-05-14 15:14:30.000,1,Hello! How are you today? ?,NULL
demo-test-44,1001,19632,2025-05-14 15:14:35.000,1,Hello! How are you today? ?,NULL
demo-test-7,1001,19633,2025-05-14 15:14:40.000,1,Hello! How are you today? ?,NULL
demo-test-1,1001,19635,2025-05-14 15:14:45.000,2,I see you are quiet! That's okay. Would you like to talk about your favorite food? ?,NULL
demo-test-48,1001,19634,2025-05-14 15:14:45.000,1,Hello! How are you today? ?,NULL
demo-test-50,1001,19638,2025-05-14 15:14:50.000,1,Hello! How are you today? ?,NULL
demo-test-51,1001,19636,2025-05-14 15:14:50.000,1,Hello! How are you today? ?,NULL
demo-test-58,1001,19637,2025-05-14 15:14:50.000,1,Hello! How are you today? ?,NULL
demo-test-52,1001,19639,2025-05-14 15:14:55.000,1,Hello! How are you today? ?,NULL
demo-test-55,1001,19640,2025-05-14 15:14:55.000,1,Hello! How are you today? ?,NULL
demo-test-56,1001,19641,2025-05-14 15:14:55.000,1,Hello! How are you today? ?,NULL
demo-test-57,1001,19642,2025-05-14 15:14:55.000,1,Hello! How are you today? ?,NULL
demo-test-60,1001,19644,2025-05-14 15:15:00.000,1,Hello! How are you today? ?,NULL
demo-test-64,1001,19643,2025-05-14 15:15:00.000,1,Hello! How are you today? ?,NULL
demo-test-67,1001,19645,2025-05-14 15:15:05.000,1,Hello! How are you today? ?,NULL
demo-test-68,1001,19646,2025-05-14 15:15:05.000,1,Hello! How are you today? ?,NULL
demo-test-63,1001,19648,2025-05-14 15:15:06.000,1,Hello! How are you today? ?,NULL
demo-test-71,1001,19647,2025-05-14 15:15:06.000,1,Hello! How are you today? ?,NULL
demo-test-2,1001,19649,2025-05-14 15:15:11.000,1,Hello! How are you today? What did you do today?,NULL
demo-test-76,1001,19651,2025-05-14 15:15:15.000,1,Hello! How are you today? ?,NULL
demo-test-79,1001,19650,2025-05-14 15:15:15.000,1,Hello! How are you today? ?,NULL
demo-test-78,1001,19652,2025-05-14 15:15:20.000,1,Hello! How are you today? ?,NULL
demo-test-80,1001,19653,2025-05-14 15:15:20.000,1,Hello! How are you today? ?,NULL
demo-test-82,1001,19654,2025-05-14 15:15:20.000,1,Hello! How are you today? ?,NULL
demo-test-81,1001,19655,2025-05-14 15:15:26.000,1,Hello! How are you today? ?,NULL
demo-test-83,1001,19656,2025-05-14 15:15:26.000,1,Hello! How are you today? ?,NULL
demo-test-84,1001,19657,2025-05-14 15:15:26.000,1,Hello! How are you today? ?,NULL
demo-test-85,1001,19660,2025-05-14 15:15:31.000,1,Hello! How are you today? ?,NULL
demo-test-86,1001,19659,2025-05-14 15:15:31.000,1,Hello! How are you today? ?,NULL
demo-test-87,1001,19658,2025-05-14 15:15:31.000,1,Hello! How are you today? ?,NULL
demo-test-91,1001,19662,2025-05-14 15:15:36.000,1,Hello! How are you today? ?,NULL
demo-test-93,1001,19661,2025-05-14 15:15:36.000,1,Hello! How are you today? ?,NULL
demo-test-92,1001,19663,2025-05-14 15:15:41.000,1,Hello! How are you today? ?,NULL
demo-test-95,1001,19664,2025-05-14 15:15:46.000,1,Hello! How are you today? ?,NULL
demo-test-14,1001,19665,2025-05-14 15:15:51.000,1,Hello! How are you today? ?,NULL
demo-test-97,1001,19666,2025-05-14 15:15:56.000,1,Hello! How are you today? ?,NULL
demo-test-11,1001,19669,2025-05-14 15:16:01.000,1,Hello! How are you today? ? What did you do today?,NULL
demo-test-21,1001,19668,2025-05-14 15:16:01.000,1,Hello! How are you today? ?,NULL
demo-test-100,1001,19667,2025-05-14 15:16:01.000,1,Hello! How are you today? ?,NULL
demo-test-18,1001,19673,2025-05-14 15:16:06.000,1,Hello! How are you today? ?,NULL
demo-test-19,1001,19672,2025-05-14 15:16:06.000,1,Hello! How are you today? ?,NULL
demo-test-22,1001,19670,2025-05-14 15:16:06.000,1,Hello! How are you today? ?,NULL
demo-test-24,1001,19671,2025-05-14 15:16:06.000,1,Hello! How are you today? ?,NULL
demo-test-27,1001,19675,2025-05-14 15:16:11.000,1,Hello! How are you today? ?,NULL
demo-test-29,1001,19674,2025-05-14 15:16:11.000,1,Hello! How are you today? ?,NULL
demo-test-23,1001,19678,2025-05-14 15:16:16.000,1,Hello! How are you today? Let's have some fun learning English! ?,NULL
demo-test-26,1001,19676,2025-05-14 15:16:16.000,1,Hello! How are you today? ?,NULL
demo-test-32,1001,19677,2025-05-14 15:16:16.000,1,Hello! How are you today? ?,NULL
demo-test-25,1001,19682,2025-05-14 15:16:21.000,1,Hello! How are you today? Let's have some fun learning English! ?,NULL
demo-test-37,1001,19681,2025-05-14 15:16:21.000,1,Hello! How are you today? ?,NULL
demo-test-38,1001,19680,2025-05-14 15:16:21.000,1,Hello! How are you today? ?,NULL
demo-test-46,1001,19679,2025-05-14 15:16:21.000,1,Hello! How are you today? ?,NULL
demo-test-47,1001,19683,2025-05-14 15:16:31.000,1,Hello! How are you today? ?,NULL
demo-test-5,1001,19686,2025-05-14 15:16:37.000,1,Hello! How are you today? What did you do today?,NULL
demo-test-31,1001,19688,2025-05-14 15:16:37.000,1,Hello! How are you today? What did you do today? ?,NULL
demo-test-33,1001,19684,2025-05-14 15:16:37.000,1,Hello! How are you today? ? What did you do today?,NULL
demo-test-62,1001,19689,2025-05-14 15:16:37.000,1,Hello! How are you today? ?,NULL
demo-test-74,1001,19687,2025-05-14 15:16:37.000,1,Hello! How are you today? ?,NULL
demo-test-90,1001,19685,2025-05-14 15:16:37.000,1,Hello! How are you today? ?,NULL
demo-test-36,1001,19690,2025-05-14 15:16:41.000,1,Hello! How are you today? What did you do today?,NULL
demo-test-41,1001,19692,2025-05-14 15:16:47.000,1,Hello! How are you today? Let's have some fun learning English together!,NULL
demo-test-43,1001,19691,2025-05-14 15:16:47.000,1,Hello! How are you today? ? What did you do yesterday?,NULL
demo-test-49,1001,19694,2025-05-14 15:16:52.000,1,Hello! How are you today? Let's have some fun learning English together! ?,NULL
demo-test-61,1001,19693,2025-05-14 15:16:52.000,1,Hello! How are you today? ? What did you do today?,NULL
demo-test-59,1001,19698,2025-05-14 15:16:57.000,1,Hello! How are you today? What did you do today?,NULL
demo-test-65,1001,19696,2025-05-14 15:16:57.000,1,Hello! How are you today? What did you do today?,NULL
demo-test-66,1001,19695,2025-05-14 15:16:57.000,1,Hello! How are you today? Let's have some fun learning English!,NULL
demo-test-70,1001,19697,2025-05-14 15:16:57.000,1,Hello! How are you today? Let's have some fun learning English together! ?,NULL
demo-test-73,1001,19699,2025-05-14 15:16:58.000,1,Hello! How are you today? What fun things did you do recently? ?,NULL
demo-test-9,1001,19700,2025-05-14 15:17:02.000,1,Hello! How are you today? ? What did you do today?,NULL
demo-test-69,1001,19705,2025-05-14 15:17:02.000,1,Hello! How are you today? What did you do this morning?,NULL
demo-test-72,1001,19703,2025-05-14 15:17:02.000,1,Hello! How are you today? Let's practice some English together!,NULL
demo-test-75,1001,19704,2025-05-14 15:17:02.000,1,Hello! How are you today? Let's have some fun learning English together! ?,NULL
demo-test-77,1001,19701,2025-05-14 15:17:02.000,1,Hello! How are you today? Let's have some fun learning English together! ?,NULL
demo-test-88,1001,19702,2025-05-14 15:17:02.000,1,Hello! How are you today? Let's have some fun learning English together! ?,NULL
demo-test-89,1001,19707,2025-05-14 15:17:07.000,1,Hello! How are you today? Let's have some fun learning English! ?,NULL
demo-test-96,1001,19706,2025-05-14 15:17:07.000,1,Hello! How are you today? What did you do today? ?,NULL
demo-test-12,1001,19709,2025-05-14 15:17:08.000,1,Hello! How are you today? ? What did you do today?,NULL
demo-test-13,1001,19708,2025-05-14 15:17:08.000,1,Hello! How are you today? ? What did you do today?,NULL
demo-test-15,1001,19711,2025-05-14 15:17:12.000,1,Hello! How are you today? What did you do today?,NULL
demo-test-28,1001,19712,2025-05-14 15:17:12.000,1,Hello! How are you today? What did you do this morning?,NULL
demo-test-30,1001,19714,2025-05-14 15:17:12.000,1,Hello! How are you today? Are you ready to practice some English? ?,NULL
demo-test-39,1001,19713,2025-05-14 15:17:12.000,1,Hello! How are you today? Let's have some fun learning English! ?,NULL
demo-test-99,1001,19710,2025-05-14 15:17:12.000,1,Hello! How are you today? Are you ready to learn some English? ?,NULL
demo-test-3,1001,19716,2025-05-14 15:17:17.000,1,Hello! How are you today? Let's have some fun learning English together! What did you do today?,NULL
demo-test-98,1001,19715,2025-05-14 15:17:17.000,1,Hello! How are you today? Let's have some fun with English! What did you do today?,NULL
demo-test-45,1001,19719,2025-05-14 15:17:18.000,1,Hello! How are you today? Let's have some fun learning English together! ?,NULL
demo-test-54,1001,19717,2025-05-14 15:17:18.000,1,Hello! How are you today? What did you do today?,NULL
demo-test-94,1001,19718,2025-05-14 15:17:18.000,1,Hello! How are you today? Let's have some fun learning English together! What did you do today?,NULL
demo-test-53,1001,19720,2025-05-14 15:17:22.000,6,"No worries! ? \n\nIf you're not sure what to say, how about this: What's your favorite food? ??",NULL
demo-test-53,1001,19721,2025-05-14 15:17:40.000,6,"Halo! ? It’s nice to see you! \n\nSo, let’s talk about your hobbies! Hobbies are fun and can help us relax. Do you like to draw, play sports, or maybe listen to music? ?",halo bro
demo-test-53,1001,19722,2025-05-14 15:18:00.000,7,What do you enjoy doing in your free time? Do you have a favorite hobby? ?⚽?,then?
demo-test-57,1001,19723,2025-05-14 15:18:43.000,2,It looks like you didn't write anything. That's okay! What did you do today?,NULL
demo-test-53,1001,19724,2025-05-14 15:20:07.000,8,Would you like to proceed with muting? Please confirm if this is what you want to do.,ga ada
demo-test-52,1001,19725,2025-05-14 15:21:23.000,2,It seems like you didn't say anything. No worries! How about we talk about your favorite food? What do you like to eat? ??,NULL
demo-test-53,1001,19726,2025-05-14 15:22:29.000,9,"It seems like your message got cut off. Could you please provide more details or clarify what you need?It seems like you might be unsure! That's okay! \n\nLet’s try something new! How about watching movies? Do you like watching movies? If yes, what is your favorite movie? ?✨",p
demo-test-1,1001,19727,2025-05-14 15:23:02.000,3,No worries! Let's try again. What is your favorite color? ?,NULL
demo-test-4,1001,19728,2025-05-14 15:23:17.000,2,I see you didn't write anything. That's okay! What do you like to do in your free time? ?,NULL
demo-test-7,1001,19729,2025-05-14 15:23:17.000,2,I see you didn't write anything. That's okay! What do you like to do in your free time? ?,NULL
demo-test-5,1001,19731,2025-05-14 15:23:22.000,2,It seems like you didn't write anything. That's okay! Can you tell me about your favorite food?,NULL
demo-test-6,1001,19730,2025-05-14 15:23:22.000,2,I see you didn't type anything. That's okay! What do you like to do in your free time? ?,NULL
demo-test-3,1001,19732,2025-05-14 15:23:32.000,2,It looks like you didn't write anything. That's okay! You can tell me about your favorite food. What is it?,NULL
demo-test-8,1001,19733,2025-05-14 15:23:32.000,2,It looks like you didn't write anything. That's okay! Do you want to talk about your favorite food? ?,NULL
demo-test-10,1001,19735,2025-05-14 15:23:57.000,2,I see you didn't write anything. That's okay! Would you like to talk about your favorite food? ?,NULL
demo-test-11,1001,19734,2025-05-14 15:23:57.000,2,It looks like you didn't write anything. That's okay! Can you tell me about your favorite food? ?,NULL
demo-test-2,1001,19736,2025-05-14 15:24:02.000,2,I see you didn't respond! No problem! Let’s talk about your favorite food. What is your favorite food?,NULL
demo-test-12,1001,19738,2025-05-14 15:24:22.000,2,It seems you didn't say anything! That's okay! Can you tell me about your favorite food? ?,NULL
demo-test-14,1001,19737,2025-05-14 15:24:22.000,2,It looks like you didn't write anything. That's okay! What did you do today?,NULL
demo-test-15,1001,19739,2025-05-14 15:24:22.000,2,It seems you didn't answer. That's okay! What is your favorite food?,NULL
demo-test-9,1001,19741,2025-05-14 15:24:33.000,2,It looks like you didn't write anything! That's okay. You can tell me later. Do you have a favorite activity you like to do?,NULL
demo-test-13,1001,19740,2025-05-14 15:24:33.000,2,It looks like you didn't say anything! That's okay! ? Can you tell me about your favorite food?,NULL
demo-test-16,1001,19742,2025-05-14 15:24:43.000,2,It looks like you didn't write anything. That's okay! What do you want to talk about today? ?,NULL
demo-test-17,1001,19743,2025-05-14 15:24:48.000,2,It seems you didn't type anything. That's okay! What do you want to talk about today? ?,NULL
demo-test-18,1001,19744,2025-05-14 15:24:48.000,2,I see you're quiet! No problem. What's your favorite food? ?,NULL
demo-test-19,1001,19745,2025-05-14 15:24:48.000,2,It seems like you didn't type anything. That's okay! What did you do today?,NULL
demo-test-29,1001,19746,2025-05-14 15:24:58.000,2,What did you do today? Any fun activities? ?,NULL
demo-test-79,1001,19748,2025-05-14 15:25:13.000,2,What do you like to do in your free time? ??,NULL
demo-test-80,1001,19747,2025-05-14 15:25:13.000,2,What did you do today?,NULL
demo-test-82,1001,19749,2025-05-14 15:25:19.000,2,What do you like to do in your free time? ?,NULL
demo-test-20,1001,19750,2025-05-14 15:25:23.000,2,It seems like you didn't write anything. That's okay! What do you want to talk about today? ?,NULL
demo-test-21,1001,19751,2025-05-14 15:25:28.000,2,It looks like you didn't say anything! That's okay! What did you do today?,NULL
demo-test-26,1001,19752,2025-05-14 15:25:38.000,2,It seems you didn't write anything. That's okay! What do you want to talk about today? ?,NULL
demo-test-22,1001,19754,2025-05-14 15:25:48.000,2,It seems like you didn't type anything. That's okay! What do you want to talk about today? ?,NULL
demo-test-25,1001,19753,2025-05-14 15:25:48.000,2,It seems like you didn't write anything. No worries! What did you do today? ?,NULL
demo-test-24,1001,19755,2025-05-14 15:25:54.000,2,It looks like you didn't say anything. That's okay! Do you want to talk about your favorite food? ?,NULL
demo-test-27,1001,19756,2025-05-14 15:25:58.000,2,It looks like you didn't write anything. No worries! What do you want to talk about today? ?,NULL
demo-test-31,1001,19757,2025-05-14 15:26:04.000,2,It seems you didn't write anything. That's okay! Can you tell me about your favorite food? ?,NULL
demo-test-32,1001,19758,2025-05-14 15:26:09.000,2,It seems you didn't write anything. That's okay! What did you do today?,NULL
demo-test-34,1001,19759,2025-05-14 15:26:14.000,2,It seems like you didn't write anything. No problem! What did you do today? ?,NULL
demo-test-35,1001,19760,2025-05-14 15:26:19.000,2,It looks like you didn't write anything. That's okay! How about telling me your favorite food? ?,NULL
demo-test-71,1001,19761,2025-05-14 15:26:24.000,2,I see you're quiet! Do you want to talk about your favorite food? ?,NULL
demo-test-37,1001,19764,2025-05-14 15:26:29.000,2,It looks like you didn't write anything. That's okay! Do you want to talk about your favorite food? ?,NULL
demo-test-38,1001,19762,2025-05-14 15:26:29.000,2,It seems you didn't type anything. That's okay! What do you want to talk about today? ?,NULL
demo-test-79,1001,19763,2025-05-14 15:26:29.000,2,It seems you didn't type anything. That's okay! What do you want to talk about today? ?,NULL
demo-test-39,1001,19765,2025-05-14 15:26:39.000,2,I see you didn’t write anything. That's okay! Do you want to talk about your favorite food? ?,NULL
demo-test-84,1001,19766,2025-05-14 15:26:39.000,2,What did you do today? Any fun activities? ?,NULL
demo-test-40,1001,19767,2025-05-14 15:26:44.000,2,It seems like you didn't write anything. That's okay! What did you do today? ?,NULL
demo-test-41,1001,19768,2025-05-14 15:26:44.000,2,It looks like you didn't write anything. No worries! What do you want to talk about today?,NULL
demo-test-42,1001,19769,2025-05-14 15:26:44.000,2,It looks like you didn't say anything! That's okay. What's your favorite food? ?,NULL
demo-test-44,1001,19770,2025-05-14 15:26:44.000,2,It seems you didn't write anything. That's okay! What do you want to talk about today? ?,NULL
demo-test-23,1001,19777,2025-05-14 15:26:49.000,2,"It seems like you didn't type anything. No worries! Just share your thoughts or questions, and we can continue! ?",NULL
demo-test-45,1001,19771,2025-05-14 15:26:49.000,2,It looks like you didn't write anything. That's okay! What do you want to talk about today? ?,NULL
demo-test-46,1001,19775,2025-05-14 15:26:49.000,2,It seems you didn't write anything. That's okay! What do you want to talk about today? ?,NULL
demo-test-47,1001,19774,2025-05-14 15:26:49.000,2,It seems you didn't type anything. That's okay! What do you want to talk about today? ?,NULL
demo-test-48,1001,19772,2025-05-14 15:26:49.000,2,It looks like you didn't write anything. No worries! What did you do today? ?,NULL
demo-test-49,1001,19776,2025-05-14 15:26:49.000,2,It looks like you didn't write anything. No problem! What do you want to talk about today? ?,NULL
demo-test-50,1001,19773,2025-05-14 15:26:49.000,2,It seems you didn't write anything. That's okay! How about telling me your favorite color? ?,NULL
demo-test-51,1001,19779,2025-05-14 15:26:54.000,2,It seems you didn't type anything. That's okay! What do you want to talk about today? ?,NULL
demo-test-55,1001,19778,2025-05-14 15:26:54.000,2,It looks like you didn't write anything. That's okay! What did you do today?,NULL
demo-test-28,1001,19780,2025-05-14 15:26:59.000,2,It seems you didn't answer. No problem! Let me ask you another question. What is your favorite food?,NULL
demo-test-56,1001,19781,2025-05-14 15:26:59.000,2,It seems like you didn't write anything. That's okay! What do you want to talk about today? ?,NULL
demo-test-57,1001,19782,2025-05-14 15:26:59.000,3,"No worries! If you want to share, what is your favorite food? ?",NULL
demo-test-60,1001,19783,2025-05-14 15:26:59.000,2,It looks like you didn't write anything. That's okay! What do you want to talk about today? ?,NULL
demo-test-30,1001,19787,2025-05-14 15:27:04.000,2,It looks like you didn't type anything. No worries! What did you do today? Let's talk about it! ?,NULL
demo-test-58,1001,19784,2025-05-14 15:27:04.000,2,It seems you didn't type anything. No problem! What did you do today?,NULL
demo-test-63,1001,19785,2025-05-14 15:27:04.000,2,It looks like you didn't write anything. That's okay! Can you tell me about your favorite food? ?,NULL
demo-test-67,1001,19788,2025-05-14 15:27:04.000,2,It looks like you didn't write anything. That's okay! What did you do today? ?,NULL
demo-test-73,1001,19786,2025-05-14 15:27:04.000,2,It looks like you didn't write anything! That's okay. Can you tell me about your favorite food? ?,NULL
demo-test-36,1001,19793,2025-05-14 15:27:09.000,2,It seems you didn't write anything. No problem! You can tell me about your day or ask me a question. What would you like to share?,NULL
demo-test-64,1001,19794,2025-05-14 15:27:09.000,2,It looks like you didn't write anything! That's okay! Do you want to tell me about your favorite food? ?,NULL
demo-test-66,1001,19789,2025-05-14 15:27:09.000,2,It looks like you didn't type anything. No problem! What did you do today?,NULL
demo-test-68,1001,19791,2025-05-14 15:27:09.000,2,It seems you didn't type anything. That's okay! What did you do today?,NULL
demo-test-69,1001,19792,2025-05-14 15:27:09.000,2,It seems like you didn't say anything. No problem! You can share what you did today or ask me a question! ?,NULL
demo-test-72,1001,19790,2025-05-14 15:27:09.000,2,It looks like you didn't write anything. No problem! What did you do today?,NULL
demo-test-70,1001,19795,2025-05-14 15:27:10.000,2,It looks like you didn't write anything. That's okay! What do you want to learn or talk about today? ?,NULL
demo-test-62,1001,19797,2025-05-14 15:27:14.000,2,It seems you didn't write anything. That's okay! What do you want to talk about today? ?,NULL
demo-test-74,1001,19796,2025-05-14 15:27:14.000,2,It seems you didn't type anything. That's okay! What did you do today?,NULL
demo-test-75,1001,19799,2025-05-14 15:27:14.000,2,I see you didn't write anything. That's okay! What do you want to learn today? ?,NULL
demo-test-78,1001,19798,2025-05-14 15:27:14.000,2,I see you didn't write anything. That's okay! Would you like to talk about your favorite food? ?,NULL
demo-test-33,1001,19803,2025-05-14 15:27:19.000,2,It looks like you didn't write anything. That's okay! You can share anything. What is your favorite food? ?,NULL
demo-test-43,1001,19805,2025-05-14 15:27:19.000,2,It seems you didn't answer. No problem! Let's try again. What is your favorite food? ?,NULL
demo-test-65,1001,19801,2025-05-14 15:27:19.000,2,It looks like you didn't type anything. No problem! Can you tell me about your favorite food?,NULL
demo-test-77,1001,19802,2025-05-14 15:27:19.000,2,It looks like you didn't write anything. No worries! What do you want to learn or talk about today? ?,NULL
demo-test-81,1001,19804,2025-05-14 15:27:19.000,2,It looks like you didn't write anything. That's okay! What do you want to talk about today? ?,NULL
demo-test-83,1001,19800,2025-05-14 15:27:19.000,2,It seems you didn't write anything. That's okay! What did you do today?,NULL
demo-test-54,1001,19806,2025-05-14 15:27:24.000,2,It seems you didn't write anything. That's okay! You can tell me about your favorite food. What is it?,NULL
demo-test-59,1001,19807,2025-05-14 15:27:24.000,2,It seems like you didn't write anything. No worries! Just tell me about your favorite food. What do you like to eat?,NULL
demo-test-52,1001,19809,2025-05-14 15:27:30.000,3,"It looks like you didn't respond again. That's okay! Let's try something fun. If you could be any animal, what animal would you be? ??",NULL
demo-test-53,1001,19811,2025-05-14 15:27:30.000,10,I see you might be thinking! No problem! ? \n\nLet’s talk about food! What is your favorite food? Do you like spicy food or sweet food? ??,NULL
demo-test-61,1001,19808,2025-05-14 15:27:30.000,2,It seems like you didn't write anything. No problem! Just tell me how your day was. What did you eat or do? ?️?,NULL
demo-test-76,1001,19810,2025-05-14 15:27:30.000,2,It seems like you didn't write anything. That's okay! What do you want to talk about? Maybe your favorite food? ?,NULL
demo-test-5,1001,19812,2025-05-14 15:27:34.000,3,"No problem! If you want, you can tell me about your favorite color. What is it?",NULL
demo-test-1,1001,19814,2025-05-14 15:27:35.000,4,It seems you're a bit shy! That's okay. How about this: What do you like to do on weekends? ?,NULL
demo-test-53,1001,19813,2025-05-14 15:27:35.000,10,"Great! ? What kind of movies do you like? Do you prefer action, comedy, or maybe romance? ?",oke
demo-test-53,1001,19815,2025-05-14 15:28:34.000,11,No? That's okay! What do you enjoy doing in your free time? ?,no
demo-test-51,1001,19816,2025-05-14 15:29:12.000,3,No worries! Let's start with something fun. What's your favorite food? ?,NULL
demo-test-53,1001,19817,2025-05-14 15:29:25.000,12,It seems like you typed a letter. Could you tell me more about your hobbies or interests? ?,g
demo-test-1,1024,19818,2025-05-14 15:30:37.000,5,Hey there! What’s your favorite topic to discuss? I’d love to know so I can tailor our chats better. Your answer will help improve our future interactions!,NULL
demo-test-1,1001,19819,2025-05-14 15:32:53.000,6,"That's alright! If you're not sure, how about sharing your favorite animal? ??",NULL
demo-test-5,1001,19820,2025-05-14 15:33:06.000,4,That's okay! How about this: What's your favorite animal?,NULL
demo-test-2,1001,19822,2025-05-14 15:33:37.000,3,"It seems you're quiet today! That's okay! Let’s try something fun. If you could be any animal, what animal would you be?",NULL
demo-test-3,1001,19821,2025-05-14 15:33:37.000,3,"No worries! If you don't want to share, how about this: What is your favorite color?",NULL
demo-test-6,1001,19823,2025-05-14 15:33:42.000,3,"No worries! If you want, you can tell me about your favorite food. What do you like to eat? ??",NULL
demo-test-7,1001,19824,2025-05-14 15:33:48.000,3,"No worries! If you could choose one food to eat every day, what would it be? ?",NULL
demo-test-4,1001,19825,2025-05-14 15:33:52.000,3,"No worries! If you could choose any animal as a pet, what would it be? ??",NULL
demo-test-18,1001,19826,2025-05-14 15:33:52.000,3,Are you thinking about your favorite food? Maybe pizza or sushi? ?,NULL
demo-test-10,1001,19828,2025-05-14 15:33:58.000,3,No problem! Let's try something fun. What's your favorite animal? ?,NULL
demo-test-53,1001,19827,2025-05-14 15:33:58.000,13,It looks like you're testing! ? What do you want to learn or practice today? Let's have fun! ?,test
demo-test-13,1001,19829,2025-05-14 15:34:09.000,3,No worries! Let’s try again! ? What is your favorite color?,NULL
demo-test-8,1001,19831,2025-05-14 15:34:23.000,3,"No worries! If you don't want to talk, that's fine. How about sharing your favorite hobby? ?",NULL
demo-test-27,1001,19830,2025-05-14 15:34:23.000,3,I see you're quiet today! How about telling me your favorite food? ?,NULL
demo-test-12,1001,19832,2025-05-14 15:34:29.000,3,No worries! Let's try again! What is your favorite color? ?,NULL
demo-test-29,1001,19833,2025-05-14 15:34:29.000,3,Did you have a good breakfast today? What did you eat? ??,NULL
demo-test-16,1001,19834,2025-05-14 15:34:33.000,3,No worries! How about we talk about your favorite food? What's your favorite food? ??,NULL
demo-test-17,1001,19835,2025-05-14 15:34:53.000,3,No worries! Let's have some fun! What's your favorite food? ?,NULL
demo-test-20,1001,19836,2025-05-14 15:34:54.000,3,No worries! We can talk about anything. Do you have a favorite food? ?,NULL
demo-test-11,1001,19837,2025-05-14 15:34:59.000,3,"No worries! If you don't want to talk about food, how about your favorite hobby? What do you like to do in your free time? ?",NULL
demo-test-22,1001,19838,2025-05-14 15:35:09.000,3,"No worries! If you're not sure, how about telling me your favorite food? ?",NULL
demo-test-85,1001,19839,2025-05-14 15:35:19.000,2,What do you like to do in your free time?,NULL
demo-test-86,1001,19840,2025-05-14 15:35:19.000,2,What did you do today?,NULL
demo-test-21,1001,19841,2025-05-14 15:35:24.000,3,I see you're quiet! No problem! Do you have a favorite food? ?,NULL
demo-test-23,1001,19842,2025-05-14 15:35:29.000,3,I see you’re quiet today! Maybe you can tell me about your favorite food? What do you like to eat? ??,NULL
demo-test-47,1001,19843,2025-05-14 15:35:34.000,3,No worries! How about telling me your favorite food? ??,NULL
demo-test-26,1001,19844,2025-05-14 15:35:39.000,3,No worries! Let’s start with something fun. What is your favorite food? ??,NULL
demo-test-24,1001,19845,2025-05-14 15:35:44.000,3,No problem! Let's try again. What is your favorite color? ?,NULL
demo-test-14,1001,19846,2025-05-14 15:35:49.000,3,"No worries! Sometimes we have quiet days. If you could do anything fun this weekend, what would it be? ?",NULL
demo-test-31,1001,19847,2025-05-14 15:36:05.000,3,No problem! Let's try again. What is your favorite animal? ?,NULL
demo-test-9,1001,19848,2025-05-14 15:36:09.000,3,"No worries! If you want to share, I'm here. What's your favorite food? ?",NULL
demo-test-15,1001,19849,2025-05-14 15:36:09.000,3,No answer again? That's fine! Let's try this: What is your favorite animal?,NULL
demo-test-19,1001,19851,2025-05-14 15:36:14.000,3,"No worries! If you want, you can tell me about your favorite food. What do you like to eat? ??",NULL
demo-test-32,1001,19850,2025-05-14 15:36:14.000,3,No worries! Sometimes it's hard to find words. Can you tell me about your favorite food? ?,NULL
demo-test-38,1001,19853,2025-05-14 15:36:21.000,3,No worries! Let's try again. What's your favorite food? ?,NULL
demo-test-39,1001,19852,2025-05-14 15:36:21.000,3,No worries! How about your favorite color? What color do you like? ?,NULL
demo-test-41,1001,19854,2025-05-14 15:36:31.000,3,I see you're quiet today! How about we talk about your favorite food? What's your favorite dish?,NULL
demo-test-34,1001,19855,2025-05-14 15:36:36.000,3,I see you're quiet today! That's okay. Do you have a favorite hobby? ?,NULL
demo-test-37,1001,19857,2025-05-14 15:36:36.000,3,No problem! Let's try something fun. What's your favorite animal? ?,NULL
demo-test-46,1001,19856,2025-05-14 15:36:36.000,3,No worries! Let's try again. What's your favorite food? ?,NULL
demo-test-45,1001,19860,2025-05-14 15:36:41.000,3,No worries! How about telling me your favorite food? I love hearing about food! ??,NULL
demo-test-48,1001,19859,2025-05-14 15:36:41.000,3,I see you're quiet! That's okay. Do you have a favorite food? ??,NULL
demo-test-95,1001,19858,2025-05-14 15:36:41.000,2,What did you do today? Any fun activities?,NULL
demo-test-25,1001,19861,2025-05-14 15:36:46.000,3,That's okay! Sometimes we have quiet days. How about your favorite food? What do you like to eat? ??,NULL
demo-test-97,1001,19862,2025-05-14 15:36:46.000,2,I see you're quiet today! Do you want to talk about your favorite hobby? ?,NULL
demo-test-49,1001,19863,2025-05-14 15:36:51.000,3,I see you're quiet today! How about we talk about your favorite food? What's your favorite dish? ?️,NULL
demo-test-44,1001,19865,2025-05-14 15:36:56.000,3,No worries! Let's start with something simple. What is your favorite food? ?,NULL
demo-test-50,1001,19864,2025-05-14 15:36:56.000,3,I see you are quiet today! No problem! Can you tell me about your favorite food? ?,NULL
demo-test-28,1001,19866,2025-05-14 15:37:01.000,3,I see you didn't answer again! That's okay! Let's try something different. What is your favorite color?,NULL
demo-test-30,1001,19868,2025-05-14 15:37:01.000,3,I see you didn't write anything again. That's okay! How about this: What is your favorite food? ?,NULL
demo-test-56,1001,19867,2025-05-14 15:37:01.000,3,No worries! Let's try again. What is your favorite food? ?,NULL
demo-test-57,1001,19869,2025-05-14 15:37:01.000,4,That's fine! Let's try this: What is your favorite color? ?,NULL
demo-test-64,1001,19870,2025-05-14 15:37:02.000,3,"No worries! If you don't want to share, how about telling me your favorite color? ?",NULL
demo-test-33,1001,19871,2025-05-14 15:37:06.000,3,No problem! Sometimes it's hard to think. Let's try again! What do you like to do in your free time? ??,NULL
demo-test-62,1001,19872,2025-05-14 15:37:06.000,3,No worries! Let's try again. What's your favorite food? ?,NULL
demo-test-58,1001,19873,2025-05-14 15:37:07.000,3,I see you didn't answer. That's okay! How about sharing your favorite food? ?,NULL
demo-test-71,1001,19874,2025-05-14 15:37:11.000,3,No worries! How about your favorite color? What is it? ?,NULL
demo-test-72,1001,19875,2025-05-14 15:37:11.000,3,I see you didn't write again! That's okay! Can you tell me your favorite food?,NULL
demo-test-66,1001,19876,2025-05-14 15:37:12.000,3,It seems you didn't share anything again. That's okay! Can you tell me your favorite food?,NULL
demo-test-74,1001,19877,2025-05-14 15:37:16.000,3,"No worries! If you want to share, what is your favorite food? ?",NULL
demo-test-76,1001,19879,2025-05-14 15:37:17.000,3,No problem! Let's try again. What's your favorite color? ?,NULL
demo-test-78,1001,19878,2025-05-14 15:37:17.000,3,No worries! How about your favorite animal? Do you like cats or dogs? ??,NULL
demo-test-79,1001,19882,2025-05-14 15:37:22.000,3,I see you're quiet today! How about sharing your favorite food? What do you like to eat? ??,NULL
demo-test-80,1001,19881,2025-05-14 15:37:22.000,3,It looks like you didn't answer. No problem! ? Can you tell me about your favorite food?,NULL
demo-test-81,1001,19880,2025-05-14 15:37:22.000,3,No worries! Let's have some fun! What's your favorite food? ?,NULL
demo-test-82,1001,19884,2025-05-14 15:37:22.000,3,It seems you didn't answer. That's okay! Do you like to watch movies or read books? ??,NULL
demo-test-88,1001,19883,2025-05-14 15:37:22.000,2,It looks like you didn't write anything. No worries! What do you want to learn today?,NULL
demo-test-35,1001,19887,2025-05-14 15:37:27.000,3,"No worries! If you don’t want to share, let’s play a game! What’s your favorite animal? ?",NULL
demo-test-42,1001,19886,2025-05-14 15:37:27.000,3,"No worries! How about this: If you could eat one food every day, what would it be? ?",NULL
demo-test-43,1001,19885,2025-05-14 15:37:27.000,3,"That's okay! If you don't want to share, how about this: What is your favorite color? ?",NULL
demo-test-84,1001,19891,2025-05-14 15:37:27.000,3,I see you didn't write anything. No problem! Would you like to share about your favorite hobby? ?️,NULL
demo-test-87,1001,19890,2025-05-14 15:37:27.000,2,I see you're quiet today! Is everything okay? Or do you want to share something fun? ?,NULL
demo-test-89,1001,19889,2025-05-14 15:37:27.000,2,It looks like you didn't say anything. That's okay! What do you want to learn today? ?,NULL
demo-test-91,1001,19888,2025-05-14 15:37:27.000,2,It seems you didn't write anything. No problem! What do you want to talk about today? ?,NULL
demo-test-93,1001,19895,2025-05-14 15:37:32.000,2,It looks like you didn't type anything. That's okay! What's something fun you did recently? ?,NULL
demo-test-94,1001,19893,2025-05-14 15:37:32.000,2,It seems you didn't write anything. That's okay! Can you tell me about your favorite food?,NULL
demo-test-99,1001,19892,2025-05-14 15:37:32.000,2,I see you're quiet! No worries! What is your favorite food? ?,NULL
demo-test-100,1001,19894,2025-05-14 15:37:32.000,2,It seems like you didn't write anything. No worries! What did you do today?,NULL
demo-test-40,1001,19896,2025-05-14 15:37:37.000,3,"No worries! Sometimes we have quiet days. If you could do anything fun this weekend, what would you choose? ?",NULL
demo-test-52,1001,19898,2025-05-14 15:37:37.000,4,I see you’re a bit quiet today! That's perfectly fine. How about this: What's your favorite color? ?,NULL
demo-test-53,1001,19899,2025-05-14 15:37:37.000,13,"That's alright! If you're not sure, how about telling me your favorite food? What do you like to eat? ??",NULL
demo-test-90,1001,19900,2025-05-14 15:37:37.000,2,I see you're quiet! No problem! What's your favorite food? ?,NULL
demo-test-92,1001,19897,2025-05-14 15:37:37.000,2,It seems you didn't write anything. That's okay! Do you want to talk about your favorite food? ?,NULL
demo-test-51,1001,19903,2025-05-14 15:37:42.000,4,It looks like you didn’t answer. That’s okay! How about I ask you a different question? What is your favorite color? ?,NULL
demo-test-54,1001,19902,2025-05-14 15:37:42.000,3,"No worries! If you don't want to talk about food, how about your favorite movie? What movie do you like?",NULL
demo-test-55,1001,19901,2025-05-14 15:37:42.000,3,"No worries! If you want, you can tell me about your favorite food. What is it? ??",NULL
demo-test-60,1001,19904,2025-05-14 15:37:42.000,3,No worries! Let's have some fun. Do you like animals? What's your favorite animal? ??,NULL
demo-test-63,1001,19905,2025-05-14 15:37:42.000,3,"No worries! If you don't want to share, how about asking me a question? What do you want to know? ?",NULL
demo-test-36,1001,19909,2025-05-14 15:37:47.000,3,I see you might be thinking! That's okay. Let's try this: What's your favorite food? Why do you like it?,NULL
demo-test-61,1001,19907,2025-05-14 15:37:47.000,3,"That's okay! If you want, you can just say ""hello"" or tell me your favorite color. What's your favorite color? ?",NULL
demo-test-68,1001,19906,2025-05-14 15:37:47.000,3,"No worries! If you want, you can tell me about your favorite food. What do you like to eat? ??",NULL
demo-test-69,1001,19910,2025-05-14 15:37:47.000,3,"That's okay! If you want, we can practice some English together. How about telling me your favorite food? ?",NULL
demo-test-70,1001,19908,2025-05-14 15:37:47.000,3,"No worries! If you're not sure, how about we talk about your favorite food? What is it? ??",NULL
demo-test-75,1001,19911,2025-05-14 15:37:47.000,3,No worries! Sometimes it's hard to think of something. How about we talk about your favorite food? What's your favorite dish? ?️,NULL
demo-test-67,1001,19915,2025-05-14 15:37:52.000,3,"No worries! Sometimes we have quiet days. If you could go anywhere in the world, where would you go? ?✨",NULL
demo-test-73,1001,19914,2025-05-14 15:37:52.000,3,"No worries! If you want, you can tell me about your favorite animal. Do you like cats or dogs more? ??",NULL
demo-test-77,1001,19913,2025-05-14 15:37:52.000,3,I see you’re quiet today! That's okay. Do you have a favorite animal? Tell me about it! ??,NULL
demo-test-83,1001,19912,2025-05-14 15:37:52.000,3,No worries! Sometimes it's hard to think of something. Let's try this: What's your favorite food? ?,NULL
demo-test-96,1001,19916,2025-05-14 15:37:52.000,2,It seems you didn't type anything. That's okay! Let's try again. What is your favorite food? ?,NULL
demo-test-59,1001,19918,2025-05-14 15:37:57.000,3,I see you didn't answer again! That's okay! Let's try this: What is your favorite color? Why do you like it?,NULL
demo-test-65,1001,19917,2025-05-14 15:37:57.000,3,I see you're quiet today! That's okay. Let's try again! What's your favorite animal? Why do you like it?,NULL
demo-test-98,1001,19919,2025-05-14 15:37:57.000,2,I see you didn’t write anything. No problem! You can tell me about your favorite food. What do you like to eat?,NULL
demo-test-1,1001,19920,2025-05-14 15:41:41.000,7,No problem! Let's keep it simple. What is your favorite movie? ?,NULL
demo-test-4,1001,19921,2025-05-14 15:41:55.000,4,That's alright! Let's try this: What's your favorite food? ??,NULL
demo-test-6,1001,19922,2025-05-14 15:41:56.000,4,That's alright! How about this: What's your favorite color? ?,NULL
demo-test-7,1001,19923,2025-05-14 15:42:01.000,4,"That's alright! If you could visit any country, which one would you choose and why? ?✨",NULL
demo-test-18,1001,19924,2025-05-14 15:42:36.000,4,No worries! How about your favorite color? ?,NULL
demo-test-2,1001,19925,2025-05-14 15:42:46.000,4,"No worries! If you're thinking, that's great! Let's play a little game. Can you tell me three things you like?",NULL
demo-test-8,1001,19926,2025-05-14 15:43:07.000,4,"That's alright! If you prefer, we can play a fun word game. Would you like to try that? ?",NULL
demo-test-14,1001,19927,2025-05-14 15:43:12.000,4,"That's alright! If you could travel anywhere in the world, where would you like to go? ?✈️",NULL
demo-test-29,1001,19928,2025-05-14 15:43:17.000,4,What is your favorite food? Why do you like it? ??,NULL
demo-test-3,1001,19929,2025-05-14 15:43:37.000,4,"That's alright! If you're not sure, let's try this: Do you like animals? What's your favorite animal?",NULL
demo-test-9,1001,19930,2025-05-14 15:43:57.000,4,That's alright! We can talk about something else. Do you like watching movies? What is your favorite movie? ?,NULL
demo-test-5,1024,19931,2025-05-14 15:44:28.000,5,"Sure! What hobby are you currently enjoying? I'm curious to know more about your interests, and it’ll help improve our chats!",NULL
demo-test-21,1001,19932,2025-05-14 15:44:32.000,4,That's alright! Let's try again! What's your favorite color? ?,NULL
demo-test-12,1001,19933,2025-05-14 15:44:43.000,4,It looks like you didn't respond again! That's okay! How about this: Can you tell me about your favorite animal? ?,NULL
demo-test-10,1001,19934,2025-05-14 15:44:48.000,4,"That's alright! How about this: if you could be any animal, which one would you choose? ?",NULL
demo-test-22,1001,19935,2025-05-14 15:45:09.000,4,I see you didn't type anything again! That's alright! Maybe you can tell me about your favorite animal? ?,NULL
demo-test-13,1001,19937,2025-05-14 15:45:18.000,4,It seems you didn't answer again! That's alright! ? How about this: What do you like to do on the weekend?,NULL
demo-test-15,1001,19936,2025-05-14 15:45:18.000,4,It's okay if you're thinking! Take your time. How about this: What do you like to do on weekends?,NULL
demo-test-31,1001,19938,2025-05-14 15:45:38.000,4,"That's alright! If you could be any animal, which one would you choose and why? ?",NULL
demo-test-24,1001,19939,2025-05-14 15:46:03.000,4,"That's alright! If you could have any pet, what would it be? ??",NULL
demo-test-19,1001,19941,2025-05-14 15:46:19.000,4,"That's alright! If you're shy, you can share just one food. What's one food you really enjoy? ?",NULL
demo-test-20,1001,19940,2025-05-14 15:46:19.000,4,I see you didn't answer. That's alright! How about your favorite color? What is it? ?,NULL
demo-test-27,1001,19942,2025-05-14 15:46:24.000,4,It seems you’re still thinking! No problem! What is your favorite color? ?,NULL
demo-test-39,1001,19943,2025-05-14 15:46:24.000,4,That's alright! Let's try again. What do you like to do on weekends? ?,NULL
demo-test-87,1001,19944,2025-05-14 15:46:29.000,3,It seems like you're thinking! Do you want to talk about your favorite food? ??,NULL
demo-test-88,1001,19945,2025-05-14 15:46:29.000,3,I see you’re quiet today! How about telling me your favorite food? ?,NULL
demo-test-11,1001,19946,2025-05-14 15:46:49.000,4,"That's alright! If you're feeling shy, you could say, ""I like to watch movies."" What kind of movies do you enjoy? ?",NULL
demo-test-86,1001,19947,2025-05-14 15:46:54.000,3,Did you have fun? Tell me about it! ?,NULL
demo-test-99,1001,19948,2025-05-14 15:46:59.000,3,I love food too! What's your favorite drink? ?,NULL
demo-test-48,1001,19949,2025-05-14 15:47:04.000,4,That's alright! How about this: What is your favorite color? ??,NULL
demo-test-47,1001,19950,2025-05-14 15:47:14.000,4,I see you're quiet! That's alright. Can you tell me about your favorite color? ?,NULL
demo-test-53,1001,19951,2025-05-14 15:47:19.000,14,It seems you didn't write anything. No worries! Just tell me your favorite food when you're ready! ?,NULL
demo-test-25,1001,19952,2025-05-14 15:47:30.000,4,"No problem! If you could eat anything right now, what would it be? Let's imagine together! ?",NULL
demo-test-34,1001,19953,2025-05-14 15:47:35.000,4,It looks like you're thinking! No worries. What is your favorite food? ?,NULL
demo-test-58,1001,19954,2025-05-14 15:47:45.000,4,I noticed you didn't respond. That's alright! What is your favorite animal? ?,NULL
demo-test-50,1001,19955,2025-05-14 15:48:25.000,4,That's alright! How about this: What's your favorite animal? ??,NULL
demo-test-16,1001,19956,2025-05-14 15:48:30.000,4,I see you didn't answer. That's fine! Let's try something else. Do you like animals? What's your favorite animal? ??,NULL
demo-test-30,1001,19957,2025-05-14 15:48:35.000,4,I noticed you didn't reply. That's alright! Let's try this: What is your favorite color? ?,NULL
demo-test-67,1001,19958,2025-05-14 15:48:35.000,4,That's alright! Let's try again. What is your favorite food? ??,NULL
demo-test-55,1001,19959,2025-05-14 15:48:40.000,4,That's alright! How about we talk about animals? Do you have a favorite animal? ??,NULL
demo-test-68,1001,19960,2025-05-14 15:48:40.000,4,That's alright! How about this: What's your favorite color? ?,NULL
demo-test-70,1001,19961,2025-05-14 15:48:40.000,4,That's alright! How about this: What is your favorite color? ?,NULL
demo-test-71,1001,19962,2025-05-14 15:48:40.000,4,It seems you're still thinking! How about this: What do you like to do on weekends? ?,NULL
demo-test-74,1001,19963,2025-05-14 15:48:45.000,4,"That's alright! If you could travel anywhere, where would you go? ?✈️",NULL
demo-test-78,1001,19964,2025-05-14 15:48:50.000,4,That's alright! Let's try this: What is your favorite color? ?,NULL
demo-test-32,1001,19966,2025-05-14 15:48:55.000,4,"That's alright! Let's try something fun. If you could have any pet, what would it be? ??",NULL
demo-test-37,1001,19965,2025-05-14 15:48:55.000,4,"That's okay! How about this: If you could have any pet, what would it be? ?",NULL
demo-test-35,1001,19967,2025-05-14 15:49:05.000,4,"That's fine! If you want, we can talk about hobbies. What do you like to do in your free time? ?",NULL
demo-test-82,1001,19969,2025-05-14 15:49:05.000,4,No worries! How about this: What's your favorite food? ??,NULL
demo-test-84,1001,19968,2025-05-14 15:49:05.000,4,That's okay! Let's try something different. What is your favorite food? ?,NULL
demo-test-38,1001,19970,2025-05-14 15:49:10.000,4,I see you didn't answer. That's alright! How about this: What do you like to do in your free time? ?,NULL
demo-test-91,1001,19971,2025-05-14 15:49:10.000,3,That's okay! Let's start with something simple. What's your favorite food? ?,NULL
demo-test-90,1001,19972,2025-05-14 15:49:11.000,3,It looks like you're thinking! That's okay! Do you like to cook? ?,NULL
demo-test-93,1001,19973,2025-05-14 15:49:16.000,3,No worries! Let's try again. What is your favorite food? ?,NULL
demo-test-92,1001,19974,2025-05-14 15:49:21.000,3,No worries! Let’s try something fun. What animal do you like the most? ?,NULL
demo-test-41,1001,19975,2025-05-14 15:49:25.000,4,"That's okay! If you don't want to talk about food, how about your favorite movie? Do you have one?",NULL
demo-test-40,1001,19976,2025-05-14 15:49:26.000,4,"It looks like you're thinking! That's great. If you could travel anywhere in the world, where would you like to go? ?✈️",NULL
demo-test-44,1001,19977,2025-05-14 15:49:30.000,4,It looks like you didn't answer. That's fine! How about this: What do you like to do in your free time? ?,NULL
demo-test-42,1001,19978,2025-05-14 15:49:31.000,4,"I see you're thinking! That's great! If you could travel anywhere in the world, where would you go? ✈️?",NULL
demo-test-95,1001,19979,2025-05-14 15:49:31.000,3,I see you're thinking! Take your time. ? What is your favorite activity?,NULL
demo-test-97,1001,19980,2025-05-14 15:49:36.000,3,No problem! How about we talk about your favorite food? What's your favorite dish? ?,NULL
demo-test-54,1001,19981,2025-05-14 15:50:31.000,4,That's alright! Let's try something different. Do you have a favorite animal? What animal do you like the most?,NULL
demo-test-26,1001,19982,2025-05-14 15:50:41.000,4,"I see you're quiet! That's alright. How about this: If you could have any pet, what would it be? ??",NULL
demo-test-56,1001,19983,2025-05-14 15:52:02.000,4,I see you didn’t answer. That’s alright! How about this: What do you like to do in your free time? ?,NULL
demo-test-85,1001,19984,2025-05-14 15:52:22.000,3,Do you enjoy reading books or watching movies? ??,NULL
demo-test-86,1001,19985,2025-05-14 15:52:33.000,4,What is your favorite activity to do on weekends?,NULL
demo-test-61,1001,19986,2025-05-14 15:53:08.000,4,It looks like you're thinking! No worries. You can also ask me anything. Do you have a favorite animal? ??,NULL
demo-test-17,1001,19987,2025-05-14 15:53:13.000,4,"It looks like you're quiet today! That's okay! How about this: if you could travel anywhere, where would you go? ✈️",NULL
demo-test-62,1001,19988,2025-05-14 15:53:23.000,4,I see you didn't answer. That's alright! How about this: What do you like to do on weekends? ?,NULL
demo-test-64,1001,19989,2025-05-14 15:53:28.000,4,That's alright! We can talk about something else. Do you like watching movies? What is your favorite movie? ?,NULL
demo-test-51,1024,19990,2025-05-14 15:53:29.000,5,Sure! Let's chat about your daily activities. How do you usually spend your day? Your answer will help me tailor our conversations better! ?,NULL
demo-test-66,1001,19991,2025-05-14 15:53:33.000,4,I see you didn't write anything again. No worries! How about this: What's your favorite color?,NULL
demo-test-57,1024,19992,2025-05-14 15:53:38.000,5,Sure! Let's chat about your daily activities. How do you usually spend your day? Your answer will help enhance our future conversations!,NULL
demo-test-52,1024,19993,2025-05-14 15:53:43.000,5,Sure! Let's chat. What's your favorite topic to discuss? This will help me tailor our conversations better in the future! ?,NULL
demo-test-72,1001,19994,2025-05-14 15:53:44.000,4,It seems like you're quiet today! That's alright! How about this: what is your favorite color?,NULL
demo-test-63,1001,19995,2025-05-14 15:53:53.000,4,It seems you're quiet today! That's alright. Let's try something fun! What's your favorite color? ?,NULL
demo-test-77,1001,19997,2025-05-14 15:53:53.000,4,It seems you're still thinking! That's perfectly fine. How about this: What's your favorite food? ??,NULL
demo-test-80,1001,19996,2025-05-14 15:53:53.000,4,I see you didn't answer again. That's okay! How about this: What is your favorite color? ?,NULL
demo-test-33,1001,20000,2025-05-14 15:53:54.000,4,"That's alright! If you don't want to talk, we can play a game! How about a word game? Can you think of a word that starts with the letter ""B""? ?",NULL
demo-test-73,1001,19999,2025-05-14 15:53:54.000,4,"That's alright! If you’re shy, how about this: What color do you like the most? ?",NULL
demo-test-76,1001,19998,2025-05-14 15:53:54.000,4,It looks like you didn't respond again. That's alright! How about this: What do you like to do on weekends? ?,NULL
demo-test-36,1001,20002,2025-05-14 15:53:59.000,4,"No worries! If you’re not sure, how about this: Do you like pizza? What toppings do you like on your pizza?",NULL
demo-test-75,1001,20003,2025-05-14 15:53:59.000,4,"That's alright! If you can't think of a favorite food, how about this: What do you like to eat for breakfast? ??",NULL
demo-test-79,1001,20001,2025-05-14 15:53:59.000,4,"No worries! If you don’t want to share, let’s play a game! Can you think of a word that starts with the letter ""B""? ?",NULL
demo-test-89,1001,20005,2025-05-14 15:54:03.000,3,No worries! Sometimes we all have quiet days. How about sharing your favorite food? What do you like to eat? ??,NULL
demo-test-94,1001,20004,2025-05-14 15:54:03.000,3,"No worries! If you don't want to talk about food, how about your favorite movie? What is it?",NULL
demo-test-43,1001,20006,2025-05-14 15:54:04.000,4,"No worries! Let's keep it simple. Do you like animals? If yes, what is your favorite animal? ??",NULL
demo-test-45,1001,20008,2025-05-14 15:54:04.000,4,"It seems like you're thinking! Take your time. If you want, you can also ask me a question. What do you want to know? ?",NULL
demo-test-69,1001,20007,2025-05-14 15:54:04.000,4,"No worries! If you're not sure what to say, you can ask me about food or hobbies. What's your favorite hobby? ?",NULL
demo-test-46,1001,20010,2025-05-14 15:54:09.000,4,"I see you didn't answer. That's alright! How about this: If you could travel anywhere, where would you go? ✈️?",NULL
demo-test-98,1001,20009,2025-05-14 15:54:09.000,3,That's okay! How about this: What's your favorite animal? Can you tell me why you like it?,NULL
demo-test-100,1001,20011,2025-05-14 15:54:09.000,3,I see you didn't write again. That's okay! Let's try this: What's your favorite food? ?,NULL
demo-test-49,1001,20012,2025-05-14 15:54:14.000,4,"Still quiet? That's okay! Let’s try something fun! If you could be any animal, which animal would you be? ??",NULL
demo-test-23,1001,20013,2025-05-14 15:54:54.000,4,"That's okay! If you're shy, no problem! How about I share my favorite food? I love pizza! What's your favorite color? ?",NULL
demo-test-91,1001,20014,2025-05-14 15:55:30.000,3,I see you're quiet today! How about telling me your favorite food? ??,NULL
demo-test-59,1001,20016,2025-05-14 15:55:40.000,4,"It looks like you're a bit quiet today! That's fine! How about this: If you could travel anywhere, where would you go?",NULL
demo-test-97,1001,20015,2025-05-14 15:55:40.000,3,It's okay to be quiet sometimes! Maybe you can tell me about your favorite food? ?,NULL
demo-test-28,1001,20017,2025-05-14 15:55:45.000,4,"No answer yet! That's alright! Let's have some fun! If you could be any animal, what animal would you choose? Why?",NULL
demo-test-60,1001,20018,2025-05-14 15:55:50.000,4,"I see you didn’t answer. That’s okay! How about this: if you could have any pet, what would it be? ?",NULL
demo-test-81,1001,20019,2025-05-14 15:55:50.000,4,"I see you didn't answer. That's okay! How about this: if you could have any pet, what would it be? ??",NULL
demo-test-85,1001,20021,2025-05-14 15:55:50.000,3,"It looks like you didn't answer. No problem! If you want to share, I'm here to listen! What do you enjoy doing? ?",NULL
demo-test-96,1001,20020,2025-05-14 15:55:50.000,3,"No worries! If you’re shy, that's okay. How about this: What is your favorite color? ?",NULL
demo-test-65,1001,20022,2025-05-14 15:55:51.000,4,It seems you're still thinking! No worries! How about this: What is your favorite color? Why do you like it?,NULL
demo-test-1,1001,20023,2025-05-14 15:55:56.000,8,"That's okay! If you don't have a favorite movie, how about your favorite song? ?",NULL
demo-test-2,1024,20024,2025-05-14 15:55:56.000,5,What’s your favorite topic to discuss? Is there a subject that excites you? Your answer will help me tailor our chats better!,NULL
demo-test-40,1001,20025,2025-05-14 15:56:01.000,4,It looks like you didn't answer again. That's totally fine! How about telling me your favorite food? ?,NULL
demo-test-4,1024,20026,2025-05-14 15:56:01.000,5,Sure! What’s your favorite topic to discuss? Your answer will help me tailor our future chats! ?,NULL
demo-test-50,1001,20027,2025-05-14 15:56:16.000,4,It looks like you're thinking! That's great! What's your favorite animal? ?,NULL
demo-test-13,1024,20029,2025-05-14 15:56:16.000,5,Hi there! How do you usually spend your day? This helps me understand you better for our chats! ?,NULL
demo-test-14,1024,20028,2025-05-14 15:56:16.000,5,Hi there! What’s your favorite topic to discuss? This will help me tailor our chats better for you! ?,NULL
demo-test-55,1001,20031,2025-05-14 15:56:21.000,4,That's fine! How about we talk about animals? What's your favorite animal and why? ??,NULL
demo-test-12,1024,20030,2025-05-14 15:56:21.000,5,Sure! What hobby have you been enjoying lately? Your answer will help me tailor our chats better!,NULL
demo-test-18,1024,20032,2025-05-14 15:56:21.000,5,Sure! What's your favorite topic to discuss? This helps me understand you better for our future chats! ?,NULL
demo-test-63,1001,20034,2025-05-14 15:56:36.000,4,That's perfectly fine! Let's play a game! Can you think of an animal and describe it in English? ?,NULL
demo-test-22,1024,20033,2025-05-14 15:56:36.000,5,Hi there! What's your favorite hobby lately? Your answer will help me tailor our chats better in the future! ?,NULL
demo-test-64,1001,20035,2025-05-14 15:56:41.000,4,That's alright! Let's try something fun! What's your favorite animal? ??,NULL
demo-test-66,1001,20036,2025-05-14 15:56:41.000,4,I see you didn't write anything. That's alright! What is your favorite color?,NULL
demo-test-19,1024,20037,2025-05-14 15:56:41.000,5,Sure! What hobby have you been enjoying lately? Your answer will help me understand you better for our future chats! ?,NULL
demo-test-67,1001,20039,2025-05-14 15:56:46.000,4,"That's alright! If you could have any pet, what animal would you choose? ??",NULL
demo-test-70,1001,20038,2025-05-14 15:56:46.000,4,That's alright! How about this: Can you tell me your favorite color? ?,NULL
demo-test-25,1001,20040,2025-05-14 15:56:51.000,4,No problem! Let's try again. What is your favorite color? ?,NULL
demo-test-74,1001,20041,2025-05-14 15:56:56.000,4,"That's alright! If you’re not sure, what do you like to do in your free time? ?",NULL
demo-test-30,1001,20044,2025-05-14 15:57:01.000,4,It seems like you're quiet today! That's alright! Can you tell me your favorite color? ?,NULL
demo-test-80,1001,20042,2025-05-14 15:57:01.000,4,That's okay! Let's try again. What's your favorite color? ?,NULL
demo-test-82,1001,20043,2025-05-14 15:57:01.000,4,No problem! Let's try again. What is your favorite food? ??,NULL
demo-test-84,1001,20045,2025-05-14 15:57:06.000,4,That's okay! Let's try again. What is your favorite food? ?,NULL
demo-test-87,1001,20047,2025-05-14 15:57:11.000,4,No problem! How about we talk about your favorite hobby? What do you like to do in your free time? ??,NULL
demo-test-89,1001,20046,2025-05-14 15:57:11.000,3,No worries! Let's start with something simple. What's your favorite food? ?,NULL
demo-test-31,1024,20048,2025-05-14 15:57:12.000,5,Sure! What is your favorite topic to discuss? I’d love to learn more about your interests to improve our chats! ?,NULL
demo-test-35,1001,20051,2025-05-14 15:57:16.000,4,That's alright! Let's try something fun! Can you name three colors? ?,NULL
demo-test-88,1001,20050,2025-05-14 15:57:16.000,4,That's okay! Let's try this: What's your favorite color? ?,NULL
demo-test-92,1001,20049,2025-05-14 15:57:16.000,3,No problem! How about your favorite animal? Do you like cats or dogs? ??,NULL
demo-test-93,1001,20052,2025-05-14 15:57:17.000,3,"No worries! If you want to share, what is your favorite food? ?",NULL
demo-test-90,1001,20053,2025-05-14 15:57:21.000,3,Are you thinking about food? Maybe pizza or sushi? ? What's your favorite?,NULL
demo-test-83,1001,20054,2025-05-14 15:57:27.000,4,"I see you didn't answer again. That's alright! How about this: Do you like animals? If yes, which one is your favorite? ?",NULL
demo-test-5,1001,20055,2025-05-14 15:57:32.000,6,That's alright! Let's try this: What is your favorite movie? Why do you like it?,NULL
demo-test-34,1001,20056,2025-05-14 15:57:32.000,4,"It looks like you're thinking! No rush. If you could travel anywhere, where would you go? ✈️",NULL
demo-test-37,1001,20058,2025-05-14 15:57:32.000,4,"That's alright! How about this: If you could have any pet, what would it be? ?✨",NULL
demo-test-41,1001,20057,2025-05-14 15:57:32.000,4,"That's okay! If you're not sure, how about this: What do you like to eat for breakfast?",NULL
demo-test-3,1024,20059,2025-05-14 15:57:32.000,5,Sure! Let's chat about your daily activities. How do you usually spend your day? Your answer will help me improve our future conversations!,NULL
demo-test-6,1024,20060,2025-05-14 15:57:32.000,5,Sure! Let's chat. What’s your favorite topic to discuss? This will help me tailor our future conversations! ?,NULL
demo-test-8,1024,20063,2025-05-14 15:57:37.000,5,Sure! Let's chat about your learning methods. What study techniques do you find most effective? Your answer will help improve our future conversations!,NULL
demo-test-9,1024,20061,2025-05-14 15:57:37.000,5,Sure! What are your daily activities? How do you usually spend your day? Your answer will help me improve our chats!,NULL
demo-test-10,1024,20064,2025-05-14 15:57:37.000,5,Hi there! What is your favorite topic to discuss? It helps me tailor our conversations. Your answer will improve our future chats!,NULL
demo-test-39,1024,20062,2025-05-14 15:57:37.000,5,Sure! Let’s chat about your daily activities. How do you usually spend your day? Your answer will help me understand you better! ?,NULL
demo-test-43,1001,20067,2025-05-14 15:57:42.000,4,"No worries! Let’s try something fun. If you could have any animal as a pet, what would it be? ?",NULL
demo-test-46,1001,20065,2025-05-14 15:57:42.000,4,It looks like you didn't answer. That's fine! How about this: What is your favorite color? ?,NULL
demo-test-49,1001,20066,2025-05-14 15:57:42.000,4,That's okay! Sometimes it's hard to think of something. How about I ask you: What do you like to do in your free time? ??,NULL
demo-test-47,1024,20068,2025-05-14 15:57:42.000,5,"Sure! So, what is your favorite topic to discuss? This helps me know you better for our future chats! ?",NULL
demo-test-54,1001,20069,2025-05-14 15:57:47.000,4,"That's alright! If you're shy, let's try something easy. What color do you like?",NULL
demo-test-7,1024,20072,2025-05-14 15:57:47.000,5,Sure! Let's chat. What's your favorite topic to discuss? This helps me tailor our conversations to your interests! ?,NULL
demo-test-15,1024,20070,2025-05-14 15:57:47.000,5,Sure! Let's chat about your hobbies. What do you enjoy doing lately? Your answer will help me tailor our future conversations!,NULL
demo-test-48,1024,20071,2025-05-14 15:57:47.000,5,Sure! Let’s chat about your hobbies first. What’s something new you’ve been interested in lately? Your answer will help me tailor our future conversations!,NULL
demo-test-52,1024,20073,2025-05-14 15:57:52.000,5,Sure! Let’s chat about your hobbies. What’s something new you’ve been interested in lately? Your answer will help me improve our future conversations!,NULL
demo-test-57,1024,20074,2025-05-14 15:57:52.000,5,Sure! Let's chat about your daily activities. How do you usually spend your day? Your answer will help me improve our conversations!,NULL
demo-test-53,1001,20075,2025-05-14 15:57:57.000,15,It looks like you're still thinking! That's okay! How about I ask you a fun question? What's your favorite animal? ??,NULL
demo-test-56,1001,20077,2025-05-14 15:57:57.000,4,I see you didn't answer. That's fine! How about asking me a question? What do you want to learn today? ?,NULL
demo-test-58,1001,20076,2025-05-14 15:57:57.000,4,"Looks like you're quiet today! That's fine! If you could travel anywhere, where would you go? ?✈️",NULL
demo-test-60,1001,20080,2025-05-14 15:58:02.000,4,"I see you didn't answer again. That's alright! If you could be any animal, what would you be? ??",NULL
demo-test-20,1024,20078,2025-05-14 15:58:02.000,5,"Sure! As a teacher, I'm curious—what's your favorite topic to discuss? Your answer will help me improve our future conversations!",NULL
demo-test-21,1024,20079,2025-05-14 15:58:02.000,5,Sure! Let's chat! What is your favorite topic to discuss? Your answer helps me improve our future conversations! ?,NULL
demo-test-23,1001,20081,2025-05-14 15:58:07.000,4,It looks like you’re still thinking! That’s okay! How about this: What is your favorite color? ?,NULL
demo-test-62,1001,20082,2025-05-14 15:58:07.000,4,I see you're quiet. That's alright! How about this: What's your favorite color? ?,NULL
demo-test-68,1001,20086,2025-05-14 15:58:12.000,4,"That's alright! If you want to practice, you can tell me about your family. How many people are in your family? ?‍?‍?‍?",NULL
demo-test-72,1001,20085,2025-05-14 15:58:12.000,4,"It seems like you're quiet today! No worries! If you could travel anywhere, where would you go?",NULL
demo-test-73,1001,20083,2025-05-14 15:58:12.000,4,That's alright! Let's try something different. What's your favorite color? Why do you like it? ?,NULL
demo-test-24,1024,20084,2025-05-14 15:58:12.000,5,Sure! Let’s chat about your hobbies. What are you interested in lately? Your answer will help me tailor our conversations better!,NULL
demo-test-75,1001,20087,2025-05-14 15:58:17.000,4,It's okay if you don't want to share! Let's try something else. Do you like animals? What's your favorite animal? ??,NULL
demo-test-27,1024,20088,2025-05-14 15:58:27.000,5,"Hi there! What’s your favorite hobby lately? I'd love to learn more about you, and your answer will help us connect better! ?",NULL
demo-test-77,1001,20091,2025-05-14 15:58:32.000,4,Still thinking? No problem! How about this: What is your favorite food? ??,NULL
demo-test-78,1001,20090,2025-05-14 15:58:32.000,4,"That's alright! Let's try something fun! If you could have any superpower, what would it be? ?‍♂️✨",NULL
demo-test-81,1001,20089,2025-05-14 15:58:32.000,4,It seems you didn't reply again. That's fine! Let me ask you: Do you like to watch movies? ?,NULL
demo-test-29,1024,20092,2025-05-14 15:58:32.000,5,Sure! Let's chat. What is your favorite topic to discuss? Your answer will help me tailor our conversations better in the future!,NULL
demo-test-28,1001,20093,2025-05-14 15:58:37.000,4,"No worries! If you want to share, you can. What do you like to do in your free time?",NULL
demo-test-33,1001,20094,2025-05-14 15:58:38.000,4,That's alright! We can take our time. How about this: What is your favorite color? ?,NULL
demo-test-38,1001,20095,2025-05-14 15:58:42.000,4,I see you're quiet today! That's fine. How about this: What's your favorite color? ?,NULL
demo-test-98,1001,20096,2025-05-14 15:58:47.000,3,That's okay! Let's try something different. Do you have a favorite animal? What animal do you like the most?,NULL
demo-test-94,1001,20097,2025-05-14 15:58:52.000,3,"No worries! If you don’t want to talk about food, how about your favorite movie? What is it?",NULL
demo-test-95,1001,20099,2025-05-14 15:58:57.000,3,It seems you didn't answer. No problem! Let's try again. What is your favorite food? ?,NULL
demo-test-100,1001,20098,2025-05-14 15:58:57.000,3,It looks like you didn't respond again. That's okay! Let's try this: What's your favorite food? ?,NULL
demo-test-45,1001,20100,2025-05-14 15:59:03.000,4,I see you didn't write anything again. That's perfectly fine! How about this: What is your favorite color? ?,NULL
demo-test-69,1001,20101,2025-05-14 15:59:03.000,4,I see you didn't respond. No worries! You can take your time. What is your favorite color? ?,NULL
demo-test-42,1001,20102,2025-05-14 15:59:08.000,4,"Hmm, it seems you're quiet today! That's alright. Can you tell me about your favorite animal? ?",NULL
demo-test-99,1001,20103,2025-05-14 15:59:08.000,4,It seems you're thinking! That's okay! Do you like to watch movies? What is your favorite movie? ?,NULL
demo-test-44,1001,20104,2025-05-14 15:59:12.000,4,"I see you didn't answer. That's fine! How about this: If you could travel anywhere, where would you go? ✈️",NULL
demo-test-11,1001,20105,2025-05-14 15:59:18.000,4,"That's alright! If you want to think, I can ask another question. What's your favorite animal? Do you like cats or dogs? ??",NULL
demo-test-51,1024,20106,2025-05-14 15:59:18.000,5,"Sure! As your teacher, I’d love to know: What’s your favorite topic to discuss? Your answer will help me tailor our future chats! ?",NULL
demo-test-16,1001,20107,2025-05-14 15:59:23.000,4,"I see you're quiet! That's fine. How about this: If you could eat any food right now, what would it be? ?️",NULL
demo-test-17,1001,20108,2025-05-14 15:59:28.000,4,"It looks like you're quiet today! That's fine. How about this: if you could visit any country, which one would you choose? ?✨",NULL
demo-test-59,1001,20109,2025-05-14 15:59:28.000,4,It looks like you're a bit quiet today! That's perfectly fine. How about this: What's your favorite animal? Do you have a pet?,NULL
demo-test-61,1001,20110,2025-05-14 15:59:28.000,4,"No worries! If you're feeling shy, that's totally fine. How about we talk about animals? Do you have a favorite animal? ??",NULL
demo-test-26,1001,20112,2025-05-14 15:59:33.000,4,"I see you didn’t answer. That's alright! How about this: If you could travel anywhere, where would you go? ✈️?",NULL
demo-test-65,1001,20113,2025-05-14 15:59:33.000,4,"That's alright! If you're not sure, how about this: What is your favorite color? Why do you like that color?",NULL
demo-test-71,1001,20111,2025-05-14 15:59:33.000,4,"It's okay! You can take your time. Do you like animals? If yes, which one is your favorite? ?",NULL
demo-test-76,1001,20114,2025-05-14 15:59:33.000,4,"I see you're quiet today! That's fine. How about this: if you could be any animal, what would you be? ?",NULL
demo-test-32,1001,20118,2025-05-14 15:59:38.000,4,"That's alright! If you want, you can say ""My favorite food is..."" and tell me more! What do you like to eat? ?",NULL
demo-test-36,1001,20116,2025-05-14 15:59:38.000,4,"No worries! If you're not sure, let's talk about something else. Do you have a favorite animal? What is it?",NULL
demo-test-83,1001,20117,2025-05-14 15:59:38.000,4,"I see you didn’t answer again. That’s alright! How about this: If you could travel anywhere, where would you go? ✈️",NULL
demo-test-96,1001,20115,2025-05-14 15:59:38.000,3,"No worries! If you want to share something, just type it. ? Do you have a favorite movie? What is it? ?",NULL
demo-test-79,1001,20119,2025-05-14 15:59:39.000,4,"No worries! If you don't want to talk, that's fine. But I have a fun question: If you could be any animal, what would you be? ??",NULL
demo-test-2,1001,20122,2025-05-14 16:50:24.000,6,It looks like you're still thinking! That's perfectly fine! How about this: What is your favorite movie or TV show? Why do you like it?,NULL
demo-test-5,1001,20123,2025-05-14 16:50:24.000,7,"No worries! If you're not sure, you can tell me about your favorite music. What kind of music do you like?",NULL
demo-test-1,1001,20124,2025-05-14 16:50:25.000,9,I see you're quiet again! No worries! Let's try something different. What do you like to eat for breakfast? ?,NULL
demo-test-3,1001,20125,2025-05-14 16:50:29.000,6,"That's okay! If you want, you can tell me about your favorite movie. What movie do you like?",NULL
demo-test-7,1001,20126,2025-05-14 16:50:29.000,6,"That's okay! If you could have any pet, what would it be? ??",NULL
demo-test-4,1001,20127,2025-05-14 16:50:30.000,6,That's okay! Let's keep it simple. What do you like to do on weekends? ?,NULL
demo-test-10,1001,20128,2025-05-14 16:50:30.000,6,"No worries! If you could travel anywhere in the world, where would you go? ?✈️",NULL
demo-test-9,1001,20129,2025-05-14 16:50:34.000,6,It seems you didn't answer again! That's okay. Let's try this: What is your favorite color? ?,NULL
demo-test-6,1001,20131,2025-05-14 16:50:35.000,6,"That's okay! Let's start with something simple. Do you have a pet? If yes, what kind of pet do you have? ??",NULL
demo-test-8,1001,20130,2025-05-14 16:50:35.000,6,"That's okay! If you don't want to share, we can talk about something else. What's your favorite animal? ?",NULL
demo-test-1,1001,20132,2025-05-14 16:53:50.000,10,It's alright! How about we talk about the weather? Do you like sunny days or rainy days? ☀️?️,NULL
demo-test-6,1001,20134,2025-05-14 16:53:56.000,7,"No problem! If you don't have a pet, what animal do you like the most? ??",NULL
demo-test-7,1001,20133,2025-05-14 16:53:56.000,7,"No problem! If you could choose a superpower, what would it be? ?‍♂️✨",NULL
demo-test-10,1001,20135,2025-05-14 16:54:00.000,7,That's okay! Let's try again. What do you like to do in your free time? ??,NULL
demo-test-4,1001,20136,2025-05-14 16:54:05.000,7,"No problem! Let's have some fun. If you could travel anywhere, where would you go? ?✈️",NULL
demo-test-5,1001,20137,2025-05-14 16:54:06.000,8,That's okay! How about this: Do you have a favorite book or story? What is it about?,NULL
demo-test-3,1001,20138,2025-05-14 16:54:10.000,7,"No problem! If you want to keep it simple, how about this: What is your favorite hobby?",NULL
demo-test-2,1001,20139,2025-05-14 16:54:11.000,7,"It seems you're taking your time! No rush at all! Let’s switch gears a bit. If you could travel anywhere, where would you go?",NULL
demo-test-8,1001,20140,2025-05-14 16:54:27.000,7,"No problem! If you're feeling quiet, that's totally fine. How about I ask you a fun question? What's your favorite movie? ?",NULL
demo-test-9,1001,20141,2025-05-14 16:54:32.000,7,"No answer yet! That's perfectly fine. How about this: Do you have a pet? If yes, what kind of pet do you have? ??",NULL
demo-test-1,1001,20143,2025-05-14 17:17:35.000,11,"I'm great, thank you! How about you? What did you do today? ?",how are you today?
demo-test-1,1001,20144,2025-05-14 17:20:38.000,12,"I'm doing well, thanks! What about you? Did you do something fun today? ?",how are you today?
demo-test-1,1001,20145,2025-05-14 17:27:28.000,13,"I'm good, thank you! How are you? Did you learn something new today? ?",how are you today?
demo-test-1,1001,20148,2025-05-14 18:26:13.000,14,I'm happy to be here! How are you? What is something you enjoy doing? ?,how are you today?
demo-test-1,1001,20149,2025-05-14 18:26:49.000,15,"I'm feeling great, thank you! How about you? What is your favorite thing to do in your free time? ?",how are you today?
demo-test-1,1001,20154,2025-05-14 22:14:20.000,16,"It looks like you might be thinking! That's okay. If you want, you can tell me about your favorite hobby! ?",NULL
demo-test-2,1001,20155,2025-05-14 22:14:27.000,8,"That's okay! If you're not sure, let’s try this: What do you like to do in your free time? Any hobbies or activities?",NULL
demo-test-24,1001,20156,2025-05-14 22:14:29.000,6,"That's okay! If you could travel anywhere in the world, where would you go? ?✈️",NULL
demo-test-3,1001,20157,2025-05-14 22:14:30.000,8,That's alright! Let's try something different. Can you tell me about a place you would like to visit?,NULL
demo-test-4,1001,20158,2025-05-14 22:14:30.000,8,That's okay! How about this: What's your favorite color? ?,NULL
demo-test-51,1001,20159,2025-05-14 22:14:31.000,6,It looks like you didn't write anything! No worries! Can you tell me about your favorite food? ?,NULL
demo-test-47,1001,20160,2025-05-14 22:14:32.000,6,It looks like you didn't write anything again! That's okay! How about this: What's your favorite animal? ??,NULL
demo-test-57,1001,20161,2025-05-14 22:14:32.000,6,I see you didn't write anything. That's okay! How about I ask you a fun question? What's your favorite food? Why do you like it?,NULL
demo-test-5,1001,20162,2025-05-14 22:14:35.000,9,No problem! Let's try something different. Can you tell me about your family? How many people are in your family?,NULL
demo-test-85,1001,20163,2025-05-14 22:14:39.000,4,"That's okay! If you have something on your mind, feel free to share. What is your favorite food? ?",NULL
demo-test-6,1001,20164,2025-05-14 22:14:40.000,8,That's fine! How about this: What is your favorite movie or TV show? ??,NULL
demo-test-7,1001,20165,2025-05-14 22:14:40.000,8,That's alright! How about this: What's your favorite movie or TV show? ??,NULL
demo-test-94,1001,20166,2025-05-14 22:14:42.000,4,I see you didn't answer. That's okay! Let's try again. What do you like to do in your free time?,NULL
demo-test-98,1001,20167,2025-05-14 22:14:44.000,4,It looks like you didn't type anything! That's okay! Can you tell me about your favorite food? What do you like to eat?,NULL
demo-test-8,1001,20169,2025-05-14 22:14:45.000,8,"That's okay! If you're not ready to answer, we can try something different. Do you like music? What kind of music do you enjoy? ?",NULL
demo-test-100,1001,20168,2025-05-14 22:14:45.000,4,"No worries! If you don't want to share, how about this: What do you like to do in your free time? ?",NULL
demo-test-9,1001,20170,2025-05-14 22:14:50.000,8,That's alright! No pressure. Let's keep it simple. What is your favorite season? Do you like summer or winter more? ☀️❄️,NULL
demo-test-10,1001,20171,2025-05-14 22:14:54.000,8,That's fine! Let's keep it simple. Do you have a favorite color? ?,NULL
demo-test-11,1024,20172,2025-05-14 22:14:55.000,5,"Sure! As we chat, I’d love to know—what’s your favorite topic to discuss? Your answer will help me tailor our conversations better!",NULL
demo-test-53,1001,20173,2025-05-14 22:14:57.000,16,It seems like you sent a short message. No problem! You can share your favorite animal or anything else you'd like to talk about! ?,pp
demo-test-13,1001,20174,2025-05-14 22:14:59.000,6,It seems you didn't respond! No problem! ? Let's try this: What is your favorite animal? ??,NULL
demo-test-12,1001,20175,2025-05-14 22:15:00.000,6,It seems you didn't answer again! That's alright! Let’s keep it fun! What is your favorite movie? ?,NULL
demo-test-53,1001,20176,2025-05-14 22:15:04.000,17,"Great! Now, can you tell me your favorite animal? ? What do you like about it?",oke
demo-test-15,1001,20177,2025-05-14 22:15:05.000,6,"No worries! If you’re not sure, let’s try something simple. Do you like watching movies? What’s your favorite movie?",NULL
demo-test-18,1001,20178,2025-05-14 22:15:09.000,6,It seems like you're thinking! No problem! Do you like to watch movies? ?,NULL
demo-test-16,1024,20180,2025-05-14 22:15:10.000,5,"Sure! Let’s chat about your hobbies. What’s your hobby lately? Also, what’s your favorite topic to discuss? Your answers will help me improve our conversations!",NULL
demo-test-17,1024,20179,2025-05-14 22:15:10.000,5,"Hi there! What subjects are you currently studying? Also, what’s your favorite topic to discuss? Your answers will help me tailor our chats!",NULL
demo-test-19,1001,20181,2025-05-14 22:15:14.000,6,"That's okay! If you want to think about it, how about this: What is your favorite color? ?",NULL
demo-test-20,1001,20183,2025-05-14 22:15:15.000,6,"That's okay! Let's try something fun. If you could have any pet, what would it be? ??",NULL
demo-test-21,1001,20182,2025-05-14 22:15:15.000,6,"No worries! We can talk about anything! Do you like animals? If yes, what is your favorite animal? ??",NULL
demo-test-53,1001,20184,2025-05-14 22:15:19.000,18,Haha! It sounds like you're having fun! ? Can you tell me more about why you laughed? What made you giggle?,gahaha
demo-test-22,1001,20185,2025-05-14 22:15:20.000,6,"That's okay! If you want, you can tell me about your favorite movie or show! ? What's one you like?",NULL
demo-test-23,1024,20186,2025-05-14 22:15:20.000,5,Sure! Let’s chat about your daily activities. How do you usually spend your day? Your answer will help me tailor our future conversations!,NULL
demo-test-14,1001,20187,2025-05-14 22:15:24.000,6,It seems you didn't answer. That's okay! What's your favorite food? ?,NULL
demo-test-25,1024,20188,2025-05-14 22:15:26.000,5,Sure! Let’s chat. What’s your favorite topic to discuss? Your answer will help me tailor our conversations better!,NULL
demo-test-53,1001,20189,2025-05-14 22:15:27.000,19,Would you like to proceed with muting? Please confirm if this is what you want to do.,real it's just from audio
demo-test-37,1024,20190,2025-05-14 22:15:28.000,5,"Sure! Let’s chat about your hobbies. What’s your favorite hobby lately? Also, what’s one topic you enjoy discussing? Your answers will help me improve our chats!",NULL
demo-test-27,1001,20191,2025-05-14 22:15:30.000,6,I see you're still thinking! That's okay! How about this: What is your favorite animal? ?,NULL
demo-test-46,1024,20192,2025-05-14 22:15:30.000,5,Sure! Let's chat about your daily activities. How do you usually spend your day? Your answer will help me improve our future interactions!,NULL
demo-test-56,1024,20193,2025-05-14 22:15:33.000,5,"Sure! As your teacher, I’m here to guide you. By the way, what learning method do you prefer? Your answer will help me improve our interactions!",NULL
demo-test-29,1001,20195,2025-05-14 22:15:35.000,6,It seems you didn't write anything. No problem! ? What is your favorite hobby? I’d love to hear about it!,NULL
demo-test-66,1024,20194,2025-05-14 22:15:35.000,5,Sure! Let's start our conversation. What subjects do you enjoy studying the most? Your answer will help me tailor our future chats!,NULL
demo-test-74,1024,20196,2025-05-14 22:15:37.000,5,"Sure! As your teacher, I’d love to know more about you. What’s your favorite topic to discuss? Your answer will help me tailor our chats better!",NULL
demo-test-31,1001,20197,2025-05-14 22:15:40.000,6,No worries! Let’s keep it simple. What is your favorite color? ?,NULL
demo-test-86,1024,20198,2025-05-14 22:15:40.000,5,What subjects do you enjoy the most in school? Your answer will help me tailor our conversations better in the future!,NULL
demo-test-99,1024,20199,2025-05-14 22:15:43.000,5,What are your daily activities? How do you usually spend your day? Your answer will help me improve our future chats! ?,NULL
demo-test-39,1001,20200,2025-05-14 22:15:51.000,6,"That's okay! If you’re shy, no problem. How about I ask you a fun question? What is your favorite animal? ??",NULL
demo-test-48,1001,20201,2025-05-14 22:16:05.000,6,"No problem! If you want, we can talk about animals. Do you have a favorite animal? ??",NULL
demo-test-52,1001,20202,2025-05-14 22:16:16.000,6,It seems you didn't write anything. No worries! You can tell me about your favorite hobby or something fun you did recently. What do you like to do in your free time?,NULL
demo-test-53,1001,20203,2025-05-14 22:16:18.000,16,"No problem! If you're not sure, we can talk about something else. What's your favorite color? ?",NULL
demo-test-90,1001,20204,2025-05-14 22:17:06.000,4,I see you didn't answer! No problem! ? Let's try again. What do you like to eat for breakfast? ?,NULL
demo-test-89,1001,20205,2025-05-14 22:17:08.000,4,I see you didn't answer! No problem! How about this: What do you like to do on weekends? ?,NULL
demo-test-91,1001,20208,2025-05-14 22:17:11.000,4,I hope you're thinking! What's your favorite food? ?,NULL
demo-test-93,1001,20209,2025-05-14 22:17:11.000,4,I see you didn't answer. That's okay! What do you like to do in your free time? ?,NULL
demo-test-95,1001,20206,2025-05-14 22:17:11.000,4,I see you didn't answer again. That's okay! How about this: What is your favorite color? ?,NULL
demo-test-96,1001,20207,2025-05-14 22:17:11.000,4,It looks like you didn't type anything. That's okay! ? What is your favorite food? ?,NULL
demo-test-92,1001,20210,2025-05-14 22:17:12.000,4,It seems like you didn't write anything. That's okay! Can you tell me your favorite food? ??,NULL
demo-test-97,1001,20211,2025-05-14 22:17:16.000,4,It seems like you didn't write anything. No problem! How about sharing your favorite hobby? ?,NULL
demo-test-1,1001,20212,2025-05-14 22:21:02.000,17,"No worries! If you want to share something, you can tell me about your favorite food! ?",NULL
demo-test-2,1001,20215,2025-05-14 22:21:07.000,9,"No problem at all! If you're feeling quiet, let's keep it light. Do you have a favorite color? Why do you like that color?",NULL
demo-test-3,1001,20216,2025-05-14 22:21:07.000,9,"No worries! If you're not sure, let's talk about food. What is your favorite snack?",NULL
demo-test-4,1001,20214,2025-05-14 22:21:07.000,9,"No worries! Let's try again. If you could have any superpower, what would it be? ?‍♂️✨",NULL
demo-test-5,1001,20213,2025-05-14 22:21:07.000,10,"That's perfectly fine! If you want, you can share about your favorite place. Where do you like to go?",NULL
demo-test-6,1001,20218,2025-05-14 22:21:12.000,9,"No worries! If you want, you can tell me about your favorite hobby. What do you enjoy doing? ??",NULL
demo-test-8,1001,20219,2025-05-14 22:21:12.000,9,"That's alright! If you want, we can play a simple game. How about I say a word, and you tell me a word that starts with the last letter? Ready? My word is ""cat""! ?",NULL
demo-test-9,1001,20217,2025-05-14 22:21:12.000,9,"I see you didn't answer again! That's totally fine. Let me ask you something fun: If you could travel anywhere, where would you go? ✈️?",NULL
demo-test-7,1001,20220,2025-05-14 22:21:13.000,9,"No worries! Let's try again. If you could learn any new skill, what would it be? ??",NULL
demo-test-10,1001,20223,2025-05-14 22:21:17.000,9,No problem! How about this: What's your favorite movie? ?,NULL
demo-test-11,1001,20224,2025-05-14 22:21:17.000,6,No problem! Let’s keep it light. What do you like to do in your free time? Any hobbies or fun activities? ?,NULL
demo-test-12,1001,20222,2025-05-14 22:21:17.000,7,I see you're quiet today! No problem! Let's play a game! Can you name three things you see in your room? ?️✨,NULL
demo-test-13,1001,20221,2025-05-14 22:21:17.000,7,That's okay! ? Let's keep it simple. Can you tell me one thing you like? It can be anything!,NULL
demo-test-14,1001,20225,2025-05-14 22:21:22.000,7,"No problem! If you could have any pet, what would it be? ??",NULL
demo-test-15,1001,20226,2025-05-14 22:21:22.000,7,"That's alright! If you're not ready to answer, let's do something fun. Can you tell me a color you like?",NULL
demo-test-16,1001,20227,2025-05-14 22:21:22.000,6,It seems like you didn't write anything. That's okay! Can you tell me about your favorite movie? What do you like about it? ??,NULL
demo-test-17,1001,20228,2025-05-14 22:21:27.000,6,It seems like you didn't type anything. No problem! Just let me know what you like or any questions you have. I'm here to help! ?,NULL
demo-test-19,1001,20230,2025-05-14 22:21:27.000,7,"No problem! If you want to take your time, that's fine. How about this: Do you have a favorite animal? ??",NULL
demo-test-20,1001,20229,2025-05-14 22:21:27.000,7,"No problem! If you don't want to answer, we can play a game. How about a word association game? I say a word, and you say the first word that comes to your mind! Ready? My word is ""sun."" ☀️ What do you think?",NULL
demo-test-18,1001,20231,2025-05-14 22:21:28.000,7,"That's okay! Let's try something fun! If you could have any animal as a pet, what would it be? ??",NULL
demo-test-21,1001,20235,2025-05-14 22:21:32.000,7,"That's okay! We can keep it simple! Do you enjoy watching movies? If yes, what is your favorite movie? ?",NULL
demo-test-22,1001,20234,2025-05-14 22:21:32.000,7,It looks like you didn't type anything again! No problem! How about we play a game? Can you name three fruits? ???,NULL
demo-test-23,1001,20233,2025-05-14 22:21:32.000,6,It seems like you might be busy or thinking! No problem! Let me ask you: What do you like to do in your free time? ?,NULL
demo-test-24,1001,20236,2025-05-14 22:21:33.000,7,"No worries! Let's keep it simple. What is your favorite season? Is it summer, winter, spring, or autumn? ☀️❄️??",NULL
demo-test-25,1001,20237,2025-05-14 22:21:37.000,6,I see you didn't type anything. That's okay! Let's try again. What is your favorite food? ?,NULL
demo-test-27,1001,20238,2025-05-14 22:21:38.000,7,"No worries if you're quiet! How about I ask a fun question? If you could have any superpower, what would it be? ?‍♂️✨",NULL
demo-test-29,1001,20239,2025-05-14 22:21:42.000,7,"That's okay! ? If you could travel anywhere, where would you go?",NULL
demo-test-31,1001,20240,2025-05-14 22:21:42.000,7,That's okay! Let's try something different. What do you like to do in your free time? ?,NULL
demo-test-37,1001,20241,2025-05-14 22:21:52.000,6,No problem! Let's try again. Can you tell me about your favorite food? What do you like about it? ??,NULL
demo-test-39,1001,20243,2025-05-14 22:21:57.000,7,No problem! Let’s keep it simple. Do you like to watch movies? What is your favorite movie? ?,NULL
demo-test-47,1001,20244,2025-05-14 22:22:07.000,7,It seems you didn't respond again! No problem! Let's try this: Do you like to watch movies? What is your favorite movie? ??,NULL
demo-test-46,1001,20246,2025-05-14 22:22:08.000,6,"No problem! If you don't want to share, that's okay. How about this: What do you like to eat? ??",NULL
demo-test-48,1001,20245,2025-05-14 22:22:08.000,7,"That's okay! If you want to think, I can ask you about movies. Do you like watching movies? ??",NULL
demo-test-53,1001,20247,2025-05-14 22:22:12.000,17,It seems like your message is empty. How can I assist you today?It looks like you didn't write anything! That's okay. Let's try again. What is your favorite food? ?,NULL
demo-test-1,1001,20249,2025-05-14 22:22:13.000,18,"That's alright! If you want to talk later, I'm here. Would you like to think about your favorite season? ??",NULL
demo-test-51,1001,20248,2025-05-14 22:22:13.000,7,I see you didn't answer again! That's okay! How about this: What is your favorite color? ?,NULL
demo-test-52,1001,20250,2025-05-14 22:22:13.000,7,It looks like you didn't respond again. That's okay! Let's try this: Can you tell me about your favorite food? What do you like to eat?,NULL
demo-test-2,1001,20251,2025-05-14 22:22:14.000,10,It seems like you’re really thinking! That’s great! Let’s keep it fun. Can you tell me about your favorite animal? What do you like about it?,NULL
demo-test-8,1001,20252,2025-05-14 22:22:14.000,10,"No worries! If you're not ready to play, that's completely fine. Let's talk about something simple. What's your favorite color? ?",NULL
demo-test-3,1001,20254,2025-05-14 22:22:15.000,10,"That's okay! If you don't want to answer, how about this: Do you like to play games? What is your favorite game?",NULL
demo-test-10,1001,20253,2025-05-14 22:22:15.000,10,That's okay! How about we talk about hobbies? What do you like to do for fun? ?,NULL
demo-test-12,1001,20255,2025-05-14 22:22:15.000,8,It looks like you're still thinking! That's okay! How about this: What is your favorite season? ??,NULL
demo-test-11,1001,20256,2025-05-14 22:22:16.000,7,It seems like you didn't answer. That's okay! How about this: What is your favorite food? Do you like sweet or savory dishes? ??,NULL
demo-test-14,1001,20257,2025-05-14 22:22:17.000,8,"Looks like you're thinking! That's great! If you could choose one superpower, what would it be? ?‍♂️✨",NULL
demo-test-15,1001,20258,2025-05-14 22:22:17.000,8,"No problem! If you’re thinking, let’s play a game! Can you name three fruits? ???",NULL
demo-test-18,1001,20259,2025-05-14 22:22:17.000,8,No problem! How about we talk about your hobbies? What do you like to do in your free time? ??,NULL
demo-test-57,1001,20260,2025-05-14 22:22:17.000,7,"No worries! If you're thinking, how about this: What's your favorite animal? Can you tell me why you like it? ??",NULL
demo-test-21,1001,20261,2025-05-14 22:22:18.000,8,"That's fine! If you don't want to share, let's try this: What is your favorite hobby? ??",NULL
demo-test-23,1001,20262,2025-05-14 22:22:18.000,7,I see you might be taking a moment! That's perfectly fine! How about this: What is your favorite food? ?,NULL
demo-test-24,1001,20263,2025-05-14 22:22:18.000,8,"That's alright! If you like, you can tell me about your favorite movie. What is it? ?✨",NULL
demo-test-25,1001,20264,2025-05-14 22:22:19.000,7,That's alright! No pressure. How about this: What's your favorite animal? ??,NULL
demo-test-27,1001,20266,2025-05-14 22:22:19.000,8,It looks like you're still thinking! That's totally fine! Let's try something easy: What do you like to do on weekends? ☀️,NULL
demo-test-56,1001,20265,2025-05-14 22:22:19.000,6,"No worries! If you’re not sure, let’s try something fun! What’s your favorite animal? Can you describe it in English? ??",NULL
demo-test-29,1001,20267,2025-05-14 22:22:20.000,8,It looks like you didn't answer. No worries! ? Can you tell me about your favorite movie or TV show? What do you like about it?,NULL
demo-test-31,1001,20268,2025-05-14 22:22:20.000,8,It looks like you didn't write anything again. No problem! Can you tell me about a movie or a show you like? ?,NULL
demo-test-37,1001,20271,2025-05-14 22:22:22.000,7,It looks like you didn't write anything! That's okay! Can you tell me about your favorite movie? What do you like about it? ??,NULL
demo-test-39,1001,20270,2025-05-14 22:22:22.000,8,"That's alright! If you want, we can talk about hobbies. What do you like to do in your free time? ??",NULL
demo-test-46,1001,20274,2025-05-14 22:22:24.000,7,"That's alright! Let's try something fun! If you could have any pet, what would it be? ??",NULL
demo-test-47,1001,20272,2025-05-14 22:22:24.000,8,I see you're still quiet! That's perfectly fine! How about this: What do you like to do for fun? ?,NULL
demo-test-48,1001,20273,2025-05-14 22:22:24.000,8,"That's alright! If you're not sure, we can talk about travel. If you could go anywhere, where would you like to visit? ✈️?",NULL
demo-test-51,1001,20275,2025-05-14 22:22:25.000,8,It seems like you might be having some trouble answering. That's perfectly fine! Let's try something simple. Can you tell me your name? ?,NULL
demo-test-56,1001,20276,2025-05-14 22:22:26.000,7,That's okay! How about this: Can you tell me your favorite color? Why do you like it? ?,NULL
demo-test-57,1001,20277,2025-05-14 22:22:26.000,8,"It looks like you're quiet today! That's perfectly fine. Let's try something fun! If you could have any superpower, what would it be? Why? ?",NULL
demo-test-66,1001,20278,2025-05-14 22:22:30.000,6,It looks like you didn't answer. No problem! Can you tell me about your favorite food?,NULL
demo-test-74,1001,20279,2025-05-14 22:22:30.000,6,It looks like your message didn't come through. No worries! What is your favorite food? ?,NULL
demo-test-86,1001,20280,2025-05-14 22:22:33.000,6,I see you didn't answer. That's okay! ? What is your favorite color?,NULL
demo-test-99,1001,20281,2025-05-14 22:22:36.000,6,No worries! It's okay to take your time. Do you have a hobby? What do you like to do in your free time? ?,NULL
demo-test-66,1001,20282,2025-05-14 22:22:37.000,6,"No problem! Let's try something fun. Do you like animals? If yes, which animal is your favorite?",NULL
demo-test-74,1001,20283,2025-05-14 22:22:52.000,6,No worries! Let's try again. What is your favorite food? ??,NULL
demo-test-86,1001,20284,2025-05-14 22:23:17.000,6,Do you like to play sports or games? Which ones are your favorites? ??,NULL
demo-test-99,1001,20285,2025-05-14 22:23:33.000,6,I see you might be busy! No problem! Can you tell me about your favorite hobby? ?,NULL
demo-test-1,1001,20286,2025-05-14 22:25:18.000,17,"No worries! If you're not sure what to say, how about this: What's your favorite season—spring, summer, autumn, or winter? ?☀️?❄️",NULL
demo-test-2,1001,20287,2025-05-14 22:25:23.000,9,"No worries! If you're feeling shy, that's alright! How about we talk about music? What's your favorite song or type of music?",NULL
demo-test-4,1001,20290,2025-05-14 22:25:23.000,9,It looks like you didn't answer. No worries! Let's try again. What kind of music do you like? ?,NULL
demo-test-5,1001,20289,2025-05-14 22:25:23.000,10,"That's alright! If you're feeling shy, you can share something simple. What is your favorite season: spring, summer, autumn, or winter?",NULL
demo-test-6,1001,20288,2025-05-14 22:25:23.000,9,That's okay! How about this: Do you like music? What kind of music do you enjoy? ?,NULL
demo-test-3,1001,20292,2025-05-14 22:25:28.000,9,"No worries! If you don't want to share, let's do something fun. Can you name three things you see around you right now?",NULL
demo-test-7,1001,20291,2025-05-14 22:25:28.000,9,"No worries! Let's try this: If you could have any job in the world, what would it be? ??",NULL
demo-test-8,1001,20293,2025-05-14 22:25:29.000,9,"No worries! If you want to take your time, that's perfectly fine. Would you like to share your favorite season? Is it summer, winter, or another one? ☀️❄️",NULL
demo-test-9,1001,20294,2025-05-14 22:25:29.000,9,"I see you're quiet today! That's okay. How about this: If you could travel anywhere, where would you like to go? ✈️",NULL
demo-test-10,1001,20296,2025-05-14 22:25:33.000,9,"No problem! Let's start with something easy. What is your favorite season: spring, summer, autumn, or winter? ?☀️?❄️",NULL
demo-test-11,1001,20298,2025-05-14 22:25:33.000,6,"No problem! If you’re thinking, how about this: What do you like to do in your free time? ?",NULL
demo-test-12,1001,20295,2025-05-14 22:25:33.000,7,"No problem! Let's try something different! If you could travel anywhere, where would you go? ✈️",NULL
demo-test-13,1001,20297,2025-05-14 22:25:33.000,7,It looks like you didn't answer again! That's okay! ? Can you tell me what you like to do for fun?,NULL
demo-test-14,1001,20301,2025-05-14 22:25:38.000,7,"No problem! If you could have any animal as a pet, what would it be? ??",NULL
demo-test-15,1001,20302,2025-05-14 22:25:38.000,7,"That's alright! If you want, we can talk about something else. Do you have a favorite color? What is it?",NULL
demo-test-16,1001,20299,2025-05-14 22:25:38.000,6,It seems like you didn't answer! No problem! Let’s try again. What do you like to do in your free time? ?,NULL
demo-test-17,1001,20303,2025-05-14 22:25:38.000,6,"No worries! If you think of something later, just let me know. In the meantime, do you have a favorite hobby? ??",NULL
demo-test-18,1001,20300,2025-05-14 22:25:38.000,7,"That's okay! Let's try something fun! If you could be any animal, which one would you be? ?",NULL
demo-test-19,1001,20306,2025-05-14 22:25:43.000,7,"No problem! If you're not sure, let me ask you this: Do you like animals? What's your favorite animal? ??",NULL
demo-test-20,1001,20305,2025-05-14 22:25:43.000,7,No problem! Let's keep it simple. Do you like watching movies? What is your favorite movie? ?,NULL
demo-test-21,1001,20304,2025-05-14 22:25:43.000,7,It seems you are silent! That's okay! How about this: What is your favorite movie? ?,NULL
demo-test-22,1001,20307,2025-05-14 22:25:44.000,7,It looks like you didn't type anything again! No problem! How about we talk about your favorite color? ? What color do you like the most?,NULL
demo-test-23,1001,20308,2025-05-14 22:25:44.000,6,It seems like you didn't answer! No problem! Let's try again. What do you like to do in your free time? ?,NULL
demo-test-24,1001,20309,2025-05-14 22:25:48.000,7,No worries! How about this: What is your favorite movie or TV show? ??,NULL
demo-test-25,1001,20311,2025-05-14 22:25:49.000,6,"It looks like you didn't write anything. No worries! Just let me know your favorite topic, and we can start from there! ?",NULL
demo-test-27,1001,20310,2025-05-14 22:25:49.000,7,No worries if you’re not sure! Let’s try something different. What do you like to do on weekends? ?,NULL
demo-test-29,1001,20312,2025-05-14 22:25:53.000,7,I see you didn’t write anything again! That's okay! ? Can you tell me about your favorite movie? What do you like about it? ?,NULL
demo-test-31,1001,20313,2025-05-14 22:25:53.000,7,"That's okay! If you could choose any color for your room, what color would you pick? ?",NULL
demo-test-37,1001,20314,2025-05-14 22:25:58.000,6,It looks like your message didn't come through. No worries! Just tell me about your favorite hobby or a topic you like to discuss! ?,NULL
demo-test-39,1001,20315,2025-05-14 22:26:03.000,7,No problem at all! Let’s keep it simple. Can you tell me one thing that makes you happy? ?,NULL
demo-test-46,1001,20317,2025-05-14 22:26:13.000,6,"No worries! Let's try something fun. If you could have any animal as a pet, what would it be? ?",NULL
demo-test-47,1001,20316,2025-05-14 22:26:13.000,7,"I see you didn't respond! No problem! Let's try this: If you could travel anywhere, where would you go? ✈️?",NULL
demo-test-48,1001,20318,2025-05-14 22:26:15.000,7,That's okay! How about this: What do you like to do on weekends? ??,NULL
demo-test-51,1001,20319,2025-05-14 22:26:18.000,7,I see you didn’t write again! That’s okay! Let’s try this: What is your favorite animal? ?,NULL
demo-test-52,1001,20320,2025-05-14 22:26:18.000,7,It looks like you didn't respond again. That's okay! How about this: can you tell me your favorite food? I love hearing about food!,NULL
demo-test-53,1001,20321,2025-05-14 22:26:19.000,17,Hello! How can I assist you today?I see you didn’t type anything. That’s okay! Let’s try again. What is your favorite food? ?,NULL
demo-test-56,1001,20322,2025-05-14 22:26:23.000,6,"No worries! We can take our time. How about we play a word game? Can you think of a word that starts with the letter ""B""? ?",NULL
demo-test-57,1001,20323,2025-05-14 22:26:24.000,7,"No worries! If you're not ready to answer, let's try something different. What's your favorite color? Do you have a reason for liking it?",NULL
demo-test-66,1001,20324,2025-05-14 22:26:33.000,6,"No worries! If you could travel anywhere in the world, where would you go?",NULL
demo-test-74,1001,20325,2025-05-14 22:26:38.000,6,It seems you didn't write anything. No problem! Can you tell me about your favorite food? ??,NULL
demo-test-86,1001,20326,2025-05-14 22:26:53.000,6,Do you like to read books? What is your favorite book? ?,NULL
demo-test-99,1001,20327,2025-05-14 22:27:08.000,6,It looks like you didn't answer! That's okay! How about this: What is your favorite animal? ?,NULL
demo-test-4,1001,20328,2025-05-14 22:30:34.000,10,That's alright! Let's keep it light. Do you prefer watching movies or reading books? ??,NULL
demo-test-7,1001,20329,2025-05-14 22:30:34.000,10,"That's okay! If you could meet any famous person, who would it be? ??",NULL
demo-test-5,1001,20330,2025-05-14 22:30:35.000,11,That's alright! Let's keep it simple. What do you like to do on weekends?,NULL
demo-test-6,1001,20332,2025-05-14 22:30:35.000,10,"That's okay! If you prefer, you can tell me about your favorite place to visit. Where do you like to go? ?✈️",NULL
demo-test-9,1001,20331,2025-05-14 22:30:35.000,10,"No answer yet! That's okay! Let’s make it easy. What is your favorite hobby? Do you like drawing, playing games, or something else? ??",NULL
demo-test-16,1001,20335,2025-05-14 22:30:40.000,7,"No worries! If you want to share something, that's great! If not, how about this: What is your favorite animal? Why do you like it? ??",NULL
demo-test-19,1001,20333,2025-05-14 22:30:40.000,8,"That's perfectly fine! If you want to share something small, how about this: What is your favorite movie or TV show? ??",NULL
demo-test-22,1001,20334,2025-05-14 22:30:40.000,8,"That's okay! If you want, you can share something fun about your day! What made you smile today? ?",NULL
demo-test-13,1001,20336,2025-05-14 22:30:41.000,8,It looks like you didn’t respond again! No worries! ? How about telling me your favorite season? Do you like summer or winter?,NULL
demo-test-17,1001,20337,2025-05-14 22:30:41.000,7,It looks like you're still thinking! That's okay. How about this: what's your favorite food? I love hearing about different dishes! ??,NULL
demo-test-20,1001,20339,2025-05-14 22:30:44.000,8,"It looks like you're thinking! That's okay! How about I give you another word? Let's try ""happy."" What comes to your mind? ?",NULL
demo-test-53,1001,20338,2025-05-14 22:30:44.000,18,It looks like you typed a letter! No problem! What do you like to do in your free time? ?,p
demo-test-52,1001,20340,2025-05-14 22:31:04.000,8,I see you didn't reply. That's alright! How about this: What's your favorite color? Why do you like it?,NULL
demo-test-53,1001,20341,2025-05-14 22:31:10.000,18,It looks like your message is still empty. That's alright! How about we play a game? Can you tell me your favorite animal? ?,NULL
demo-test-53,1001,20342,2025-05-15 12:42:39.000,1,"Hello, demo-test-53! ? Great to see you again! \n\nI noticed that we need to work a bit on casual greetings and hobbies. You are making progress, and that’s fantastic! \n\nSo, what topic would you like to discuss today? Hobbies? Greetings? Or maybe something else? Let me know!",NULL
demo-test-1,1001,20353,2025-05-15 13:51:01.000,18,It looks like you didn't write anything! That's okay. Can you tell me about your favorite food? ???,NULL
demo-test-13,1001,20354,2025-05-15 13:51:03.000,9,I see you’re thinking! ? No problem! What is your favorite food? Do you like spicy food or sweet food?,NULL
demo-test-2,1001,20356,2025-05-15 13:51:06.000,10,It seems like you didn't write anything! That's okay. You can share your favorite song or type of music when you're ready! What do you like to listen to?,NULL
demo-test-22,1001,20355,2025-05-15 13:51:06.000,9,No worries! Let's try something different. Do you have a favorite food? ? What do you like to eat?,NULL
demo-test-37,1001,20357,2025-05-15 13:51:09.000,7,I see you didn't write anything! That's okay! How about telling me your favorite food? I love hearing about food! ??,NULL
demo-test-39,1001,20358,2025-05-15 13:51:09.000,8,It looks like you didn’t type anything. That’s okay! How about sharing your favorite food? ?,NULL
demo-test-3,1001,20361,2025-05-15 13:51:11.000,10,It looks like you didn't type anything. That's okay! Let's try again. What is your favorite color? Why do you like it?,NULL
demo-test-4,1001,20360,2025-05-15 13:51:11.000,11,No problem! Let's talk about food. What's your favorite dish to eat? ?️,NULL
demo-test-5,1001,20359,2025-05-15 13:51:11.000,12,I see you're thinking! No problem. Let me ask you: What is your favorite food?,NULL
demo-test-52,1001,20362,2025-05-15 13:51:11.000,9,No worries if you're busy! Let me ask you this: Do you have a favorite animal? What do you like about it?,NULL
demo-test-56,1001,20363,2025-05-15 13:51:12.000,7,It looks like you didn't write anything. That's okay! Can you tell me your favorite animal? ??,NULL
demo-test-66,1001,20364,2025-05-15 13:51:14.000,7,It seems like you didn't answer. That's okay! How about telling me your favorite food?,NULL
demo-test-6,1001,20365,2025-05-15 13:51:16.000,11,I see you're thinking! No problem! How about sharing your favorite food? What do you love to eat? ??,NULL
demo-test-7,1001,20366,2025-05-15 13:51:16.000,11,"It seems you didn't write anything. No problem! You can take your time. ? If you want to share your favorite food, what is it? ??",NULL
demo-test-74,1001,20367,2025-05-15 13:51:16.000,7,I see you're quiet! That's okay. Let's try this: What do you like to do in your free time? ??,NULL
demo-test-86,1001,20368,2025-05-15 13:51:18.000,7,It seems like you didn't write anything! No worries! ? What is your favorite food? ?,NULL
demo-test-8,1001,20371,2025-05-15 13:51:21.000,10,It looks like you didn't write anything. That's okay! How about we talk about food? What's your favorite food? ??,NULL
demo-test-9,1001,20369,2025-05-15 13:51:21.000,11,"Still thinking? No problem! How about this: What is your favorite food? Do you like pizza, sushi, or something sweet? ???",NULL
demo-test-99,1001,20370,2025-05-15 13:51:21.000,7,I see you didn't answer again! No problem! Let's try this: What do you like to do in your free time? ?,NULL
demo-test-10,1001,20372,2025-05-15 13:51:26.000,10,It looks like you didn't write anything. That's okay! Can you tell me your favorite color? ?,NULL
demo-test-11,1001,20373,2025-05-15 13:51:26.000,7,It seems like you didn't write anything! No worries! Can you tell me about your favorite food? ?,NULL
demo-test-12,1001,20374,2025-05-15 13:51:32.000,8,It looks like you didn't type anything! That's okay! ? What is your favorite food? ?,NULL
demo-test-14,1001,20375,2025-05-15 13:51:42.000,8,It looks like you didn't write anything! That's okay! ? Can you tell me about your favorite food? ??,NULL
demo-test-15,1001,20376,2025-05-15 13:51:43.000,8,I see you didn't type anything. That's okay! How about we talk about your favorite food? What do you like to eat?,NULL
demo-test-18,1001,20377,2025-05-15 13:51:47.000,8,I see you didn't answer. No problem! Let's try again! What's your favorite food? ?,NULL
demo-test-16,1001,20378,2025-05-15 13:51:48.000,8,"That's okay! If you're not ready to share, let's play a game! Can you tell me three things you see around you right now? ??",NULL
demo-test-17,1001,20379,2025-05-15 13:51:48.000,8,"It seems like you might be a bit quiet today! No problem at all. If you could travel anywhere, where would you go? ?✈️",NULL
demo-test-19,1001,20381,2025-05-15 13:51:52.000,9,I see you didn't answer. That's okay! Let's try this: What do you like to do in your free time? ?,NULL
demo-test-20,1001,20380,2025-05-15 13:51:52.000,9,No worries! Let’s try something different. Can you tell me about your favorite food? What do you like to eat? ?,NULL
demo-test-21,1001,20383,2025-05-15 13:52:02.000,8,I see you're thinking! No worries! Let me ask you: What is your favorite food? ?,NULL
demo-test-23,1001,20382,2025-05-15 13:52:02.000,7,I see you might be thinking! That's okay! How about telling me your favorite food? ?,NULL
demo-test-24,1001,20384,2025-05-15 13:52:03.000,8,It looks like you didn't write anything! That's okay! Can you tell me about your favorite food? ??,NULL
demo-test-25,1001,20385,2025-05-15 13:52:03.000,7,I see you’re quiet today! How about sharing your favorite food? What do you like to eat? ??,NULL
demo-test-29,1001,20386,2025-05-15 13:52:07.000,8,No worries! ? Let's try again! What is your favorite food? Why do you like it? ?,NULL
demo-test-27,1001,20387,2025-05-15 13:52:08.000,8,It seems like you didn’t write anything. That’s okay! You can share what you like to do on weekends anytime! ?,NULL
demo-test-31,1001,20388,2025-05-15 13:52:13.000,8,"It seems like you didn't write anything. No worries! If you have a favorite color, you can tell me! What's your favorite color? ?",NULL
demo-test-46,1001,20390,2025-05-15 13:52:33.000,7,"It looks like you didn't answer! That's okay! Just think about it. If you could have any animal as a pet, what would it be? ??",NULL
demo-test-47,1001,20389,2025-05-15 13:52:33.000,8,No answer again? That's okay! How about this: What's your favorite food? ??,NULL
demo-test-48,1001,20391,2025-05-15 13:52:38.000,8,It looks like you didn't write anything! No worries! Can you tell me about your favorite food? ??,NULL
demo-test-53,1001,20392,2025-05-15 13:52:38.000,2,It looks like you didn't write anything. No worries! ? \n\nLet’s try this: What is your favorite hobby? You can tell me in a few words!,NULL
demo-test-51,1001,20393,2025-05-15 13:52:47.000,8,It looks like you didn’t write anything again! No worries! How about this: What do you like to do on weekends? ?,NULL
demo-test-57,1001,20394,2025-05-15 13:52:48.000,8,That's okay! How about this: What is your favorite food? Why do you like it?,NULL
demo-test-18,1001,20405,2025-05-15 14:09:21.000,9,It's okay! No worries! How about this: What's your favorite color? ?,NULL
demo-test-9,1001,20406,2025-05-15 14:10:09.000,12,"It's alright! Sometimes it's hard to choose. Let’s try something fun! If you had a pet, what animal would you want? A dog, cat, or maybe a turtle? ???",NULL
demo-test-1,1001,20409,2025-05-15 14:14:07.000,19,"I'm happy today, thank you! ? How about you? What did you do today?",how are you today?
demo-test-1,1001,20414,2025-05-15 14:25:17.000,20,"I'm doing great, thank you! ? What about you? Did you do something fun today?",how are you today?
demo-test-1,1001,20415,2025-05-15 14:26:00.000,21,"I'm feeling fantastic, thanks! ? What about you? What makes you happy today?",how are you today?
demo-test-1,1001,20417,2025-05-15 14:27:32.000,22,"I'm feeling wonderful, thank you! ? What about you? Do you have any plans for today?",how are you today?
demo-test-1,1001,20422,2025-05-15 14:30:59.000,23,"I'm doing well, thank you! ? How are you feeling today? Did you learn something new?",how are you today?
demo-test-1,1001,20424,2025-05-15 14:33:22.000,24,It seems like you didn't write anything again! That's okay. Can you tell me about your favorite hobby? ?⚽?,NULL
demo-test-6,1001,20425,2025-05-15 14:33:58.000,12,No worries! Let's talk about hobbies! What do you like to do in your free time? ??,NULL
demo-test-12,1001,20426,2025-05-15 14:34:13.000,9,It seems like you didn't respond again! No worries! ? How about this: What do you like to do in your free time? ?,NULL
demo-test-13,1001,20428,2025-05-15 14:34:22.000,10,I notice you're quiet today! That's okay! ? Can you tell me about your favorite animal? Do you like cats or dogs more?,NULL
demo-test-21,1001,20429,2025-05-15 14:34:29.000,9,It looks like you're still quiet! That's perfectly fine! How about sharing: What is your favorite color? ?,NULL
demo-test-23,1001,20430,2025-05-15 14:34:32.000,8,"No worries! If you’re not sure, I can help! What is your favorite color? ?",NULL
demo-test-1,1001,20431,2025-05-15 14:34:39.000,24,"I'm feeling great, thank you! ? How about you? What did you have for breakfast today?",how are you today?
demo-test-5,1001,20432,2025-05-15 14:34:39.000,13,"No worries! If you're not sure, how about this: Do you like pizza or ice cream more?",NULL
demo-test-7,1001,20434,2025-05-15 14:34:43.000,12,That's alright! Sometimes it's hard to think of something. How about this: What is your favorite color? ??,NULL
demo-test-9,1001,20435,2025-05-15 14:34:43.000,13,No worries! We can take our time. Let’s play a little game! Can you think of three things you see in your room? ?️?️?,NULL
demo-test-10,1001,20433,2025-05-15 14:34:43.000,11,I see you didn't answer again. No worries! How about this: What do you like to do in your free time? ?,NULL
demo-test-2,1001,20437,2025-05-15 14:34:48.000,11,It looks like you didn't reply again! No problem at all. Just take your time. Maybe you can tell me about your favorite movie instead? What movie do you like?,NULL
demo-test-11,1001,20438,2025-05-15 14:34:48.000,8,It looks like you’re quiet today! That’s okay! How about this: What is your favorite animal? ?,NULL
demo-test-14,1001,20436,2025-05-15 14:34:48.000,9,That's alright! No worries! ? How about this: What's your favorite color? ?,NULL
demo-test-18,1001,20441,2025-05-15 14:34:53.000,10,"That's alright! Let's keep it light! If you could travel anywhere, where would you go? ✈️",NULL
demo-test-19,1001,20440,2025-05-15 14:34:53.000,10,"No worries! Let's make it fun! If you could travel anywhere, where would you go? ?✈️",NULL
demo-test-25,1001,20442,2025-05-15 14:34:53.000,8,"I’m here for you! If you don’t want to talk about food, what about your favorite movie? ? What movie do you like?",NULL
demo-test-27,1001,20439,2025-05-15 14:34:53.000,9,"No problem! If you’re shy, how about this: What is your favorite food? ??",NULL
demo-test-28,1024,20443,2025-05-15 14:34:58.000,5,Sure! Let’s chat. What’s your favorite topic to discuss? Your answer will help me tailor our future conversations.,NULL
demo-test-22,1001,20444,2025-05-15 14:34:59.000,10,That's alright! How about we play a game? ? Can you think of an animal and tell me its name? What animal do you like?,NULL
demo-test-24,1001,20446,2025-05-15 14:35:03.000,9,I see you didn't respond again! No problem! Let's try this: What do you like to do on weekends? ??,NULL
demo-test-29,1001,20445,2025-05-15 14:35:03.000,9,I see you're quiet again! That's alright! ? Can you tell me about your favorite animal? What do you like about it? ?,NULL
demo-test-3,1001,20448,2025-05-15 14:35:08.000,11,That's alright! Sometimes it's hard to think of something. How about this: What's your favorite food? Do you like to cook it?,NULL
demo-test-4,1001,20447,2025-05-15 14:35:08.000,12,"It seems like you're thinking! No rush. How about this: if you could travel anywhere, where would you go? ✈️?",NULL
demo-test-8,1001,20449,2025-05-15 14:35:13.000,11,"That's alright! Sometimes it's hard to think of something. How about this: If you could travel anywhere, where would you go? ✈️?",NULL
demo-test-15,1001,20450,2025-05-15 14:35:18.000,9,"No worries! If you’re not sure, let’s try something fun! What animal do you like the most? Why do you like it?",NULL
demo-test-16,1001,20451,2025-05-15 14:35:18.000,9,"No problem at all! If you want to think a bit more, how about this: What is your favorite food? Can you describe it to me? ??",NULL
demo-test-20,1001,20452,2025-05-15 14:35:23.000,10,"It seems like you might be thinking again! That's okay! Let's try a fun question. If you could have any animal as a pet, what would it be? ?",NULL
demo-test-30,1024,20453,2025-05-15 14:35:28.000,5,"Sure! Let's chat about your daily activities. How do you usually spend your day? By the way, your answer will help me improve our future conversations!",NULL
demo-test-17,1001,20454,2025-05-15 14:35:31.000,9,"That's alright! If you want to share something later, I'm here. Let's try this: do you like animals? What's your favorite animal? ??",NULL
demo-test-26,1024,20455,2025-05-15 14:35:33.000,5,"Sure! Let's chat. What learning method do you prefer? Also, what’s your favorite topic to discuss? Your answers will help me improve our future interactions!",NULL
demo-test-19,1001,20456,2025-05-15 14:41:04.000,11,That's okay! Let's keep it simple! What's your favorite food? ??,NULL
demo-test-14,1001,20457,2025-05-15 14:41:45.000,10,It seems like you're a bit quiet today! That's okay! ? Can you tell me about a fun place you want to visit? ?️✈️,NULL
demo-test-20,1001,20458,2025-05-15 14:42:10.000,11,It looks like you're quiet today! That's fine! How about this: What's your favorite color? Why do you like it? ?,NULL
demo-test-17,1001,20461,2025-05-15 14:42:20.000,10,No worries if you're thinking! Let's keep it light. What's your favorite movie or TV show? I love to hear about what people enjoy watching! ??,NULL
demo-test-21,1001,20460,2025-05-15 14:42:20.000,10,"No problem at all! Let's try something fun! If you could have any pet, what would it be? ??",NULL
demo-test-30,1001,20459,2025-05-15 14:42:20.000,6,"No worries! If you want, we can talk about something else. What is your favorite food? ?",NULL
demo-test-7,1001,20462,2025-05-15 14:42:25.000,13,"No worries at all! If you want, we can talk about hobbies. What do you like to do in your free time? ??",NULL
demo-test-8,1001,20463,2025-05-15 14:42:25.000,12,"No problem at all! Let's try something fun. If you had a pet, what animal would you choose? ??",NULL
demo-test-10,1001,20464,2025-05-15 14:42:25.000,12,"That's alright! If you're not sure, let's try this: What is your favorite food? ???",NULL
demo-test-5,1001,20465,2025-05-15 14:42:30.000,14,It looks like you're quiet today! That's okay. How about this: What is your favorite color?,NULL
demo-test-12,1001,20466,2025-05-15 14:42:30.000,10,It seems like you're having a little trouble answering! That's alright! ? Let's try this: What is your favorite color? ?,NULL
demo-test-22,1001,20467,2025-05-15 14:42:30.000,11,It seems like you didn't type anything again! That's okay! Let's talk about hobbies! ? What do you like to do in your free time?,NULL
demo-test-25,1001,20468,2025-05-15 14:42:35.000,9,"No problem! If you’re not sure, let’s try something fun! What is your favorite animal? ??",NULL
demo-test-26,1001,20469,2025-05-15 14:42:36.000,6,"No worries! If you could have any pet, what would it be? ?? Let's have some fun with this!",NULL
demo-test-27,1001,20471,2025-05-15 14:42:40.000,10,That's alright! How about this: What is your favorite color? ? It’s an easy one!,NULL
demo-test-28,1001,20470,2025-05-15 14:42:40.000,6,It looks like you didn't write anything. That's okay! What is something you enjoy doing? It can be a hobby or a favorite activity!,NULL
demo-test-1,1001,20472,2025-05-15 14:42:41.000,25,It looks like you didn't answer! No problem! Let's try again. What did you do yesterday?,NULL
demo-test-18,1001,20473,2025-05-15 14:42:41.000,11,No problem! Let's make it fun! Do you like music? What's your favorite song? ?,NULL
demo-test-2,1001,20474,2025-05-15 14:42:45.000,12,It seems like you didn't respond again. That's totally fine! Let's try something different. What do you like to do in your free time?,NULL
demo-test-1,1001,20476,2025-05-15 14:42:50.000,25,"I'm doing well, thank you! ? What about you? Did you do anything fun yesterday?",how are you today?
demo-test-4,1001,20475,2025-05-15 14:42:50.000,13,That's okay! Let's try something fun. Do you like animals? What's your favorite animal? ??,NULL
demo-test-11,1001,20478,2025-05-15 14:42:55.000,9,I see you're still thinking! That's perfectly fine! Let me ask you: Do you have a favorite movie? ?,NULL
demo-test-16,1001,20477,2025-05-15 14:42:55.000,10,"That's alright! If you're feeling quiet, let's imagine together! If you could travel anywhere in the world, where would you go? ✈️?",NULL
demo-test-24,1001,20480,2025-05-15 14:43:00.000,10,"I notice you're quiet today! That's alright! How about this: If you could travel anywhere, where would you go? ✈️?",NULL
demo-test-29,1001,20479,2025-05-15 14:43:00.000,10,It looks like you're still thinking! That's okay! ? How about this: What's your favorite color? Why do you like it? ?,NULL
demo-test-6,1001,20481,2025-05-15 14:43:05.000,13,It seems like you're thinking! That's okay! Let's try this: What is your favorite movie? Why do you like it? ??,NULL
demo-test-23,1001,20482,2025-05-15 14:43:06.000,9,"It looks like you're a bit quiet today! That's fine! Let's have some fun! If you could be any animal, what would you be? ?",NULL
demo-test-3,1001,20484,2025-05-15 14:43:11.000,12,"No problem! If you're not sure, let's play a game. Can you think of an animal? What sound does it make?",NULL
demo-test-15,1001,20483,2025-05-15 14:43:11.000,10,"That's totally fine! How about this: if you could travel anywhere, where would you go? What do you want to see there?",NULL
demo-test-13,1001,20485,2025-05-15 14:43:20.000,11,"I see you’re still thinking! No worries! ? If you could travel anywhere, where would you go? A beach or a mountain?",NULL
demo-test-9,1001,20486,2025-05-15 14:43:22.000,14,"That's okay! If you're not sure, let's try this: What color do you like the most? Is it blue, red, or maybe green? ?",NULL
demo-test-1,1001,20487,2025-05-15 15:13:08.000,26,"English is popular because it's used in business, travel, and the internet! ? What do you like most about learning English?",Why do you think English has become the most widely spoken second language in the world?
demo-test-1,1001,20492,2025-05-15 15:18:17.000,27,It seems you didn't write anything. That's okay! ? What do you want to talk about today?,NULL
demo-test-11,1001,20493,2025-05-15 15:18:37.000,10,No worries if you're not ready to answer! How about this: What is your favorite color? ?,NULL
demo-test-10,1001,20494,2025-05-15 15:19:03.000,13,"No problem! If you want, we can talk about animals. Do you have a favorite animal? ???",NULL
demo-test-3,1001,20495,2025-05-15 15:19:25.000,13,It seems like you're quiet today! That's okay. Let's try something simple. Can you tell me your name?,NULL
demo-test-5,1001,20496,2025-05-15 15:19:26.000,15,"That's okay! If you want, you can tell me: What animal do you like the most?",NULL
demo-test-4,1001,20498,2025-05-15 15:19:31.000,14,"That's totally fine! How about this: if you could have any superpower, what would it be? ?‍♂️✨",NULL
demo-test-8,1001,20497,2025-05-15 15:19:31.000,13,That's okay! Sometimes we all need a little time. How about this: What's your favorite color? ?,NULL
demo-test-2,1001,20500,2025-05-15 15:19:36.000,13,I see you haven't replied yet. That's okay! How about this: Can you tell me about your favorite food? What do you love to eat?,NULL
demo-test-18,1001,20499,2025-05-15 15:19:36.000,12,That's okay! Let's keep chatting! Do you have a favorite movie? What is it? ?,NULL
demo-test-7,1001,20501,2025-05-15 15:19:37.000,14,"That's okay! If you prefer, we can talk about animals. Do you have a favorite animal? ??",NULL
demo-test-13,1001,20502,2025-05-15 15:19:37.000,12,It seems you're a bit shy today! That's alright! ? What is your favorite color? Do you like bright colors or soft colors?,NULL
demo-test-16,1001,20503,2025-05-15 15:19:37.000,11,It's okay if you're not sure what to say! Let's try this: What's your favorite color? Why do you like it? ??,NULL
demo-test-12,1001,20504,2025-05-15 15:19:43.000,11,I see you might be a bit shy! That's okay! ? Can you tell me about your family? How many people are in your family? ?‍?‍?‍?,NULL
demo-test-23,1001,20505,2025-05-15 15:19:43.000,10,That's alright! Sometimes it's hard to think of answers. How about this: What's your favorite movie? ?,NULL
demo-test-27,1001,20507,2025-05-15 15:19:49.000,11,"That's okay! If you're not sure, let's try something fun! Do you have a favorite animal? ??",NULL
demo-test-29,1001,20506,2025-05-15 15:19:49.000,11,I see you're taking your time! No problem! ? Can you tell me about a fun place you want to visit? Why do you want to go there? ?,NULL
demo-test-24,1001,20508,2025-05-15 15:19:50.000,11,It seems like you're still thinking! No worries! Let's try something simple: What color do you like the most? ??,NULL
demo-test-20,1001,20509,2025-05-15 15:19:54.000,12,"It seems like you're still thinking! No problem at all! Let me ask you something fun: If you could travel anywhere in the world, where would you go? ✈️",NULL
demo-test-21,1001,20510,2025-05-15 15:19:54.000,11,"I see you're taking your time! That's okay! How about this: If you could travel anywhere, where would you go? ✈️?",NULL
demo-test-6,1001,20511,2025-05-15 15:20:00.000,14,"That's alright! If you're not sure, how about this: What animal do you like the most? Why do you like it? ??",NULL
demo-test-15,1001,20513,2025-05-15 15:20:00.000,11,"No problem! Let's try a fun question. If you could have any superpower, what would it be? Why do you want that power?",NULL
demo-test-19,1001,20512,2025-05-15 15:20:00.000,12,"That's alright! How about this: Do you like to play sports? If yes, which sport do you like? ⚽?",NULL
demo-test-17,1001,20514,2025-05-15 15:20:05.000,11,"It seems you're still pondering! That's totally fine. How about this: if you could have any superpower, what would it be? ?‍♂️✨",NULL
demo-test-22,1001,20517,2025-05-15 15:20:06.000,12,It looks like you didn't type anything! No problem! Let's talk about music! ? Do you have a favorite song or singer? Who do you like?,NULL
demo-test-25,1001,20516,2025-05-15 15:20:06.000,10,"It seems like you're thinking! That's okay! How about this: if you could have any pet, what would it be? ?",NULL
demo-test-26,1001,20518,2025-05-15 15:20:06.000,7,It looks like you didn’t respond. That’s okay! Let’s try again. What’s your favorite food? ?? I’d love to hear about it!,NULL
demo-test-30,1001,20515,2025-05-15 15:20:06.000,7,"That's okay! If you need time, I understand. But if you want to share, what's your favorite movie? ?",NULL
demo-test-14,1001,20519,2025-05-15 15:20:11.000,11,"It's all good! ? Let's try this: What's your favorite hobby? Do you like to draw, play sports, or something else? ?⚽️",NULL
demo-test-9,1001,20521,2025-05-15 15:20:21.000,15,"No answer yet! That's perfectly fine! Let's keep it simple. What is your favorite season? Do you like summer, winter, or maybe rainy days? ☀️❄️?️",NULL
demo-test-28,1001,20522,2025-05-15 15:20:22.000,7,"No problem! If you're thinking, take your time. How about this: What is your favorite food? I love hearing about different foods!",NULL
demo-test-14,1001,20524,2025-05-15 15:44:44.000,12,"No problem! ? If you could travel anywhere in the world, where would you go? ?✈️",NULL
demo-test-19,1001,20525,2025-05-15 15:44:49.000,13,No problem! Let’s try something else! What is your favorite color? ??,NULL
demo-test-1,1001,20526,2025-05-15 15:44:55.000,28,It looks like your message is empty! No worries! ? How about sharing your favorite hobby?,NULL
demo-test-4,1001,20527,2025-05-15 15:45:00.000,15,No worries! Let’s keep it simple. What do you like to do in your free time? ?,NULL
demo-test-6,1001,20528,2025-05-15 15:45:06.000,15,That's perfectly fine! Let's try something different: What do you like to do on weekends? Do you have any fun activities? ??,NULL
demo-test-13,1001,20529,2025-05-15 15:45:06.000,13,I see you're still thinking! That's okay! ? Can you tell me about your favorite movie? Do you like funny movies or action movies?,NULL
demo-test-18,1001,20530,2025-05-15 15:45:12.000,13,No worries! Let's try something different! Do you like to play any sports? Which one? ⚽?,NULL
demo-test-27,1001,20531,2025-05-15 15:45:18.000,12,"No worries! If you don’t have an answer, let’s play a game! Can you name three fruits? ???",NULL
demo-test-5,1001,20532,2025-05-15 15:45:22.000,16,"No problem! If you want to chat, you can tell me about your favorite movie. What is it?",NULL
demo-test-11,1001,20534,2025-05-15 15:45:23.000,11,It seems like you're still thinking! That's totally okay! Let me ask you: What do you like to do on weekends? ?,NULL
demo-test-15,1001,20533,2025-05-15 15:45:23.000,12,"It's okay if you're not ready to answer! How about we play a word game? Can you think of a word that starts with the letter ""B""? What is it?",NULL
demo-test-24,1001,20535,2025-05-15 15:45:28.000,12,I see you didn't write anything again! That's okay! Let me ask you: Do you have any pets? ??,NULL
demo-test-20,1001,20537,2025-05-15 15:45:34.000,13,It looks like you're a bit shy today! That's okay! How about this: What is your favorite hobby? What do you like to do in your free time? ??,NULL
demo-test-21,1001,20538,2025-05-15 15:45:34.000,12,It seems like you're still thinking! That's totally fine! Let's try this: What do you like to do in your free time? ?,NULL
demo-test-29,1001,20536,2025-05-15 15:45:34.000,12,I notice you're still quiet! That's okay! ? How about sharing your favorite hobby? What do you enjoy doing in your free time? ??,NULL
demo-test-10,1001,20539,2025-05-15 15:45:35.000,14,"That's okay! If you're feeling shy, let's try a fun question: If you could have any superpower, what would it be? ?‍♂️✨",NULL
demo-test-3,1001,20540,2025-05-15 15:45:40.000,14,"That's alright! If you're feeling shy, no problem. Let's talk about hobbies. What do you like to do in your free time?",NULL
demo-test-8,1001,20541,2025-05-15 15:45:40.000,14,"That's alright! Let's try something simple. Do you like to play sports? If yes, which one? ⚽?",NULL
demo-test-12,1001,20542,2025-05-15 15:45:40.000,12,"No worries if you're not ready to answer! ? How about we talk about pets? Do you have a pet? If yes, what is its name? ??",NULL
demo-test-22,1001,20544,2025-05-15 15:45:40.000,13,It seems like you didn't type anything again! That's okay! Let's chat about movies! ? Do you have a favorite movie? What movie do you like?,NULL
demo-test-26,1001,20543,2025-05-15 15:45:40.000,8,"I see you didn’t reply. No problem! Let’s keep it fun. If you could be any character from a movie or book, who would you be? ??",NULL
demo-test-2,1001,20546,2025-05-15 15:45:46.000,14,"I noticed you didn't write anything again. No worries! If you're not sure what to say, you can just say ""I like pizza"" or ""I like ice cream."" What do you think?",NULL
demo-test-23,1001,20545,2025-05-15 15:45:46.000,11,"I see you're still thinking! No problem! Let me ask you something fun: If you could travel anywhere in the world, where would you go? ?✈️",NULL
demo-test-9,1001,20548,2025-05-15 15:45:51.000,16,"It seems you're really thinking today! No rush! Let’s try something different. If you could be any superhero, who would you be? ?‍♂️?‍♀️",NULL
demo-test-25,1001,20547,2025-05-15 15:45:51.000,11,"I see you're still quiet! That's alright! If you want, you can tell me about your day. How was it? ?",NULL
demo-test-28,1001,20549,2025-05-15 15:45:51.000,8,"That's alright! If you want to think, no rush. How about this: What is your favorite animal? Do you have a pet?",NULL
demo-test-16,1001,20550,2025-05-15 15:45:56.000,12,"No worries! If you're feeling shy, that's fine! How about we talk about music? Do you have a favorite song? What is it? ??",NULL
demo-test-17,1001,20551,2025-05-15 15:45:57.000,12,"It looks like you're taking a moment! That's perfectly okay. How about this: what is your favorite season of the year? Do you like summer, winter, or maybe spring? ☀️❄️?",NULL
demo-test-7,1001,20552,2025-05-15 15:46:03.000,15,"That's alright! If you don't have anything to say, we can play a game! How about a word association game? I say a word, and you say the first word that comes to your mind. Ready? My word is ""sun""! ☀️?",NULL
demo-test-30,1001,20553,2025-05-15 15:46:03.000,8,"That's alright! If you're feeling shy, we can play a fun game! How about a word association game? I say a word, and you say the first word that comes to your mind! Ready? My word is ""sun."" ☀️ What do you think?",NULL
demo-test-1,1001,20555,2025-05-15 16:00:30.000,29,I see your message is blank again! No problem! ? Can you tell me what you like to do in your free time?,NULL
demo-test-18,1001,20556,2025-05-15 16:00:35.000,14,That's perfectly fine! How about this: What do you like to do in your free time? ?,NULL
demo-test-27,1001,20557,2025-05-15 16:00:40.000,13,That's totally fine! How about this: What is your favorite movie? ??,NULL
demo-test-14,1001,20558,2025-05-15 16:00:57.000,13,That's okay! ? Let's keep it simple. What do you like to do on weekends? ?,NULL
demo-test-23,1001,20559,2025-05-15 16:01:03.000,12,It seems like you're a bit shy today! That's okay! Let's try something easy. What do you like to do on weekends? ?,NULL
demo-test-4,1001,20560,2025-05-15 16:01:08.000,16,"That's okay! How about this: if you could choose any color for your room, what color would you pick? ??",NULL
demo-test-8,1001,20561,2025-05-15 16:01:08.000,15,No worries! It's okay to take your time. How about we talk about music? Do you have a favorite song or singer? ?,NULL
demo-test-5,1001,20563,2025-05-15 16:01:14.000,17,"That's alright! If you're not ready to share, let me ask: Do you like reading books or watching movies more?",NULL
demo-test-6,1001,20564,2025-05-15 16:01:14.000,16,No problem at all! Let's keep it simple: What's your favorite color? Why do you like that color? ??,NULL
demo-test-10,1001,20562,2025-05-15 16:01:14.000,15,"That's alright! If you want to keep it simple, how about this: What is your favorite movie or TV show? ??",NULL
demo-test-20,1001,20565,2025-05-15 16:01:19.000,14,It seems like you're really thinking! That's totally fine! Let's try this: What makes you smile? ?,NULL
demo-test-19,1001,20566,2025-05-15 16:01:20.000,14,That's okay! Let’s try again! What do you like to listen to? Do you have a favorite song or singer? ??,NULL
demo-test-22,1001,20567,2025-05-15 16:01:26.000,14,"No worries! If you want, we can talk about animals! ? Do you have a favorite animal? What is it?",NULL
demo-test-30,1001,20568,2025-05-15 16:01:26.000,9,"No problem! If you're not ready to play, we can just chat. What's something you enjoy doing in your free time? ?",NULL
demo-test-11,1001,20569,2025-05-15 16:01:30.000,12,"It looks like you're not answering today! No problem at all! Just for fun, if you could travel anywhere, where would you go? ✈️",NULL
demo-test-25,1001,20571,2025-05-15 16:01:31.000,12,"I understand! If you're not ready to share, that's perfectly fine! Let’s play a game! Can you tell me three words in English that you like? ?",NULL
demo-test-26,1001,20570,2025-05-15 16:01:31.000,9,"It seems like you're thinking! That's great! If you could choose one superpower, what would it be? ?‍♂️✨ Let's imagine together!",NULL
demo-test-3,1001,20572,2025-05-15 16:01:36.000,15,"It's okay if you don't want to share! Let's try a fun question. If you could be any animal, which one would you choose? Why?",NULL
demo-test-13,1001,20574,2025-05-15 16:01:36.000,14,I notice you're quiet! No problem! ? How about this: What is your favorite hobby? Do you like reading or playing sports?,NULL
demo-test-17,1001,20573,2025-05-15 16:01:36.000,13,"No problem if you're quiet! If you want to share something later, I'm here. How about we talk about music? What's your favorite song or type of music? ??",NULL
demo-test-29,1001,20575,2025-05-15 16:01:36.000,13,I see you're still thinking! No worries! ? How about this: What is your favorite season? Why do you like it? ?☀️?❄️,NULL
demo-test-7,1001,20577,2025-05-15 16:01:42.000,16,"No problem! If you want to take a break, that's fine. ? When you're ready, we can talk about your favorite movie. What is it? ??",NULL
demo-test-24,1001,20576,2025-05-15 16:01:42.000,13,I notice you're still not responding! That's perfectly fine! How about this: What is your favorite season? Do you like summer or winter? ☀️❄️,NULL
demo-test-2,1001,20579,2025-05-15 16:01:47.000,15,"It looks like you didn't write anything again. That's perfectly fine! If you want, you can share a fun fact about yourself. What is something interesting about you?",NULL
demo-test-16,1001,20580,2025-05-15 16:01:47.000,13,"That's alright! If you want to think, no problem! Let's try something fun! If you could have any superpower, what would it be? ?‍♂️✨",NULL
demo-test-28,1001,20578,2025-05-15 16:01:47.000,9,"No worries! If you're not sure, that's okay. Let's try this: What is your favorite color? Why do you like it?",NULL
demo-test-15,1001,20581,2025-05-15 16:01:54.000,13,"That's alright! If you’re not sure, let’s try something easy. What is your favorite season? Do you like summer, winter, or another season?",NULL
demo-test-9,1001,20583,2025-05-15 16:01:59.000,17,"That's okay! Sometimes it's hard to think of answers. Let's make it fun! If you could have any superpower, what would it be? Flying, invisibility, or something else? ?‍♂️✨",NULL
demo-test-12,1001,20582,2025-05-15 16:01:59.000,13,"It looks like you're still thinking! That's perfectly fine! ? Let's try something simple: What is your favorite season? Do you like summer, winter, spring, or fall? ?❄️??",NULL
demo-test-21,1001,20584,2025-05-15 16:02:00.000,13,"I understand! Sometimes it's hard to find words. No worries! Let's make it simple: What is your favorite season: spring, summer, autumn, or winter? ?☀️?❄️",NULL
demo-test-1,1001,20585,2025-05-15 16:04:45.000,30,"English is popular because it's used in many countries for business, travel, and culture! ? What do you think is the hardest part of learning English?",Why do you think English has become the most widely spoken second language in the world?
demo-test-1,1001,20586,2025-05-15 16:05:54.000,31,"English is widely spoken because it's the language of business, science, and entertainment! ? What is your favorite English word or phrase?",Why do you think English has become the most widely spoken second language in the world?
demo-test-5,1001,20587,2025-05-15 16:06:45.000,18,"Great question! English is popular because it's used in business, travel, and the internet. Many people learn it for work or study. \n\nWhat do you think about learning English? Is it easy or hard for you?",Why do you think English has become the most widely spoken second language in the world?
demo-test-1,1001,20588,2025-05-15 16:09:24.000,32,"English is popular because it's used in many areas like business, technology, and movies! ? What do you enjoy most about learning English?",Why do you think English has become the most widely spoken second language in the world?
demo-test-1,1001,20589,2025-05-15 16:10:21.000,33,"English is widely spoken because it's important for jobs, travel, and communication! ? Do you have a favorite English song?",Why do you think English has become the most widely spoken second language in the world?
demo-test-1,1001,20590,2025-05-15 16:10:39.000,34,Learning English through movies and TV shows is fun! ? Advantages are listening practice and new vocabulary. Disadvantages can be slang and fast speaking. What's your favorite movie or show in English?,What are the advantages and disadvantages of learning English through movies and TV shows?
demo-test-1,1001,20591,2025-05-15 16:10:54.000,35,"Cultural understanding helps you use English better! ? For example, knowing idioms and traditions makes conversations easier. What cultural thing do you find interesting?",How can cultural understanding improve your English language skills? Give examples.
demo-test-1,1001,20592,2025-05-15 16:23:42.000,36,"English is widely spoken because it's used in business, science, and popular culture! ? What do you find most exciting about learning English?",Why do you think English has become the most widely spoken second language in the world?
demo-test-1,1001,20593,2025-05-15 16:23:56.000,37,Advantages include fun learning and hearing real conversations! ? Disadvantages can be difficult accents and slang. Do you have a favorite English movie or show?,What are the advantages and disadvantages of learning English through movies and TV shows?
demo-test-1,1001,20594,2025-05-15 16:24:11.000,38,"Cultural understanding helps you use English in context! ? For example, knowing holidays or traditions can make conversations more meaningful. What culture interests you the most?",How can cultural understanding improve your English language skills? Give examples.
demo-test-1,1001,20595,2025-05-15 16:25:47.000,39,"English is popular because it's used in business, travel, and technology! ? What do you enjoy most about practicing English?",Why do you think English has become the most widely spoken second language in the world?
demo-test-2,1001,20596,2025-05-15 16:26:58.000,16,"English is popular because it's used in business, science, and the internet. Many people learn it for better opportunities! What do you think about learning English?",Why do you think English has become the most widely spoken second language in the world?
demo-test-1,1001,20597,2025-05-15 16:27:05.000,40,"English is widely spoken because it's the main language for business, science, and the internet! ? What do you think is the best way to practice English?",Why do you think English has become the most widely spoken second language in the world?
demo-test-3,1001,20598,2025-05-15 16:27:06.000,16,"English is popular because it's used in business, travel, and the internet. Many people want to learn it for better opportunities. What do you think?",Why do you think English has become the most widely spoken second language in the world?
demo-test-1,1001,20599,2025-05-15 16:27:32.000,41,Advantages include learning new vocabulary and hearing natural conversations! ? Disadvantages can be slang and fast dialogue. What's your favorite English movie or show?,What are the advantages and disadvantages of learning English through movies and TV shows?
demo-test-2,1001,20600,2025-05-15 16:27:33.000,17,"Learning English through movies and TV shows is fun! It helps with listening and speaking. But, sometimes the language can be too fast or informal. Do you watch English movies or shows?",What are the advantages and disadvantages of learning English through movies and TV shows?
demo-test-3,1001,20601,2025-05-15 16:27:47.000,17,"Learning English through movies and TV shows is fun! \n\nAdvantages: You hear real conversations and learn slang. \n\nDisadvantages: Sometimes, the language is too fast or hard to understand. \n\nDo you have a favorite movie or show in English?",What are the advantages and disadvantages of learning English through movies and TV shows?
demo-test-2,1001,20602,2025-05-15 16:28:04.000,18,"Cultural understanding helps you use English better! You learn phrases, jokes, and customs. For example, knowing holidays can help in conversations. What culture interests you?",How can cultural understanding improve your English language skills? Give examples.
demo-test-3,1001,20603,2025-05-15 16:28:14.000,18,"Cultural understanding helps you use English better! You learn idioms, jokes, and customs. For example, knowing holidays can help you understand conversations. \n\nWhat cultural thing do you find interesting?",How can cultural understanding improve your English language skills? Give examples.
demo-test-1,1001,20604,2025-05-15 16:28:31.000,42,"Cultural understanding helps you understand idioms and jokes! ? For example, knowing about holidays makes conversations richer. What cultural topic do you like to learn about?",How can cultural understanding improve your English language skills? Give examples.
demo-test-1,1001,20605,2025-05-15 16:30:22.000,43,"English is widely spoken because it's important for business, travel, and technology! ? What do you find most fun about learning English?",Why do you think English has become the most widely spoken second language in the world?
demo-test-2,1001,20608,2025-05-15 16:30:33.000,19,"English is widely spoken because it's the language of business, technology, and travel. Many people learn it for better jobs and connections! Do you want to learn more English?",Why do you think English has become the most widely spoken second language in the world?
demo-test-4,1001,20606,2025-05-15 16:30:33.000,17,"English is popular because it's used in business, travel, and the internet. Many people learn it for better opportunities! ?✨ What do you think about learning English?",Why do you think English has become the most widely spoken second language in the world?
demo-test-5,1001,20607,2025-05-15 16:30:33.000,19,"English is popular because it's used in many countries for business, travel, and entertainment. It's also the language of the internet!\n\nWhat do you enjoy most about learning English?",Why do you think English has become the most widely spoken second language in the world?
demo-test-9,1001,20610,2025-05-15 16:30:39.000,18,"English is popular because it's used in business, science, and the internet. Many people want to learn it for work and travel! ?✨ What languages do you want to learn?",Why do you think English has become the most widely spoken second language in the world?
demo-test-10,1001,20609,2025-05-15 16:30:39.000,16,"English is popular because it is used in business, science, and travel. Many people learn it to connect with others! ? What languages do you speak?",Why do you think English has become the most widely spoken second language in the world?
demo-test-3,1001,20611,2025-05-15 16:30:44.000,19,"English is popular because it's used in business, science, and technology. Many countries teach it in schools. \n\nDo you think learning English is important for your future?",Why do you think English has become the most widely spoken second language in the world?
demo-test-6,1001,20612,2025-05-15 16:30:45.000,17,"English is popular because it's used in business, travel, and the internet. Many people learn it for work or study. What do you think? Why is English important for you? ??",Why do you think English has become the most widely spoken second language in the world?
demo-test-7,1001,20613,2025-05-15 16:30:45.000,17,"English is popular because it's used in business, science, and technology. Many people learn it for travel and communication. ?✈️ What languages do you like to learn?",Why do you think English has become the most widely spoken second language in the world?
demo-test-8,1001,20614,2025-05-15 16:30:49.000,16,"English is popular because it is used in business, travel, and the internet. Many people learn it for jobs and communication. ? \n\nWhat about you? Why do you want to learn English? ?",Why do you think English has become the most widely spoken second language in the world?
demo-test-1,1001,20615,2025-05-15 16:31:11.000,44,Advantages include enjoying stories and learning real-life language! ? Disadvantages can be hard accents and slang. Do you have a favorite English show or movie?,What are the advantages and disadvantages of learning English through movies and TV shows?
demo-test-10,1001,20616,2025-05-15 16:31:38.000,17,Learning English through movies and TV shows is fun! ? Advantages include listening practice and learning slang. Disadvantages can be difficult accents or fast speech. Do you have a favorite movie to learn from? ?,What are the advantages and disadvantages of learning English through movies and TV shows?
demo-test-2,1001,20617,2025-05-15 16:31:43.000,20,"Learning English through movies and TV shows is enjoyable! It helps with listening skills and real-life conversations. However, sometimes the language can be slang or fast. What shows do you like?",What are the advantages and disadvantages of learning English through movies and TV shows?
demo-test-6,1001,20618,2025-05-15 16:31:44.000,18,Learning English through movies and TV shows is fun! Advantages include hearing real conversations and improving listening skills. Disadvantages can be slang or fast speech. Do you have a favorite movie or show in English? ??,What are the advantages and disadvantages of learning English through movies and TV shows?
demo-test-9,1001,20619,2025-05-15 16:31:49.000,19,"Learning English through movies and TV shows is fun! You hear real conversations and see culture. But, sometimes, it's hard to understand accents. ?? What is your favorite movie or show in English?",What are the advantages and disadvantages of learning English through movies and TV shows?
demo-test-4,1001,20620,2025-05-15 16:31:54.000,18,"Learning English through movies and TV shows is fun! ? You hear real conversations and learn slang. But, sometimes, it can be hard to understand accents or fast speech. What shows do you like to watch? ?",What are the advantages and disadvantages of learning English through movies and TV shows?
demo-test-7,1001,20621,2025-05-15 16:31:54.000,18,"Learning English through movies and TV shows is fun! ? You hear real conversations and slang. But, sometimes, it can be hard to understand accents. What shows do you like? ?",What are the advantages and disadvantages of learning English through movies and TV shows?
demo-test-5,1001,20622,2025-05-15 16:31:55.000,20,"Learning English through movies and TV shows is fun! You can hear real conversations and see how people talk. \n\nBut sometimes, the language can be fast or hard to understand. \n\nDo you have a favorite movie or TV show in English?",What are the advantages and disadvantages of learning English through movies and TV shows?
demo-test-8,1001,20623,2025-05-15 16:32:00.000,17,Learning English through movies and TV shows is fun! ? Advantages include hearing real conversations and improving listening skills. Disadvantages might be slang and fast speech. \n\nDo you have a favorite movie or show in English? ?,What are the advantages and disadvantages of learning English through movies and TV shows?
demo-test-3,1001,20624,2025-05-15 16:32:01.000,20,"Learning English through movies and TV shows is fun! \n\nAdvantages: You hear real conversations and learn slang. \n\nDisadvantages: Sometimes, the language is too fast or hard to understand. \n\nDo you have a favorite movie or show in English?",What are the advantages and disadvantages of learning English through movies and TV shows?
demo-test-4,1001,20625,2025-05-15 16:34:11.000,19,"English is popular because it's used in many countries for business, travel, and technology. It connects people globally! ? What do you think makes a language important?",Why do you think English has become the most widely spoken second language in the world?
demo-test-2,1001,20626,2025-05-15 16:34:16.000,21,"English is popular because it connects people globally, especially in business and travel. Many want to learn it for opportunities! Why do you want to learn English?",Why do you think English has become the most widely spoken second language in the world?
demo-test-5,1001,20627,2025-05-15 16:34:17.000,21,"English is widely spoken because it is used in many countries for business, education, and technology. It's also popular in movies and music!\n\nWhat do you think is the best way to practice English?",Why do you think English has become the most widely spoken second language in the world?
demo-test-1,1001,20629,2025-05-15 16:34:22.000,45,"English is popular because it's the language of business, travel, and the internet! ? What do you like most about learning English?",Why do you think English has become the most widely spoken second language in the world?
demo-test-3,1001,20628,2025-05-15 16:34:22.000,21,"English is widely spoken because it connects people globally for business, travel, and culture. Many want to learn it for better opportunities. \n\nWhat do you think is the best way to practice English?",Why do you think English has become the most widely spoken second language in the world?
demo-test-4,1001,20630,2025-05-15 16:34:48.000,20,"Learning English through movies and TV shows is fun! ? You see culture and hear real conversations. But sometimes, it can be hard to understand. What’s your favorite movie or show? ?",What are the advantages and disadvantages of learning English through movies and TV shows?
demo-test-2,1001,20631,2025-05-15 16:34:54.000,22,"Learning English through movies and TV shows is fun and helps with listening! But, sometimes the language can be difficult or too casual. What’s your favorite movie?",What are the advantages and disadvantages of learning English through movies and TV shows?
demo-test-1,1001,20632,2025-05-15 16:35:01.000,46,Advantages include fun learning and hearing natural speech! ? Disadvantages can be slang and fast talking. What's your favorite movie or show in English?,What are the advantages and disadvantages of learning English through movies and TV shows?
demo-test-5,1001,20633,2025-05-15 16:35:06.000,22,"Learning English through movies and TV shows is fun! You can hear real conversations and learn new words. \n\nBut sometimes, it can be hard to understand accents or slang. \n\nDo you have a favorite movie or show you watch to learn English?",What are the advantages and disadvantages of learning English through movies and TV shows?
demo-test-3,1001,20634,2025-05-15 16:35:27.000,22,"Learning English through movies and TV shows is enjoyable! \n\nAdvantages: You hear natural speech and learn about culture. \n\nDisadvantages: Sometimes, the accents can be hard to understand. \n\nWhat show or movie do you like to watch in English?",What are the advantages and disadvantages of learning English through movies and TV shows?
demo-test-4,1001,20635,2025-05-15 16:35:32.000,21,"Cultural understanding helps you use English better! ? You learn idioms, jokes, and customs. For example, knowing holidays can help you understand conversations. What cultural things do you like? ?",How can cultural understanding improve your English language skills? Give examples.
demo-test-2,1001,20636,2025-05-15 16:35:37.000,23,"Cultural understanding helps you use English naturally! For example, knowing idioms or traditions makes conversations easier. It also helps with humor! What culture do you find interesting?",How can cultural understanding improve your English language skills? Give examples.
demo-test-1,1001,20637,2025-05-15 16:35:44.000,47,"Cultural understanding helps you use English better! ? For example, knowing local customs can help in conversations. What culture do you find most interesting?",How can cultural understanding improve your English language skills? Give examples.
demo-test-5,1001,20638,2025-05-15 16:35:48.000,23,"Cultural understanding helps you use English better! It teaches you expressions, idioms, and how to talk in different situations. For example, knowing holidays can help you understand conversations.\n\nWhat cultural things do you find interesting in English-speaking countries?",How can cultural understanding improve your English language skills? Give examples.
demo-test-3,1001,20639,2025-05-15 16:35:55.000,23,"Cultural understanding helps you use English better! It teaches you idioms and context. For example, knowing about holidays can help in conversations. \n\nWhat cultural aspect do you find interesting?",How can cultural understanding improve your English language skills? Give examples.
demo-test-1,1001,20640,2025-05-15 16:37:58.000,48,"English is widely spoken because it's essential for global business, travel, and technology! ? What do you enjoy most about learning English?",Why do you think English has become the most widely spoken second language in the world?
demo-test-5,1001,20641,2025-05-15 16:38:00.000,24,"English is widely spoken because it's the language of business, science, and the internet. Many people learn it for better job opportunities!\n\nWhat do you enjoy most about learning English?",Why do you think English has become the most widely spoken second language in the world?
demo-test-2,1001,20642,2025-05-15 16:38:05.000,24,"English is widely spoken because it's the main language for business, science, and the internet. Many people learn it for better jobs! Do you enjoy learning English?",Why do you think English has become the most widely spoken second language in the world?
demo-test-3,1001,20644,2025-05-15 16:38:05.000,24,"English is popular because it’s used in business, technology, and travel. Many countries teach it in schools to connect with others. \n\nDo you think learning English will help you in your future job?",Why do you think English has become the most widely spoken second language in the world?
demo-test-4,1001,20643,2025-05-15 16:38:05.000,22,"English is widely spoken because it's used in business, science, and technology. Many people learn it for better jobs! ? What do you enjoy about learning English?",Why do you think English has become the most widely spoken second language in the world?
demo-test-2,1001,20645,2025-05-15 16:38:30.000,25,"Learning English through movies and TV shows is enjoyable and helps with listening skills! But sometimes, the language can be too fast or informal. What’s your favorite show?",What are the advantages and disadvantages of learning English through movies and TV shows?
demo-test-1,1001,20646,2025-05-15 16:38:36.000,49,Advantages include fun learning and exposure to real conversations! ? Disadvantages can be difficult slang and fast speech. What's your favorite English movie or show?,What are the advantages and disadvantages of learning English through movies and TV shows?
demo-test-4,1001,20647,2025-05-15 16:38:47.000,23,"Learning English through movies and TV shows is exciting! ? You learn slang and hear different accents. But, sometimes, the language can be too fast or hard. What's your favorite show to watch in English? ?",What are the advantages and disadvantages of learning English through movies and TV shows?
demo-test-5,1001,20648,2025-05-15 16:38:58.000,25,"Learning English through movies and TV shows is fun and engaging! You can hear natural speech and learn new vocabulary. \n\nBut sometimes, it can be hard to catch everything because of fast talking or slang. \n\nWhat movie or show do you like to watch for learning English?",What are the advantages and disadvantages of learning English through movies and TV shows?
demo-test-2,1001,20649,2025-05-15 16:39:09.000,26,"Cultural understanding improves English skills by helping you understand context and expressions. For example, knowing holidays or traditions makes conversations richer! What culture do you like?",How can cultural understanding improve your English language skills? Give examples.
demo-test-1,1001,20650,2025-05-15 16:39:15.000,50,"Cultural understanding helps you use English in context! ? For example, knowing about holidays can make conversations richer. What cultural topic do you like to explore?",How can cultural understanding improve your English language skills? Give examples.
demo-test-3,1001,20651,2025-05-15 16:39:16.000,25,"Learning English through movies and TV shows is fun! \n\nAdvantages: You hear real conversations and see different cultures. \n\nDisadvantages: Sometimes, the slang can be confusing. \n\nWhat’s your favorite movie or show in English?",What are the advantages and disadvantages of learning English through movies and TV shows?
demo-test-4,1001,20652,2025-05-15 16:39:22.000,24,"Cultural understanding helps you use English more naturally! ? For example, knowing holidays can help you understand conversations better. What cultural things do you find interesting? ?",How can cultural understanding improve your English language skills? Give examples.
demo-test-5,1001,20653,2025-05-15 16:39:28.000,26,"Cultural understanding improves your English skills by helping you understand jokes, idioms, and social customs. For example, knowing about Thanksgiving helps you understand conversations around that holiday.\n\nWhat cultural things do you want to learn more about in English?",How can cultural understanding improve your English language skills? Give examples.
demo-test-3,1001,20654,2025-05-15 16:39:45.000,26,"Cultural understanding improves English skills by helping you grasp idioms and humor. For example, knowing about Thanksgiving helps you understand related conversations. \n\nWhat cultural thing do you enjoy learning about?",How can cultural understanding improve your English language skills? Give examples.
demo-test-1,1001,20655,2025-05-15 16:43:46.000,51,"English is widely spoken because it's important for business, technology, and travel! ? What do you think is the most fun part of learning English?",Why do you think English has become the most widely spoken second language in the world?
demo-test-4,1001,20656,2025-05-15 16:43:47.000,25,"English is popular because it's the main language for business, travel, and the internet. It connects people everywhere! ? Why do you want to learn English?",Why do you think English has become the most widely spoken second language in the world?
demo-test-2,1001,20657,2025-05-15 16:43:52.000,27,"English is popular because it's used in many countries for business, travel, and technology. Many learn it for better opportunities! Why do you want to learn English?",Why do you think English has become the most widely spoken second language in the world?
demo-test-5,1001,20658,2025-05-15 16:43:52.000,27,"English is widely spoken because it's used in business, travel, and technology. It's also popular in music and movies, making it easy to learn!\n\nWhat do you think is the most fun way to practice English?",Why do you think English has become the most widely spoken second language in the world?
demo-test-3,1001,20659,2025-05-15 16:43:58.000,27,"English is widely spoken because it's used in business, travel, and the internet. Many people learn it for better job opportunities. \n\nWhat do you think is the best way to practice speaking English?",Why do you think English has become the most widely spoken second language in the world?
demo-test-1,1001,20660,2025-05-15 16:44:07.000,52,Advantages include learning new vocabulary and enjoying stories! ? Disadvantages can be slang and fast speaking. Do you have a favorite English movie or series?,What are the advantages and disadvantages of learning English through movies and TV shows?
demo-test-4,1001,20661,2025-05-15 16:44:18.000,26,"Learning English through movies and TV shows is fun! ? You hear real conversations and learn slang. But, sometimes, the accents can be tricky. What movie do you love to watch? ?",What are the advantages and disadvantages of learning English through movies and TV shows?
demo-test-1,1001,20663,2025-05-15 16:44:33.000,53,"Cultural understanding helps you understand context and expressions! ? For example, knowing about traditions can make conversations easier. What culture interests you the most?",How can cultural understanding improve your English language skills? Give examples.
demo-test-2,1001,20662,2025-05-15 16:44:33.000,28,"Learning English through movies and TV shows is fun and helps with listening! However, the language can be informal or hard to understand. What shows do you enjoy?",What are the advantages and disadvantages of learning English through movies and TV shows?
demo-test-4,1001,20664,2025-05-15 16:44:52.000,27,"Cultural understanding helps you use English more naturally! ? For example, knowing about holidays or traditions can help you understand conversations better. What cultural things do you enjoy? ?",How can cultural understanding improve your English language skills? Give examples.
demo-test-5,1001,20665,2025-05-15 16:44:52.000,28,"Learning English through movies and TV shows is enjoyable! You can see how people really speak and learn new words. \n\nBut sometimes, the slang or fast dialogue can be confusing. \n\nWhat movie or show do you like to watch in English?",What are the advantages and disadvantages of learning English through movies and TV shows?
demo-test-3,1001,20666,2025-05-15 16:45:05.000,28,"Learning English through movies and TV shows is enjoyable! \n\nAdvantages: You hear natural conversations and learn slang. \n\nDisadvantages: Sometimes, the fast pace can be hard to follow. \n\nWhat’s a movie or show you enjoy that’s in English?",What are the advantages and disadvantages of learning English through movies and TV shows?
demo-test-2,1001,20667,2025-05-15 16:45:09.000,29,"Cultural understanding helps you use English in context! For example, knowing about holidays can help in conversations. It also helps with humor and idioms! What culture interests you?",How can cultural understanding improve your English language skills? Give examples.
demo-test-5,1001,20668,2025-05-15 16:45:19.000,29,"Cultural understanding helps you use English better by knowing context and expressions. For example, understanding holidays like Christmas helps with related conversations.\n\nWhat cultural things do you find interesting about English-speaking countries?",How can cultural understanding improve your English language skills? Give examples.
demo-test-3,1001,20669,2025-05-15 16:45:29.000,29,"Cultural understanding improves English skills by helping you understand context and idioms. For example, knowing about Christmas can help you understand related jokes. \n\nWhat cultural topic interests you the most?",How can cultural understanding improve your English language skills? Give examples.
demo-test-1,1001,20670,2025-05-15 16:49:09.000,54,"English is popular because it's used in business, technology, and entertainment! ? What do you enjoy most about learning English?",Why do you think English has become the most widely spoken second language in the world?
demo-test-2,1001,20671,2025-05-15 16:49:09.000,30,"English is widely spoken because it's the language of business, science, and the internet. Many people learn it for better jobs and communication! Do you enjoy learning English?",Why do you think English has become the most widely spoken second language in the world?
demo-test-4,1001,20672,2025-05-15 16:49:09.000,28,"English is widely spoken because it’s used in business, science, and technology. Many people learn it for better opportunities! ? What do you think makes a language popular?",Why do you think English has become the most widely spoken second language in the world?
demo-test-5,1001,20673,2025-05-15 16:49:10.000,30,"English is widely spoken because it's the main language for business, science, and the internet. Many people learn it for travel and communication!\n\nWhat do you think is the best way to practice speaking English?",Why do you think English has become the most widely spoken second language in the world?
demo-test-3,1001,20674,2025-05-15 16:49:21.000,30,"English is widely spoken because it's used in business, technology, and travel. Many people learn it for better job chances. \n\nDo you think learning English is important for making friends?",Why do you think English has become the most widely spoken second language in the world?
demo-test-2,1001,20675,2025-05-15 16:49:41.000,31,"Learning English through movies and TV shows is entertaining and improves listening skills! However, the language can be slang or too fast sometimes. What’s your favorite movie or show?",What are the advantages and disadvantages of learning English through movies and TV shows?
demo-test-1,1001,20676,2025-05-15 16:49:47.000,55,Advantages include fun learning and hearing real conversations! ? Disadvantages can be difficult accents and slang. What's your favorite English movie or show?,What are the advantages and disadvantages of learning English through movies and TV shows?
demo-test-5,1001,20677,2025-05-15 16:50:12.000,31,"Learning English through movies and TV shows is fun! You can hear real conversations and see different cultures. \n\nBut sometimes, it can be hard to understand accents or fast speech. \n\nWhat is your favorite movie or show that helps you learn English?",What are the advantages and disadvantages of learning English through movies and TV shows?
demo-test-2,1001,20679,2025-05-15 16:50:32.000,32,"Cultural understanding improves English skills by helping you grasp context and expressions. For example, knowing about Thanksgiving helps in conversations about family traditions! What culture do you find interesting?",How can cultural understanding improve your English language skills? Give examples.
demo-test-4,1001,20678,2025-05-15 16:50:32.000,29,"Learning English through movies and TV shows is enjoyable! ? You can hear real conversations and learn new words. But, sometimes, it can be hard to follow the fast speech. What’s your favorite movie or show in English? ?",What are the advantages and disadvantages of learning English through movies and TV shows?
demo-test-1,1001,20680,2025-05-15 16:50:37.000,56,"Cultural understanding helps you use English more effectively! ? For example, knowing local customs can improve your conversation skills. What culture do you find fascinating?",How can cultural understanding improve your English language skills? Give examples.
demo-test-3,1001,20681,2025-05-15 16:50:38.000,31,"Learning English through movies and TV shows is fun! \n\nAdvantages: You hear real conversations and learn about culture. \n\nDisadvantages: Sometimes, the language can be too fast or hard to understand. \n\nWhat’s your favorite movie or show in English?",What are the advantages and disadvantages of learning English through movies and TV shows?
demo-test-4,1001,20682,2025-05-15 16:51:00.000,30,"Cultural understanding helps you speak English more naturally! ? For example, knowing idioms or jokes makes conversations easier. What cultural things do you find interesting or fun? ?",How can cultural understanding improve your English language skills? Give examples.
demo-test-5,1001,20683,2025-05-15 16:51:07.000,32,"Cultural understanding improves your English by helping you grasp idioms and social cues. For example, knowing about Thanksgiving helps you understand related discussions.\n\nWhat cultural aspects of English-speaking countries do you want to explore?",How can cultural understanding improve your English language skills? Give examples.
demo-test-3,1001,20684,2025-05-15 16:51:13.000,32,"Cultural understanding improves English skills by helping you use phrases correctly. For example, knowing about Thanksgiving helps you understand related conversations and jokes. \n\nWhat cultural tradition do you find interesting?",How can cultural understanding improve your English language skills? Give examples.
demo-test-1,1001,20685,2025-05-15 16:55:33.000,57,"English is widely spoken because it's the main language for business, travel, and the internet! ? What do you think is the best way to practice English?",Why do you think English has become the most widely spoken second language in the world?
demo-test-2,1001,20687,2025-05-15 16:56:06.000,33,"English is widely spoken because it's important for business, travel, and technology. Many people learn it to connect with others globally! Why do you want to learn English?",Why do you think English has become the most widely spoken second language in the world?
demo-test-4,1001,20686,2025-05-15 16:56:06.000,31,"English is widely spoken because it's important for business, travel, and the internet. It connects people globally! ? What do you enjoy most about learning English?",Why do you think English has become the most widely spoken second language in the world?
demo-test-9,1001,20688,2025-05-15 16:56:06.000,20,"English is popular because it's used in business, science, and the internet. Many people want to learn it for work and travel! ?✨ What languages do you want to learn?",Why do you think English has become the most widely spoken second language in the world?
demo-test-6,1001,20690,2025-05-15 16:56:10.000,19,"English is widely spoken because it's used in many countries for business, education, and travel. It's also popular in music and movies! Do you think learning English is important for your future? ?✨",Why do you think English has become the most widely spoken second language in the world?
demo-test-10,1001,20689,2025-05-15 16:56:10.000,18,"English is popular because it is used in many countries for business, education, and travel. It connects people globally! ? What do you think about learning English?",Why do you think English has become the most widely spoken second language in the world?
demo-test-12,1001,20691,2025-05-15 16:56:12.000,14,"English is popular because it's used in business, travel, and the internet! ? Many people want to learn it for better opportunities. What do you think about learning English? ?",Why do you think English has become the most widely spoken second language in the world?
demo-test-14,1001,20692,2025-05-15 16:56:15.000,14,"English is popular because it's used in business, science, and technology. Many people want to learn it for better opportunities! ?✨ What do you think about learning English?",Why do you think English has become the most widely spoken second language in the world?
demo-test-5,1001,20693,2025-05-15 16:56:16.000,33,"English is widely spoken because it is the language of business, technology, and entertainment. Many people learn it for better job opportunities and travel!\n\nWhat do you find most interesting about learning English?",Why do you think English has become the most widely spoken second language in the world?
demo-test-13,1001,20694,2025-05-15 16:56:20.000,15,"English is popular because it is used in business, travel, and the internet. Many people learn it for work and fun! ? What do you think about learning English?",Why do you think English has become the most widely spoken second language in the world?
demo-test-15,1001,20695,2025-05-15 16:56:21.000,14,"English is popular because it is used in business, travel, and the internet. Many people want to learn it for better opportunities. What do you think?",Why do you think English has become the most widely spoken second language in the world?
demo-test-7,1001,20696,2025-05-15 16:56:30.000,19,"English is popular because it's used in business, science, and technology. Many people learn it for travel and communication. ?✈️ What languages do you like to learn?",Why do you think English has become the most widely spoken second language in the world?
demo-test-17,1001,20697,2025-05-15 16:56:40.000,14,"English is popular because it's used in business, technology, and entertainment. Many people want to learn it for work or travel. What do you think about learning English? ??",Why do you think English has become the most widely spoken second language in the world?
demo-test-16,1001,20698,2025-05-15 16:56:46.000,14,"English is popular because it's used in business, science, and the internet! Many people learn it for work or travel. What do you think? ??",Why do you think English has become the most widely spoken second language in the world?
demo-test-18,1001,20699,2025-05-15 16:56:57.000,15,"English is popular because it's used in business, travel, and the internet. Many people want to learn it for better opportunities! ?\n\nWhat do you think is the best way to learn a new language? ?",Why do you think English has become the most widely spoken second language in the world?
demo-test-3,1001,20700,2025-05-15 16:57:01.000,33,"English is widely spoken because it’s the main language for business, travel, and the internet. Many people learn it for better opportunities. \n\nDo you think learning English is fun? Why or why not?",Why do you think English has become the most widely spoken second language in the world?
demo-test-20,1001,20701,2025-05-15 16:57:16.000,15,"English is popular because it's used in business, travel, and the internet. Many people learn it for better opportunities! ? What about you? Why do you want to learn English?",Why do you think English has become the most widely spoken second language in the world?
demo-test-8,1001,20702,2025-05-15 16:57:27.000,18,"English is popular because it connects people globally, especially in business, travel, and technology. Many learn it for better opportunities. ? \n\nWhat do you think is the best way to practice English? ?",Why do you think English has become the most widely spoken second language in the world?
demo-test-11,1001,20703,2025-05-15 16:57:31.000,13,"English is popular because it's used in business, technology, and entertainment. Many people want to learn it for jobs or travel! ?\n\nWhat about you? Why do you want to learn English? ?",Why do you think English has become the most widely spoken second language in the world?
demo-test-19,1001,20704,2025-05-15 16:57:36.000,15,"English is popular because it's used in business, travel, and the internet. Many people want to learn it for better opportunities! ?✨ \n\nWhat about you? Why do you want to learn English? ?",Why do you think English has become the most widely spoken second language in the world?
demo-test-1,1001,20705,2025-05-15 16:57:52.000,58,Advantages include enjoying stories and learning everyday language! ? Disadvantages can be slang and fast dialogue. Do you have a favorite English movie or series?,What are the advantages and disadvantages of learning English through movies and TV shows?
demo-test-2,1001,20706,2025-05-15 16:58:42.000,34,"Learning English through movies and TV shows is fun and helps with listening! But sometimes, the language can be informal or difficult to understand. What’s your favorite show?",What are the advantages and disadvantages of learning English through movies and TV shows?
demo-test-6,1001,20707,2025-05-15 16:58:47.000,20,Learning English through movies and TV shows is fun! Advantages include hearing real conversations and improving listening skills. Disadvantages might be slang or fast speech. Do you have a favorite movie or show in English? ??,What are the advantages and disadvantages of learning English through movies and TV shows?
demo-test-10,1001,20708,2025-05-15 16:58:48.000,19,Learning English through movies and TV shows is fun! ? Advantages include listening practice and learning new vocabulary. Disadvantages might be fast speaking or unclear accents. Do you have a favorite show to practice with? ?,What are the advantages and disadvantages of learning English through movies and TV shows?
demo-test-1,1001,20709,2025-05-15 16:59:02.000,58,"English is popular because it's used in business, travel, and technology! ? What do you find most exciting about learning English?",Why do you think English has become the most widely spoken second language in the world?
demo-test-14,1001,20710,2025-05-15 16:59:08.000,15,"Learning English through movies and TV shows is fun! ? You hear real conversations and learn new words. But sometimes, it can be hard to understand accents. What shows do you like to watch? ??",What are the advantages and disadvantages of learning English through movies and TV shows?
demo-test-4,1001,20711,2025-05-15 16:59:12.000,32,"Learning English through movies and TV shows is fun! ? You see culture and hear real conversations. But sometimes, the language can be too fast or hard to understand. What’s your favorite show? ?",What are the advantages and disadvantages of learning English through movies and TV shows?
demo-test-18,1001,20712,2025-05-15 16:59:18.000,16,Learning English through movies and TV shows is fun! ? Advantages include hearing real conversations and slang. Disadvantages may be difficult accents or fast speech.\n\nDo you have a favorite movie or show that you like to watch in English? ?,What are the advantages and disadvantages of learning English through movies and TV shows?
demo-test-15,1001,20713,2025-05-15 16:59:22.000,15,"Learning English through movies and TV shows is fun! It helps with listening and speaking. But, sometimes the language can be too fast or difficult. Do you have a favorite movie or show in English?",What are the advantages and disadvantages of learning English through movies and TV shows?
demo-test-16,1001,20714,2025-05-15 16:59:30.000,15,"Learning English through movies and TV shows is fun! You hear real conversations and learn slang. But sometimes, the language can be too fast or hard. Do you have a favorite movie or show in English? ??",What are the advantages and disadvantages of learning English through movies and TV shows?
demo-test-12,1001,20715,2025-05-15 16:59:33.000,15,"Learning English through movies and TV shows is fun! ? You hear real conversations and slang. But sometimes, it's hard to understand accents. Do you have a favorite movie or show in English? ?",What are the advantages and disadvantages of learning English through movies and TV shows?
demo-test-17,1001,20716,2025-05-15 16:59:43.000,15,"Learning English through movies and TV shows is fun! You hear real conversations and slang. But sometimes, the language can be too fast or hard to understand. Do you watch English movies or shows? ??",What are the advantages and disadvantages of learning English through movies and TV shows?
demo-test-9,1001,20717,2025-05-15 16:59:53.000,21,"Learning English through movies and TV shows is fun! You hear real conversations and see culture. But, sometimes, it's hard to understand accents. ?? What is your favorite movie or show in English?",What are the advantages and disadvantages of learning English through movies and TV shows?
demo-test-13,1001,20718,2025-05-15 16:59:58.000,16,"Learning English through movies and TV shows is fun! ? You hear real conversations and learn new words. But, sometimes, the language can be too fast or hard. What do you like to watch?",What are the advantages and disadvantages of learning English through movies and TV shows?
demo-test-1,1001,20719,2025-05-15 17:00:14.000,59,"Cultural understanding helps you use English in context! ? For example, knowing about holidays or traditions can make conversations more engaging. What cultural topic interests you?",How can cultural understanding improve your English language skills? Give examples.
demo-test-7,1001,20720,2025-05-15 17:00:19.000,20,"Learning English through movies and TV shows is fun! ? You hear real conversations and slang. But, sometimes, it can be hard to understand accents. What shows do you like? ?",What are the advantages and disadvantages of learning English through movies and TV shows?
demo-test-5,1001,20721,2025-05-15 17:00:24.000,34,"Learning English through movies and TV shows is enjoyable! You can see real-life conversations and learn new vocabulary. \n\nBut sometimes, the language can be fast or use slang that is hard to understand. \n\nDo you have a favorite movie or show that helps you learn English?",What are the advantages and disadvantages of learning English through movies and TV shows?
demo-test-19,1001,20722,2025-05-15 17:00:29.000,16,Learning English through movies and TV shows is fun! Advantages include listening practice and learning slang. Disadvantages might be unclear accents or fast speaking. ??\n\nDo you have a favorite movie or show you watch in English? ?,What are the advantages and disadvantages of learning English through movies and TV shows?
demo-test-8,1001,20723,2025-05-15 17:00:39.000,19,Learning English through movies and TV shows is fun! ? Advantages include improving listening skills and learning slang. Disadvantages can be understanding fast speech or accents. \n\nWhat’s your favorite movie or show in English? ?,What are the advantages and disadvantages of learning English through movies and TV shows?
demo-test-11,1001,20724,2025-05-15 17:01:17.000,14,"Learning English through movies and TV shows is fun! You can hear real conversations and see culture. But, sometimes, the language can be hard to understand! ?\n\nDo you have a favorite movie or TV show in English? ?",What are the advantages and disadvantages of learning English through movies and TV shows?
demo-test-2,1001,20725,2025-05-15 17:01:26.000,35,"Cultural understanding helps you use English naturally! For example, knowing idioms or local customs makes conversations smoother. It also helps with jokes and references! What culture do you like?",How can cultural understanding improve your English language skills? Give examples.
demo-test-6,1001,20726,2025-05-15 17:01:36.000,21,"Cultural understanding helps you use English better! It teaches you idioms and expressions. For example, knowing a holiday can help with related conversations. What cultural things do you enjoy learning about? ??",How can cultural understanding improve your English language skills? Give examples.
demo-test-15,1001,20727,2025-05-15 17:01:37.000,16,"Cultural understanding helps you know idioms and expressions better! For example, knowing American holidays can help you understand conversations. Do you know any English idioms?",How can cultural understanding improve your English language skills? Give examples.
demo-test-4,1001,20728,2025-05-15 17:01:47.000,33,"Cultural understanding helps you use English better! ? For example, knowing about traditions can help you understand jokes or phrases. What cultural things do you like to learn about? ?",How can cultural understanding improve your English language skills? Give examples.
demo-test-14,1001,20729,2025-05-15 17:01:59.000,16,"Cultural understanding helps you know phrases and expressions better! For example, knowing holidays or traditions can make conversations easier. Have you learned any English phrases from culture? ?✨",How can cultural understanding improve your English language skills? Give examples.
demo-test-10,1001,20731,2025-05-15 17:02:02.000,20,"Cultural understanding helps you use English better! For example, knowing idioms or jokes makes conversations easier. It also helps with body language! ? What cultural things do you like?",How can cultural understanding improve your English language skills? Give examples.
demo-test-16,1001,20730,2025-05-15 17:02:02.000,16,"Cultural understanding helps you know idioms and jokes in English! For example, knowing American holidays can help you understand conversations better. What cultural things do you like? ??",How can cultural understanding improve your English language skills? Give examples.
demo-test-12,1001,20732,2025-05-15 17:02:07.000,16,"Cultural understanding helps you use words and phrases correctly! ? For example, knowing idioms makes conversations easier. Have you learned any English phrases from culture? ?",How can cultural understanding improve your English language skills? Give examples.
demo-test-17,1001,20733,2025-05-15 17:02:32.000,16,"Cultural understanding helps you use English better! You learn expressions and traditions. For example, knowing holidays helps with conversation. Do you have a favorite English-speaking culture? ?✨",How can cultural understanding improve your English language skills? Give examples.
demo-test-3,1001,20734,2025-05-15 17:02:33.000,34,"Learning English through movies and TV shows is enjoyable! \n\nAdvantages: You hear natural speech and see different cultures. \n\nDisadvantages: Sometimes, the slang can be confusing or hard to follow. \n\nWhat’s a movie or show that helped you learn English?",What are the advantages and disadvantages of learning English through movies and TV shows?
demo-test-20,1001,20735,2025-05-15 17:02:43.000,16,"Learning English through movies and TV shows is fun! ? \n\nAdvantages: You hear real conversations and learn slang. \n\nDisadvantages: Sometimes, the language can be too fast or difficult. \n\nDo you have a favorite movie or show to practice English? ?",What are the advantages and disadvantages of learning English through movies and TV shows?
demo-test-5,1001,20737,2025-05-15 17:02:47.000,35,"Cultural understanding improves your English by helping you know idioms and references. For example, knowing about Halloween helps you understand jokes or stories related to it.\n\nWhat cultural topics do you want to learn more about in English?",How can cultural understanding improve your English language skills? Give examples.
demo-test-7,1001,20736,2025-05-15 17:02:47.000,21,"Cultural understanding helps you use English better! ? For example, knowing idioms and traditions makes conversations easier. Can you share a cultural tradition from Indonesia? ?",How can cultural understanding improve your English language skills? Give examples.
demo-test-13,1001,20738,2025-05-15 17:02:51.000,17,"Cultural understanding helps you use words and phrases correctly! For example, knowing idioms or jokes makes conversations better. It’s fun to learn about cultures! What culture interests you?",How can cultural understanding improve your English language skills? Give examples.
demo-test-9,1001,20739,2025-05-15 17:03:02.000,22,"Cultural understanding helps you use English better! You learn idioms, jokes, and customs. For example, knowing holidays can help you understand conversations! ?? What cultural things do you like?",How can cultural understanding improve your English language skills? Give examples.
demo-test-18,1001,20740,2025-05-15 17:03:02.000,17,"Cultural understanding helps you use English better! It gives context to words and phrases. For example, knowing idioms makes conversations easier! ?\n\nWhat cultural aspect interests you the most? Food, music, or traditions? ?️?",How can cultural understanding improve your English language skills? Give examples.
demo-test-11,1001,20742,2025-05-15 17:03:13.000,15,"Cultural understanding helps you use English better! You learn phrases and customs. For example, knowing holidays helps with conversation! ?\n\nWhat cultural things do you find interesting? ?",How can cultural understanding improve your English language skills? Give examples.
demo-test-19,1001,20741,2025-05-15 17:03:13.000,17,"Cultural understanding helps you use English better! You learn phrases, humor, and traditions. For example, knowing holidays can help with conversation! ??\n\nWhat cultural things do you find interesting? ?",How can cultural understanding improve your English language skills? Give examples.
demo-test-8,1001,20743,2025-05-15 17:03:18.000,20,"Cultural understanding helps you use English better! It teaches you idioms, expressions, and context. For example, knowing holidays can help with conversation. ? \n\nWhat cultural aspect interests you the most? ?",How can cultural understanding improve your English language skills? Give examples.
demo-test-1,1001,20748,2025-05-16 13:58:33.000,60,It seems like you didn't write anything! No worries! ? What would you like to share about your favorite culture or tradition?,NULL
demo-test-10,1001,20749,2025-05-16 13:58:35.000,21,"That's okay! If you're not sure, we can talk about something else. Do you like music? What kind of music do you enjoy? ?",NULL
demo-test-19,1001,20750,2025-05-16 13:58:37.000,18,"That's okay! If you're not sure, let's talk about something fun! What is your favorite game to play? ??",NULL
demo-test-3,1001,20751,2025-05-16 13:58:38.000,35,It looks like you didn't type anything. That's okay! Let's keep the conversation going. What's your favorite way to practice English?,NULL
demo-test-2,1001,20752,2025-05-16 13:58:39.000,36,"It looks like you didn't write anything! That's okay! If you want to share something or ask a question, I'm here to help! What would you like to talk about?",NULL
demo-test-30,1001,20753,2025-05-16 13:58:39.000,10,"That's okay! If you want to think, take your time. But if you feel like sharing, what makes you happy? ?",NULL
demo-test-37,1001,20754,2025-05-16 13:58:41.000,8,It seems like you didn’t write anything again! No problem! Let’s try this: What is your favorite color? ??,NULL
demo-test-39,1001,20755,2025-05-16 13:58:41.000,9,No worries! Let’s try again. What do you like to do on weekends? ?,NULL
demo-test-4,1001,20757,2025-05-16 13:58:43.000,34,"It seems like you didn't type anything! That's okay! If you have a question or topic in mind, feel free to share! ?",NULL
demo-test-5,1001,20758,2025-05-16 13:58:43.000,36,"It seems like you didn't type anything! If you have a question or something to share, feel free! What would you like to talk about?",NULL
demo-test-46,1001,20756,2025-05-16 13:58:43.000,8,"That's alright! If you want to share, just take your time. How about this: What's your favorite color? ?",NULL
demo-test-47,1001,20759,2025-05-16 13:58:43.000,9,"Hmm, still no answer! Let's keep it fun! If you had a pet, what animal would you choose? ??",NULL
demo-test-48,1001,20760,2025-05-16 13:58:44.000,9,It seems like you are quiet today! That's okay! How about this: What is your favorite color? ??,NULL
demo-test-7,1001,20761,2025-05-16 13:58:48.000,22,"That's okay! If you want, we can talk about food. What's your favorite Indonesian dish? ?️?",NULL
demo-test-6,1001,20762,2025-05-16 13:58:49.000,22,"It looks like you didn't write anything! That's okay! If you want, you can share your favorite cultural experience or something interesting you learned. ?✨",NULL
demo-test-9,1001,20763,2025-05-16 13:58:53.000,23,"That's okay! If you're not sure, let's try this: What is your favorite holiday? Do you like Christmas, Eid, or maybe New Year? ?✨",NULL
demo-test-8,1001,20764,2025-05-16 13:58:54.000,21,"That's okay! If you think of something later, we can chat. How about this: What's your favorite food to eat? ??",NULL
demo-test-11,1001,20765,2025-05-16 13:58:58.000,16,It seems like you’re thinking again! That’s okay! Let me ask you: What do you like to do when you learn English? ?,NULL
demo-test-12,1001,20768,2025-05-16 13:59:04.000,17,It seems like you might be thinking! That's okay! ? Let's keep it light! What is your favorite English word? Why do you like it? ?,NULL
demo-test-13,1001,20767,2025-05-16 13:59:04.000,18,I see you're thinking again! That's okay! ? What is your favorite English word? Do you like words that sound funny or words that are easy to say?,NULL
demo-test-14,1001,20770,2025-05-16 13:59:09.000,17,It looks like you didn't write anything! That's okay! ? How about this: Can you tell me your favorite English word? Why do you like it? ?,NULL
demo-test-15,1001,20769,2025-05-16 13:59:09.000,17,"That's okay if you don't! Let's try something fun. Can you think of a word related to ""swimming""? What comes to your mind?",NULL
demo-test-16,1001,20771,2025-05-16 13:59:11.000,17,No problem if you’re thinking! Let's keep it light! What's your favorite hobby? How do you enjoy it? ??,NULL
demo-test-18,1001,20772,2025-05-16 13:59:13.000,18,"That's okay! If you want to talk about something else, what's your favorite hobby? ?",NULL
demo-test-17,1001,20773,2025-05-16 13:59:14.000,17,It seems like you're thinking again! That's totally fine. Let's try this: what's your favorite English word? I love hearing about new words! ??,NULL
demo-test-21,1001,20774,2025-05-16 13:59:18.000,14,It looks like you're still pondering! That's completely okay! How about this: Do you like music? What kind of music do you enjoy? ?,NULL
demo-test-23,1001,20775,2025-05-16 13:59:18.000,13,"That's perfectly fine! If you don't want to share, how about this: What's your favorite season—spring, summer, autumn, or winter? ?☀️?❄️",NULL
demo-test-20,1001,20776,2025-05-16 13:59:19.000,17,It seems like you're thinking again! That's perfectly fine! How about this: What is your favorite English word? Why do you like it? ?,NULL
demo-test-22,1001,20777,2025-05-16 13:59:19.000,15,It looks like you didn't type anything again! That's okay! How about we talk about your dreams? ? What do you want to be when you grow up?,NULL
demo-test-24,1001,20778,2025-05-16 13:59:23.000,14,"It looks like you're still thinking! No problem! Let’s try something fun: If you could have any superpower, what would it be? ?‍♂️✨",NULL
demo-test-26,1001,20779,2025-05-16 13:59:23.000,10,Looks like you’re a bit quiet today! That’s okay. Let’s try something fun! What’s your favorite color and why? ??,NULL
demo-test-25,1001,20780,2025-05-16 13:59:24.000,13,"It seems like you're not typing today! That's okay! How about a fun question: If you could travel anywhere, where would you go? ?✈️",NULL
demo-test-27,1001,20781,2025-05-16 13:59:24.000,14,"No problem at all! Let’s keep it simple. Can you tell me your favorite season? Is it summer, winter, spring, or autumn? ☀️❄️??",NULL
demo-test-28,1001,20782,2025-05-16 13:59:28.000,10,"That's fine! If you're not ready to answer, no problem. How about this: What do you like to watch on TV or movies?",NULL
demo-test-29,1001,20783,2025-05-16 13:59:29.000,14,It seems you're still pondering! That's perfectly fine! ? Can you tell me about a special memory? What makes it special for you? ?✨,NULL
demo-test-31,1001,20784,2025-05-16 13:59:33.000,9,"That's alright! Let's try again. Do you like animals? If yes, what is your favorite animal? ??",NULL
demo-test-1,1001,20785,2025-05-16 14:01:52.000,61,I see you're quiet! That's okay! ? Let's try again. What is your favorite movie or TV show in English? Why do you like it?,NULL
demo-test-2,1001,20786,2025-05-16 14:01:57.000,37,"It seems like you haven't typed anything again. No problem! If you're feeling shy, you can just say ""hello"" or share something simple, like your favorite food or hobby! What do you like?",NULL
demo-test-3,1001,20787,2025-05-16 14:01:58.000,36,No worries if you’re not sure what to say! Let’s try something fun. Can you tell me about your favorite food? What do you like about it?,NULL
demo-test-4,1001,20791,2025-05-16 14:02:02.000,35,"No worries! If you think of something to say, I'm here! ? How about we talk about your favorite hobby? What do you enjoy doing? ??",NULL
demo-test-5,1001,20790,2025-05-16 14:02:02.000,37,"It looks like your message didn't come through! If you have a question or want to share something, just type it out. I'm here to help! What would you like to discuss?",NULL
demo-test-6,1001,20789,2025-05-16 14:02:02.000,23,"No problem! If you're thinking, let's talk about something simple: What's your favorite food from your culture? Why do you like it? ??",NULL
demo-test-7,1001,20792,2025-05-16 14:02:07.000,23,"No problem! If you want to think a bit, that's fine. ? How about this: What is your favorite season of the year? ?☀️?❄️",NULL
demo-test-8,1001,20793,2025-05-16 14:02:07.000,22,"No problem! If you're not sure what to say, let's try this: Do you like to dance? What kind of music do you enjoy? ??",NULL
demo-test-9,1001,20795,2025-05-16 14:02:12.000,24,"It seems you're thinking! No problem at all! Let's keep it light. What do you enjoy doing on weekends? Do you like relaxing, playing sports, or hanging out with friends? ???",NULL
demo-test-10,1001,20794,2025-05-16 14:02:12.000,22,"No worries! If you prefer, we can keep it simple. How about this: What is your favorite hobby? ??",NULL
demo-test-11,1001,20796,2025-05-16 14:02:17.000,17,"No worries if you're still thinking! How about this: What is your favorite way to practice English? Speaking, writing, or listening? ?",NULL
demo-test-12,1001,20797,2025-05-16 14:02:18.000,18,No worries if you're still thinking! ? How about this: Can you tell me about a hobby you enjoy? What do you like to do in your free time? ?,NULL
demo-test-13,1001,20799,2025-05-16 14:02:22.000,19,I notice you're quiet again! No worries! ? Let’s try this: What do you like to do on weekends? Do you relax or go out with friends?,NULL
demo-test-14,1001,20798,2025-05-16 14:02:22.000,18,No worries! ? Let's try something fun! What's a funny story you can share in English? It can be about anything! ??,NULL
demo-test-15,1001,20800,2025-05-16 14:02:27.000,18,"No problem! How about this: can you tell me your favorite activity? Do you like swimming, reading, or something else?",NULL
demo-test-16,1001,20801,2025-05-16 14:02:27.000,18,"That's okay! If you're not sure what to say, let's imagine together! If you could have dinner with any famous person, who would it be? ?️✨",NULL
demo-test-17,1001,20802,2025-05-16 14:02:32.000,18,"No problem if you're quiet! If you want to share something later, I'm here. Let's keep it light: do you prefer the morning or the evening? ??",NULL
demo-test-18,1001,20804,2025-05-16 14:02:32.000,19,No worries! Let's keep it light! Do you enjoy reading books? What kind of books do you like? ?,NULL
demo-test-19,1001,20803,2025-05-16 14:02:32.000,19,No worries! Let's keep it light! Do you prefer to read books or watch movies? ??,NULL
demo-test-20,1001,20805,2025-05-16 14:02:36.000,18,It looks like you're quiet! That's okay! Let's keep it light. What's your favorite song in English? Do you like the lyrics? ?,NULL
demo-test-21,1001,20806,2025-05-16 14:02:37.000,15,I see you're a bit quiet! No worries at all! Let's try something easy: What is your favorite animal? ?,NULL
demo-test-23,1001,20808,2025-05-16 14:02:46.000,14,No worries! It's okay to take your time. Let's try this: What is your favorite animal? ??,NULL
demo-test-22,1001,20809,2025-05-16 14:02:47.000,16,"It seems like you didn't type anything! That's alright! Let's talk about travel! ✈️ If you could go anywhere, where would you like to visit?",NULL
demo-test-24,1001,20810,2025-05-16 14:02:47.000,15,I see you're quiet again! That's okay! How about this: What is your favorite sport? Do you like playing or watching? ⚽?,NULL
demo-test-25,1001,20812,2025-05-16 14:02:52.000,14,"I see you’re really quiet today! No worries! If you want, you can just say “hi” or share something small. I’m here to chat! ?",NULL
demo-test-26,1001,20811,2025-05-16 14:02:52.000,11,"I see you're still thinking! No rush! How about this: If you could meet any famous person, who would it be? ??",NULL
demo-test-27,1001,20813,2025-05-16 14:02:56.000,15,"That's okay! If you want, we can talk about something else. Do you have a favorite song? ??",NULL
demo-test-28,1001,20815,2025-05-16 14:02:56.000,11,It's okay if you're quiet! Let's keep it light. Do you like music? What kind of music do you enjoy?,NULL
demo-test-29,1001,20814,2025-05-16 14:02:56.000,15,I see you're still quiet! That's alright! ? How about sharing your favorite sport? Do you like to play it or watch it? ⚽?,NULL
demo-test-30,1001,20817,2025-05-16 14:03:02.000,11,"That's perfectly fine! If you're feeling quiet, we can just relax. But if you want to chat, what's your favorite animal? ?",NULL
demo-test-31,1001,20816,2025-05-16 14:03:02.000,10,"No problem! Let's keep it simple. Do you like to play any sports? If yes, which one? ⚽?",NULL
demo-test-37,1001,20819,2025-05-16 14:03:12.000,9,"I noticed you didn't send a message. That's alright! Let's have some fun! If you could be any animal, which one would you choose and why? ??",NULL
demo-test-39,1001,20818,2025-05-16 14:03:12.000,10,It seems like you didn't respond again. That's alright! Let me ask you: What is your favorite color? ?,NULL
demo-test-46,1001,20820,2025-05-16 14:03:22.000,9,"No problem! If you're not ready to answer, that's okay! Let's try this: What do you like to do on weekends? ?",NULL
demo-test-47,1001,20821,2025-05-16 14:03:27.000,10,I see you’re thinking! No worries! Let’s play a game! Can you name three colors? ??,NULL
demo-test-48,1001,20822,2025-05-16 14:03:32.000,10,"I see you're thinking! No problem! Let's try this: Do you have a pet? If yes, what is its name? ??",NULL
demo-test-1,1001,20842,2025-05-20 14:47:25.000,62,English is widely spoken because it's used in many countries for business and travel! ? What do you think is the best way to learn English?,Why do you think English has become the most widely spoken second language in the world?
demo-test-1,1001,20862,2025-05-21 16:01:07.000,63,"English is popular because it connects people globally for work, travel, and culture! ? What do you think is the most fun way to practice English?",Why do you think English has become the most widely spoken second language in the world?
demo-test-1,1001,20863,2025-05-21 16:26:36.000,64,"English is widely spoken because it's important for jobs, travel, and the internet! ? What do you think is the biggest challenge in learning English?",Why do you think English has become the most widely spoken second language in the world?
demo-test-1,1001,20864,2025-05-21 16:45:58.000,65,"English is popular because it's used in many fields like business, science, and entertainment! ? What do you enjoy most about learning English?",Why do you think English has become the most widely spoken second language in the world?
demo-test-1,1001,20865,2025-05-21 16:52:59.000,66,"English is widely spoken because it's the language of business, technology, and movies! ? What do you think is the best way to practice your English skills?",Why do you think English has become the most widely spoken second language in the world?
demo-test-1,1001,20873,2025-05-22 17:05:04.000,67,"English is popular because it's used in many countries for business, travel, and culture! ? What do you think is the most interesting thing about learning English?",Why do you think English has become the most widely spoken second language in the world?
demo-test-1,1001,20874,2025-05-22 17:12:43.000,68,"English is widely spoken because it helps people connect in business, travel, and online! ? What do you think is a nice way to learn new English words?",Why do you think English has become the most widely spoken second language in the world?
demo-test-1,1001,20876,2025-05-22 17:21:48.000,69,"English is popular because it's the main language for business, technology, and movies! ? What do you think is a little challenge when learning English?",Why do you think English has become the most widely spoken second language in the world?
demo-test-1,1001,20877,2025-05-22 17:23:14.000,70,"English is widely spoken because it connects people in business, travel, and culture! ? What do you think is a nice way to practice speaking English?",Why do you think English has become the most widely spoken second language in the world?
demo-test-1,1001,20878,2025-05-22 17:23:24.000,71,Learning English through movies and TV shows is fun! ? Advantages include listening practice and new vocabulary. Disadvantages might be slang or fast speaking. What do you think is a true advantage of this method?,What are the advantages and disadvantages of learning English through movies and TV shows?
demo-test-1,1001,20879,2025-05-22 17:23:37.000,72,"Cultural understanding helps you use English better in real situations! ? For example, knowing idioms or traditions can make conversations easier. What cultural aspect do you find interesting?",How can cultural understanding improve your English language skills? Give examples.
demo-test-1,1001,20880,2025-05-22 17:23:51.000,73,Adults may feel shy or think they are too old to learn! ? They can overcome this by practicing regularly and being confident. What do you think is a nice way for adults to practice English?,"What challenges do adults face when learning English compared to children, and how can these be overcome?"
demo-test-1,1001,20881,2025-05-22 17:24:07.000,74,"An effective routine could include 30 minutes of vocabulary practice, 30 minutes of speaking, and watching English shows for fun! ?? What do you think is a little challenge in keeping a daily routine?",Describe an effective daily routine for someone who wants to become fluent in English within a year.
demo-test-1,1001,20882,2025-05-22 17:24:52.000,75,"English is popular because it's the main language for business, travel, and technology! ? What do you think is a nice way to practice English every day?",Why do you think English has become the most widely spoken second language in the world?
demo-test-3,1001,20883,2025-05-22 17:24:53.000,37,"English is popular because it connects people in business, travel, and culture. Many learn it for better job opportunities and communication. \n\nWhat do you think is the most challenging part of learning English?",Why do you think English has become the most widely spoken second language in the world?
demo-test-2,1001,20884,2025-05-22 17:24:56.000,38,"English is widely spoken because it's the main language for business, technology, and travel. Many people learn it for better opportunities! What do you think about learning English?",Why do you think English has become the most widely spoken second language in the world?
demo-test-8,1001,20885,2025-05-22 17:25:00.000,23,"English is widely spoken because it is used in business, travel, and the internet. Many learn it for better job opportunities. ? \n\nWhat do you think is the most challenging part of learning English? ?",Why do you think English has become the most widely spoken second language in the world?
demo-test-5,1001,20886,2025-05-22 17:25:02.000,38,"English is widely spoken because it is the main language for business, technology, and entertainment. Many people learn it to connect with others globally!\n\nWhat do you think is the most interesting part of learning English?",Why do you think English has become the most widely spoken second language in the world?
demo-test-9,1001,20887,2025-05-22 17:25:03.000,25,"English is popular because it's used in business, science, and the internet. Many people learn it for jobs and travel! ?✨ What do you think about learning English?",Why do you think English has become the most widely spoken second language in the world?
demo-test-6,1001,20888,2025-05-22 17:25:06.000,24,"English is popular because it's used in business, travel, and the internet. Many people learn it for work or study. Why do you want to learn English? ??",Why do you think English has become the most widely spoken second language in the world?
demo-test-7,1001,20890,2025-05-22 17:25:07.000,24,"English is popular because it's used in business, science, and entertainment. Many people learn it for better job opportunities. ?? What do you think about learning English?",Why do you think English has become the most widely spoken second language in the world?
demo-test-10,1001,20889,2025-05-22 17:25:07.000,23,"English is widely spoken because it is used in business, technology, and travel. Many people learn it to connect with others! ? What do you think is the best way to learn English?",Why do you think English has become the most widely spoken second language in the world?
demo-test-3,1001,20891,2025-05-22 17:25:09.000,38,"Learning English through movies and TV shows is fun! \n\nAdvantages: You hear real conversations and learn about culture. \n\nDisadvantages: Sometimes, the language can be too fast or use slang that’s hard to understand. \n\nWhat’s a movie or show you enjoy that’s in English?",What are the advantages and disadvantages of learning English through movies and TV shows?
demo-test-4,1001,20892,2025-05-22 17:25:14.000,36,"English is popular because it’s used in business, travel, and the internet. Many people learn it for better opportunities! ? What do you think is the best way to learn English?",Why do you think English has become the most widely spoken second language in the world?
demo-test-1,1001,20895,2025-05-22 17:25:24.000,76,Advantages include fun and listening practice! ? Disadvantages might be understanding slang or fast dialogue. What do you think is a true advantage of learning this way?,What are the advantages and disadvantages of learning English through movies and TV shows?
demo-test-2,1001,20893,2025-05-22 17:25:24.000,39,"Learning English through movies and TV shows is fun and helps with listening skills! But sometimes, the language can be too fast or use slang. What’s your favorite movie or show?",What are the advantages and disadvantages of learning English through movies and TV shows?
demo-test-6,1001,20894,2025-05-22 17:25:24.000,25,Learning English through movies and TV shows is fun! Advantages include hearing real conversations and improving listening skills. Disadvantages can be slang or fast speech. Do you have a favorite English movie or show? ??,What are the advantages and disadvantages of learning English through movies and TV shows?
demo-test-6,1001,20896,2025-05-22 17:25:31.000,26,"Cultural understanding helps you use English better! It teaches you idioms and expressions. For example, knowing about holidays helps in conversations. What cultural things do you enjoy learning about? ?✨",How can cultural understanding improve your English language skills? Give examples.
demo-test-6,1001,20897,2025-05-22 17:25:42.000,27,Adults may feel more pressure and fear of making mistakes than children. They can overcome this by practicing regularly and being patient. What challenges do you face when learning English? ??,"What challenges do adults face when learning English compared to children, and how can these be overcome?"
demo-test-10,1001,20898,2025-05-22 17:25:44.000,24,Learning English through movies and TV shows is fun! ? Advantages include listening practice and learning everyday language. Disadvantages can be confusing accents or slang. Do you have a favorite movie or show for learning? ?,What are the advantages and disadvantages of learning English through movies and TV shows?
demo-test-7,1001,20899,2025-05-22 17:25:46.000,25,"Learning English through movies and TV shows is fun! ? You see real-life situations and hear accents. But, sometimes, the language can be too fast. What shows do you enjoy? ?",What are the advantages and disadvantages of learning English through movies and TV shows?
demo-test-3,1001,20900,2025-05-22 17:25:48.000,39,"Cultural understanding helps you use English better! It teaches you idioms and expressions. For example, knowing about holidays helps you understand conversations about them. \n\nWhat cultural aspect do you find most interesting?",How can cultural understanding improve your English language skills? Give examples.
demo-test-4,1001,20902,2025-05-22 17:25:49.000,37,"Learning English through movies and TV shows is fun! ? You can hear real conversations and learn slang. But sometimes, it can be hard to understand fast speech. What’s your favorite movie or show in English? ?",What are the advantages and disadvantages of learning English through movies and TV shows?
demo-test-8,1001,20901,2025-05-22 17:25:49.000,24,Learning English through movies and TV shows is enjoyable! ? Advantages include improving listening skills and learning everyday language. Disadvantages might be confusing slang or fast dialogue. \n\nDo you have a favorite English movie or show? ?,What are the advantages and disadvantages of learning English through movies and TV shows?
demo-test-5,1001,20903,2025-05-22 17:25:50.000,39,"Learning English through movies and TV shows is fun! You can see how people talk in real life and learn new phrases. \n\nBut sometimes, the slang or fast speech can be tricky to understand. \n\nWhat is your favorite movie or show to watch in English?",What are the advantages and disadvantages of learning English through movies and TV shows?
demo-test-9,1001,20904,2025-05-22 17:25:50.000,26,"Learning English through movies and TV shows is fun! You hear real conversations and see culture. But, sometimes, the language can be too fast or informal. ?? Do you have a favorite show that helps you learn?",What are the advantages and disadvantages of learning English through movies and TV shows?
demo-test-2,1001,20905,2025-05-22 17:25:52.000,40,"Cultural understanding improves English skills by helping you understand context and expressions. For example, knowing about holidays or traditions makes conversations easier! What culture do you find interesting?",How can cultural understanding improve your English language skills? Give examples.
demo-test-6,1001,20906,2025-05-22 17:25:56.000,28,An effective routine could include: \n\n1. **Morning:** 30 minutes of vocabulary practice.\n2. **Afternoon:** 1 hour of watching English shows or movies.\n3. **Evening:** 30 minutes of speaking with a partner or using apps.\n\nWhat part of this routine do you think you would enjoy the most? ??,Describe an effective daily routine for someone who wants to become fluent in English within a year.
demo-test-1,1001,20907,2025-05-22 17:25:59.000,77,"Cultural understanding helps you use English in context! ? For example, knowing about holidays can make conversations more interesting. What cultural topic do you enjoy?",How can cultural understanding improve your English language skills? Give examples.
demo-test-8,1001,20908,2025-05-22 17:26:15.000,25,"Cultural understanding helps you use English more naturally! For example, knowing about holidays can help you join conversations. It also helps with jokes and idioms. ? \n\nWhat cultural topic do you find interesting? ?",How can cultural understanding improve your English language skills? Give examples.
demo-test-9,1001,20909,2025-05-22 17:26:16.000,27,"Cultural understanding helps you use English better! You learn idioms, jokes, and customs. For example, knowing about Thanksgiving helps you understand conversations in America! ?? What cultural things do you find interesting?",How can cultural understanding improve your English language skills? Give examples.
demo-test-7,1001,20910,2025-05-22 17:26:19.000,26,"Cultural understanding helps you use English naturally! ? For example, knowing holidays or customs helps in conversations. Can you tell me about a holiday in Indonesia? ?",How can cultural understanding improve your English language skills? Give examples.
demo-test-1,1001,20914,2025-05-22 17:26:20.000,78,Adults may feel nervous or think they are too busy to learn! ? They can overcome this by setting small goals and practicing regularly. What do you think is a nice way for adults to stay motivated?,"What challenges do adults face when learning English compared to children, and how can these be overcome?"
demo-test-2,1001,20912,2025-05-22 17:26:20.000,41,Adults often face challenges like time constraints and fear of making mistakes. They can overcome this by practicing regularly and joining language groups! Do you practice English often?,"What challenges do adults face when learning English compared to children, and how can these be overcome?"
demo-test-3,1001,20915,2025-05-22 17:26:20.000,40,"Adults may feel more pressure and have less time than children. They might worry about making mistakes. To overcome this, practice regularly and focus on speaking without fear! \n\nWhat do you think is the best way for adults to practice English?","What challenges do adults face when learning English compared to children, and how can these be overcome?"
demo-test-4,1001,20911,2025-05-22 17:26:20.000,38,"Cultural understanding helps you speak English more naturally! ? For example, knowing idioms or jokes makes conversations easier. What cultural things do you enjoy learning about? ?",How can cultural understanding improve your English language skills? Give examples.
demo-test-5,1001,20913,2025-05-22 17:26:20.000,40,"Cultural understanding improves your English by helping you grasp idioms and social situations. For example, knowing about Christmas helps you understand related conversations and jokes.\n\nWhat cultural aspects of English-speaking countries do you find interesting?",How can cultural understanding improve your English language skills? Give examples.
demo-test-10,1001,20916,2025-05-22 17:26:21.000,25,"Cultural understanding improves your English by helping you know idioms and expressions. For example, knowing holiday traditions can make conversations richer! ? What cultural things do you enjoy?",How can cultural understanding improve your English language skills? Give examples.
demo-test-1,1001,20917,2025-05-22 17:26:41.000,79,"An effective routine could be: 30 minutes of vocabulary, 30 minutes of speaking practice, and watching English shows for fun! ?? What do you think is a nice way to keep learning exciting?",Describe an effective daily routine for someone who wants to become fluent in English within a year.
demo-test-4,1001,20919,2025-05-22 17:26:43.000,39,"Adults may feel shy or worried about making mistakes, while children are often more carefree. ? To overcome this, adults can practice speaking in a friendly environment. What do you think helps you learn better? ?","What challenges do adults face when learning English compared to children, and how can these be overcome?"
demo-test-7,1001,20920,2025-05-22 17:26:43.000,27,Adults may feel shy or think they cannot learn as fast as children. But practice and patience help! ? What do you think is the hardest part of learning English?,"What challenges do adults face when learning English compared to children, and how can these be overcome?"
demo-test-9,1001,20918,2025-05-22 17:26:43.000,28,"Adults may feel shy or worried about making mistakes. Children are often more playful and open. To overcome this, adults can practice speaking in a safe space, like with friends! ??️ What helps you feel confident when speaking English?","What challenges do adults face when learning English compared to children, and how can these be overcome?"
demo-test-8,1001,20921,2025-05-22 17:26:45.000,26,"Adults often have less time and more stress than children when learning English. They may worry about making mistakes. To overcome this, practice regularly and focus on speaking! ? \n\nWhat do you think is the most fun way to practice English? ?","What challenges do adults face when learning English compared to children, and how can these be overcome?"
demo-test-2,1001,20922,2025-05-22 17:26:47.000,42,An effective daily routine could include: \n\n1. **Morning**: 30 minutes of vocabulary practice (like learning new words).\n2. **Afternoon**: 30 minutes of listening to English podcasts or watching shows.\n3. **Evening**: 30 minutes of speaking practice with a friend or language partner.\n4. **Night**: 15 minutes of reading an English book or article.\n\nHow does that sound? What part do you think you would enjoy most?,Describe an effective daily routine for someone who wants to become fluent in English within a year.
demo-test-3,1001,20923,2025-05-22 17:26:47.000,41,An effective daily routine could include:\n\n1. **Morning**: 30 minutes of vocabulary practice (new words).\n2. **Afternoon**: 30 minutes of listening (podcasts or songs).\n3. **Evening**: 30 minutes of speaking practice (talk with a friend or tutor).\n4. **Night**: 30 minutes of watching English shows or reading.\n\nWhat part of this routine do you think you would enjoy the most?,Describe an effective daily routine for someone who wants to become fluent in English within a year.
demo-test-10,1001,20924,2025-05-22 17:26:50.000,26,"Adults may struggle with time and confidence, while children learn faster and are more open. To overcome this, adults can practice regularly and use fun methods! ? What do you think helps you learn best?","What challenges do adults face when learning English compared to children, and how can these be overcome?"
demo-test-5,1001,20925,2025-05-22 17:26:52.000,41,"Adults often face challenges like busy schedules, fear of making mistakes, and less time to practice. Children usually learn faster because they have more time and are less afraid to try.\n\nTo overcome these challenges, adults can set small goals, practice regularly, and find fun ways to learn, like using apps or watching shows.\n\nWhat do you think is the hardest part of learning English for you?","What challenges do adults face when learning English compared to children, and how can these be overcome?"
demo-test-7,1001,20926,2025-05-22 17:27:19.000,28,An effective routine could be: \n\n1. **Morning:** 30 minutes of vocabulary practice. \n2. **Afternoon:** 1 hour of listening to English podcasts or shows. \n3. **Evening:** 30 minutes of speaking with a partner. \n\nWhat do you think you could add to this routine? ??,Describe an effective daily routine for someone who wants to become fluent in English within a year.
demo-test-9,1001,20927,2025-05-22 17:27:19.000,29,An effective daily routine could be: \n\n1. **Morning**: 30 minutes of vocabulary practice (like new words).\n2. **Afternoon**: 1 hour of listening to English podcasts or watching shows.\n3. **Evening**: 30 minutes of speaking practice with a friend or tutor.\n4. **Night**: 15 minutes of reading an article or book in English.\n\nConsistency is key! ?✨ What part of this routine do you think you would enjoy the most?,Describe an effective daily routine for someone who wants to become fluent in English within a year.
demo-test-4,1001,20928,2025-05-22 17:27:24.000,40,"An effective daily routine could include: \n\n1. **Morning**: Spend 30 minutes on vocabulary (like ""upstairs"" or ""advice"").\n2. **Afternoon**: Watch an English show for 1 hour to improve listening.\n3. **Evening**: Practice speaking with a friend or tutor for 30 minutes.\n\nWhat do you think you could add to your routine? ??",Describe an effective daily routine for someone who wants to become fluent in English within a year.
demo-test-8,1001,20929,2025-05-22 17:27:24.000,27,An effective daily routine could include: \n\n1. **Morning**: 30 minutes of vocabulary practice (like new words).\n2. **Afternoon**: 30 minutes of listening to English podcasts or watching shows.\n3. **Evening**: 30 minutes of speaking practice with a friend or tutor.\n\nThis routine helps improve all skills! ? \n\nWhat part of learning English do you enjoy the most? ?,Describe an effective daily routine for someone who wants to become fluent in English within a year.
demo-test-10,1001,20930,2025-05-22 17:27:25.000,27,An effective daily routine could include: \n\n1. **Morning**: 30 minutes of vocabulary practice.\n2. **Afternoon**: 1 hour of listening to English podcasts or watching shows.\n3. **Evening**: 30 minutes of speaking practice with a friend or language partner.\n\nWhat part of this routine do you like the most? ?,Describe an effective daily routine for someone who wants to become fluent in English within a year.
demo-test-5,1001,20931,2025-05-22 17:27:27.000,42,An effective daily routine for fluency could be:\n\n1. **Morning (30 minutes)**: Read a short English article or book chapter.\n2. **Midday (30 minutes)**: Practice speaking with a language partner or use a language app.\n3. **Afternoon (30 minutes)**: Watch an English show or movie with subtitles.\n4. **Evening (30 minutes)**: Write a short diary entry in English about your day.\n\nConsistent practice helps a lot! \n\nWhat part of this routine do you think you would enjoy the most?,Describe an effective daily routine for someone who wants to become fluent in English within a year.
demo-test-2,1001,20932,2025-05-22 17:30:42.000,43,"English is widely spoken because it's the language of business, technology, and travel. Many people learn it for better job opportunities and global communication! Why do you want to learn English?",Why do you think English has become the most widely spoken second language in the world?
demo-test-3,1001,20933,2025-05-22 17:30:42.000,42,"English is widely spoken because it’s the main language for business, technology, and international communication. Many people learn it for better job opportunities and travel. \n\nDo you think learning English is important for connecting with people from other countries?",Why do you think English has become the most widely spoken second language in the world?
demo-test-10,1001,20934,2025-05-22 17:30:43.000,28,"English is widely spoken because it is used in business, science, and travel. Many people learn it to communicate globally! ? What do you think is the best way to practice English?",Why do you think English has become the most widely spoken second language in the world?
demo-test-8,1001,20935,2025-05-22 17:30:44.000,28,"English is widely spoken because it is the language of business, technology, and travel. Many people learn it to connect with others globally. ? \n\nWhy do you want to learn English? Is it for travel, work, or something else? ?",Why do you think English has become the most widely spoken second language in the world?
demo-test-5,1001,20936,2025-05-22 17:30:45.000,43,"English is widely spoken because it's the main language for business, science, and technology. Many people learn it for travel and to connect with others globally!\n\nWhat do you think is the best way to practice speaking English?",Why do you think English has become the most widely spoken second language in the world?
demo-test-7,1001,20937,2025-05-22 17:30:46.000,29,"English is widely spoken because it's used in business, travel, and the internet. Many people learn it for better opportunities. ?✈️ Do you think learning English is important?",Why do you think English has become the most widely spoken second language in the world?
demo-test-4,1001,20938,2025-05-22 17:30:50.000,41,"English is widely spoken because it's important for business, travel, and the internet. It connects people from different countries! ? Why do you want to learn English?",Why do you think English has become the most widely spoken second language in the world?
demo-test-9,1001,20939,2025-05-22 17:30:53.000,30,"English is widely spoken because it's important in business, technology, and travel. Many people learn it to connect with others globally! ?✨ What do you think makes a language popular?",Why do you think English has become the most widely spoken second language in the world?
demo-test-1,1001,20940,2025-05-22 17:30:55.000,80,"English is widely spoken because it's used in business, travel, and technology! ? What do you think is a little challenge when learning English?",Why do you think English has become the most widely spoken second language in the world?
demo-test-6,1001,20941,2025-05-22 17:30:59.000,29,"English is widely spoken because it's used in business, science, and technology. It's also popular in music and movies. Why do you want to learn English? ??",Why do you think English has become the most widely spoken second language in the world?
demo-test-4,1001,20944,2025-05-22 17:33:21.000,42,"English is widely spoken because it's the main language for business, travel, and technology. It helps people connect globally! ? What do you find most interesting about learning English?",Why do you think English has become the most widely spoken second language in the world?
demo-test-2,1001,20945,2025-05-22 17:33:23.000,44,"English is popular because it's used in many fields like business, science, and the internet. People learn it for better opportunities and to connect with others! What do you think about learning English?",Why do you think English has become the most widely spoken second language in the world?
demo-test-3,1001,20946,2025-05-22 17:33:23.000,43,"English is popular because it’s used in business, technology, and travel. Many people learn it to connect with others and for better job opportunities. \n\nWhat do you think makes learning English exciting for you?",Why do you think English has become the most widely spoken second language in the world?
demo-test-5,1001,20947,2025-05-22 17:33:23.000,44,"English has become the most widely spoken second language because it's important for business, travel, and technology. Many people learn it to communicate better worldwide!\n\nWhat do you find most exciting about learning English?",Why do you think English has become the most widely spoken second language in the world?
demo-test-7,1001,20948,2025-05-22 17:33:27.000,30,"English is popular because it's the main language in business, science, and technology. Many people learn it for travel and better jobs. ?? What do you think about learning English?",Why do you think English has become the most widely spoken second language in the world?
demo-test-6,1001,20949,2025-05-22 17:33:28.000,30,"English is popular because it's used in many countries for business, travel, and education. It's also the language of the internet! Why do you think learning English is important for you? ?✨",Why do you think English has become the most widely spoken second language in the world?
demo-test-9,1001,20950,2025-05-22 17:33:36.000,31,"English is popular because it's used in business, technology, and entertainment. Many people learn it to connect with others and find job opportunities! ?✨ What do you think about learning English?",Why do you think English has become the most widely spoken second language in the world?
demo-test-10,1001,20951,2025-05-22 17:33:38.000,29,"English is popular because it is used in many countries for business, technology, and education. It helps people connect around the world! ? What do you think about learning English?",Why do you think English has become the most widely spoken second language in the world?
demo-test-13,1001,20952,2025-05-22 17:33:38.000,20,"English is widely spoken because it’s the language of business, technology, and travel. Many people learn it to connect with others! ? What do you think is the best way to learn English?",Why do you think English has become the most widely spoken second language in the world?
demo-test-8,1001,20953,2025-05-22 17:33:42.000,29,"English is popular because it is used in business, travel, and the internet. Many learn it to connect with others and find jobs. ? \n\nWhat do you think is the best way to practice speaking English? ?",Why do you think English has become the most widely spoken second language in the world?
demo-test-12,1001,20954,2025-05-22 17:33:46.000,19,"English is widely spoken because it's used in business, travel, and the internet! ? Many people learn it for better jobs and communication. What do you think? ?",Why do you think English has become the most widely spoken second language in the world?
demo-test-14,1001,20955,2025-05-22 17:33:47.000,19,"English is widely spoken because it's used in business, travel, and the internet. Many people learn it for better job opportunities! ?✨ Why do you want to learn English?",Why do you think English has become the most widely spoken second language in the world?
demo-test-11,1001,20956,2025-05-22 17:33:48.000,18,"English is widely spoken because it’s used in many countries for business, science, and pop culture! It connects people globally! ?\n\nWhat do you think makes learning English fun for you? ?",Why do you think English has become the most widely spoken second language in the world?
demo-test-15,1001,20957,2025-05-22 17:33:49.000,19,"English is widely spoken because it is used in business, science, and technology. Many people learn it for better jobs and travel. What do you think about learning English?",Why do you think English has become the most widely spoken second language in the world?
demo-test-20,1001,20958,2025-05-22 17:33:53.000,19,"English is widely spoken because it helps in business, travel, and technology. Many people want to connect with others! ? Why do you want to learn English?",Why do you think English has become the most widely spoken second language in the world?
demo-test-19,1001,20960,2025-05-22 17:33:57.000,20,"English is popular because it's used in many countries for business, travel, and the internet. People learn it for better job opportunities! ?✨\n\nWhat do you enjoy most about learning English? ?",Why do you think English has become the most widely spoken second language in the world?
demo-test-16,1001,20961,2025-05-22 17:33:58.000,19,"English is widely spoken because it's used in many countries for business, travel, and the internet. Many people want to connect globally! What do you think about that? ??",Why do you think English has become the most widely spoken second language in the world?
demo-test-17,1001,20962,2025-05-22 17:34:00.000,19,"English is widely spoken because it's used in business, science, and the internet. Many people learn it for better job opportunities. Do you want to use English for work or travel? ??",Why do you think English has become the most widely spoken second language in the world?
demo-test-1,1001,20963,2025-05-22 17:34:01.000,81,"English is popular because it connects people for work, travel, and culture! ? What do you think is a nice way to practice English every day?",Why do you think English has become the most widely spoken second language in the world?
demo-test-18,1001,20964,2025-05-22 17:34:02.000,20,"English is widely spoken because it's used in business, science, and technology. Many people learn it for better job opportunities! ?\n\nWhat do you think is the most fun way to practice English? ?",Why do you think English has become the most widely spoken second language in the world?
demo-test-2,1001,20966,2025-05-22 17:36:15.000,45,Sure! What word do you want?,please answer one word for me
demo-test-13,1001,20967,2025-05-22 17:36:15.000,21,Sure! What's your question?,please answer one word for me
demo-test-20,1001,20965,2025-05-22 17:36:15.000,20,Sure! What's your question? ?,please answer one word for me
demo-test-12,1001,20968,2025-05-22 17:36:19.000,20,Sure! What's your question? ?,please answer one word for me
demo-test-7,1001,20971,2025-05-22 17:36:25.000,31,Sure! What word do you want? ?,please answer one word for me
demo-test-8,1001,20970,2025-05-22 17:36:25.000,30,Sure! What word do you want? ?,please answer one word for me
demo-test-10,1001,20969,2025-05-22 17:36:25.000,30,Sure! What word do you want me to answer? ?,please answer one word for me
demo-test-11,1001,20972,2025-05-22 17:36:29.000,19,Sure! What word do you want? ?,please answer one word for me
demo-test-5,1001,20974,2025-05-22 17:36:34.000,45,Sure! What word do you need?,please answer one word for me
demo-test-6,1001,20973,2025-05-22 17:36:34.000,31,Sure! What word do you want? ?,please answer one word for me
demo-test-17,1001,20975,2025-05-22 17:36:34.000,20,Sure! What's your question? ?,please answer one word for me
demo-test-19,1001,20976,2025-05-22 17:36:40.000,21,Sure! What word do you want? ?,please answer one word for me
demo-test-1,1001,20979,2025-05-22 17:36:43.000,82,Sure! What word do you need?,please answer one word for me
demo-test-16,1001,20977,2025-05-22 17:36:43.000,20,Sure! What word do you want? ?,please answer one word for me
demo-test-18,1001,20978,2025-05-22 17:36:43.000,21,Sure! What word do you want? ?,please answer one word for me
demo-test-14,1001,20980,2025-05-22 17:36:45.000,20,Sure! What word do you want? ?,please answer one word for me
demo-test-9,1001,20981,2025-05-22 17:36:50.000,32,Sure! What word do you want? ?,please answer one word for me
demo-test-3,1001,20983,2025-05-22 17:36:55.000,44,Sure! What word do you want?,please answer one word for me
demo-test-4,1001,20982,2025-05-22 17:36:55.000,43,Sure! What’s your question? ?,please answer one word for me
demo-test-15,1001,20984,2025-05-22 17:36:58.000,20,Sure! What's your question?,please answer one word for me
demo-test-1,1001,20986,2025-05-22 17:38:55.000,83,Ghost! ?,Please answer on word to me: supernatural
demo-test-10,1001,20987,2025-05-22 17:38:56.000,31,Ghosts! ?,Please answer on word to me: supernatural
demo-test-15,1001,20988,2025-05-22 17:38:56.000,21,Ghost!,Please answer on word to me: supernatural
demo-test-3,1001,20990,2025-05-22 17:39:01.000,45,Ghosts!,Please answer on word to me: supernatural
demo-test-17,1001,20989,2025-05-22 17:39:01.000,21,Ghosts! ?,Please answer on word to me: supernatural
demo-test-4,1001,20992,2025-05-22 17:39:05.000,44,Mysterious!,Please answer on word to me: supernatural
demo-test-12,1001,20993,2025-05-22 17:39:05.000,21,Ghosts! ?,Please answer on word to me: supernatural
demo-test-14,1001,20991,2025-05-22 17:39:05.000,21,Ghosts! ?,Please answer on word to me: supernatural
demo-test-8,1001,20994,2025-05-22 17:39:10.000,31,Ghosts! ?,Please answer on word to me: supernatural
demo-test-5,1001,20996,2025-05-22 17:39:11.000,46,Mystical!,Please answer on word to me: supernatural
demo-test-7,1001,20995,2025-05-22 17:39:11.000,32,Ghosts! ?,Please answer on word to me: supernatural
demo-test-9,1001,20997,2025-05-22 17:39:15.000,33,Ghost! ?,Please answer on word to me: supernatural
demo-test-2,1001,20998,2025-05-22 17:39:20.000,46,Mysterious!,Please answer on word to me: supernatural
demo-test-6,1001,20999,2025-05-22 17:39:20.000,32,Ghosts! ?,Please answer on word to me: supernatural
demo-test-16,1001,21000,2025-05-22 17:39:20.000,21,Ghosts! ?,Please answer on word to me: supernatural
demo-test-11,1001,21002,2025-05-22 17:39:31.000,20,Ghost! ?,Please answer on word to me: supernatural
demo-test-18,1001,21001,2025-05-22 17:39:31.000,22,Ghosts! ?,Please answer on word to me: supernatural
demo-test-13,1001,21003,2025-05-22 17:39:35.000,22,Ghosts! ?,Please answer on word to me: supernatural
demo-test-20,1001,21004,2025-05-22 17:39:35.000,21,Ghosts! ?,Please answer on word to me: supernatural
demo-test-19,1001,21005,2025-05-22 17:39:36.000,22,Ghosts! ?,Please answer on word to me: supernatural
demo-test-2,1001,21011,2025-05-22 17:45:05.000,47,Globalization!,Why do you think English has become the most widely spoken second language in the world?
demo-test-1,1001,21012,2025-05-22 17:45:07.000,84,"English is widely spoken because it's the language of business, travel, and the internet! ? What do you think is the most interesting thing about learning English?",Why do you think English has become the most widely spoken second language in the world?
demo-test-6,1001,21013,2025-05-22 17:45:11.000,33,Globalization! ?,Why do you think English has become the most widely spoken second language in the world?
demo-test-9,1001,21014,2025-05-22 17:45:11.000,34,"English is widely spoken because it's used in business, technology, and movies. Many people want to learn it for better opportunities! ?✨ What do you think?",Why do you think English has become the most widely spoken second language in the world?
demo-test-7,1001,21015,2025-05-22 17:45:12.000,33,"English is popular because it's used in business, technology, and entertainment. Many people learn it for better job opportunities. ?? What do you think?",Why do you think English has become the most widely spoken second language in the world?
demo-test-8,1001,21016,2025-05-22 17:45:12.000,32,"English is widely spoken because it connects people in business, travel, and culture. Many learn it for better opportunities. ? \n\nWhat do you enjoy most about learning English? ?",Why do you think English has become the most widely spoken second language in the world?
demo-test-10,1001,21017,2025-05-22 17:45:14.000,32,"English is widely spoken because it is the language of business, technology, and entertainment. It connects people globally! ? What do you think makes learning English fun?",Why do you think English has become the most widely spoken second language in the world?
demo-test-4,1001,21018,2025-05-22 17:45:17.000,45,Communication!,Why do you think English has become the most widely spoken second language in the world?
demo-test-1,1001,21019,2025-05-22 17:45:19.000,85,Advantages include fun and real-life language! ? Disadvantages might be slang and fast speech. What do you think is a nice way to enjoy learning this way?,What are the advantages and disadvantages of learning English through movies and TV shows?
demo-test-2,1001,21020,2025-05-22 17:45:20.000,48,Fun! But sometimes confusing!,What are the advantages and disadvantages of learning English through movies and TV shows?
demo-test-5,1001,21021,2025-05-22 17:45:21.000,47,Globalization!,Why do you think English has become the most widely spoken second language in the world?
demo-test-3,1001,21022,2025-05-22 17:45:23.000,46,Opportunities!,Why do you think English has become the most widely spoken second language in the world?
demo-test-6,1001,21023,2025-05-22 17:45:28.000,34,Fun! ? But slang can be tricky. ?,What are the advantages and disadvantages of learning English through movies and TV shows?
demo-test-1,1001,21024,2025-05-22 17:45:31.000,86,Mystery!,Please answer on word to me: supernatural
demo-test-1,1001,21025,2025-05-22 17:45:40.000,87,"Cultural understanding helps you use English better! ? For example, knowing idioms or traditions can make conversations easier. What cultural topic interests you?",How can cultural understanding improve your English language skills? Give examples.
demo-test-3,1001,21026,2025-05-22 17:45:42.000,47,Fun! But sometimes confusing.,What are the advantages and disadvantages of learning English through movies and TV shows?
demo-test-7,1001,21027,2025-05-22 17:45:43.000,34,Advantages include fun and real conversations! ? Disadvantages might be fast speech and slang that is hard to understand. What shows do you like to watch? ?,What are the advantages and disadvantages of learning English through movies and TV shows?
demo-test-1,1001,21028,2025-05-22 17:45:46.000,87,Ghost!,Please answer on word to me: supernatural
demo-test-2,1001,21030,2025-05-22 17:45:46.000,49,"Context! For example, idioms!",How can cultural understanding improve your English language skills? Give examples.
demo-test-4,1001,21031,2025-05-22 17:45:46.000,46,Fun! ?,What are the advantages and disadvantages of learning English through movies and TV shows?
demo-test-10,1001,21029,2025-05-22 17:45:46.000,33,Advantages include fun learning and hearing real conversations! ? Disadvantages might be fast speech and slang that is hard to understand. Do you have a favorite movie for learning? ?,What are the advantages and disadvantages of learning English through movies and TV shows?
demo-test-5,1001,21033,2025-05-22 17:45:48.000,48,Fun! But sometimes confusing.,What are the advantages and disadvantages of learning English through movies and TV shows?
demo-test-8,1001,21032,2025-05-22 17:45:48.000,33,Advantages include fun learning and real-life language use! ? Disadvantages might be slang and fast speech that can confuse learners. \n\nDo you have a favorite English movie or show you watch? ?,What are the advantages and disadvantages of learning English through movies and TV shows?
demo-test-6,1001,21034,2025-05-22 17:45:51.000,35,"It helps with context! For example, knowing idioms makes conversations easier. ?✨",How can cultural understanding improve your English language skills? Give examples.
demo-test-9,1001,21035,2025-05-22 17:45:51.000,35,Advantages include fun and real conversations! Disadvantages can be fast speech and slang that is hard to understand. ?? Do you have a favorite show that helps you learn?,What are the advantages and disadvantages of learning English through movies and TV shows?
demo-test-8,1001,21036,2025-05-22 17:46:05.000,34,"Cultural understanding helps you use English more naturally! For example, knowing about local customs can improve conversations and understanding jokes. ? \n\nWhat cultural aspect do you find most interesting? ?",How can cultural understanding improve your English language skills? Give examples.
demo-test-4,1001,21037,2025-05-22 17:46:09.000,47,Context! ?,How can cultural understanding improve your English language skills? Give examples.
demo-test-3,1001,21039,2025-05-22 17:46:14.000,48,"Context! For example, idioms.",How can cultural understanding improve your English language skills? Give examples.
demo-test-7,1001,21038,2025-05-22 17:46:14.000,35,"Cultural understanding helps you use English naturally! ? For example, knowing idioms or traditions makes conversations smoother. Can you share a cultural practice from Indonesia? ?",How can cultural understanding improve your English language skills? Give examples.
demo-test-1,1001,21040,2025-05-22 17:46:15.000,88,"Adults often feel more pressure and fear of making mistakes, while children learn more freely. To overcome this, adults can practice speaking in a fun way, like through games or movies. \n\nWhat do you think is a nice way for adults to practice English?","What challenges do adults face when learning English compared to children, and how can these be overcome?"
demo-test-8,1001,21041,2025-05-22 17:46:15.000,35,Adults may feel more pressure and have less time than children. They can overcome this by practicing regularly and using language in real situations. ? \n\nWhat do you think is the most effective way to practice English? ?,"What challenges do adults face when learning English compared to children, and how can these be overcome?"
demo-test-5,1001,21043,2025-05-22 17:46:19.000,49,"Context! For example, knowing idioms.",How can cultural understanding improve your English language skills? Give examples.
demo-test-10,1001,21042,2025-05-22 17:46:19.000,34,"Cultural understanding helps you use English better! For example, knowing holiday traditions can help you understand conversations. It also makes speaking more natural! ? What cultural things do you enjoy?",How can cultural understanding improve your English language skills? Give examples.
demo-test-2,1001,21044,2025-05-22 17:46:22.000,50,Time! Practice regularly!,"What challenges do adults face when learning English compared to children, and how can these be overcome?"
demo-test-6,1001,21045,2025-05-22 17:46:25.000,36,Fear of mistakes! Adults can overcome this by practicing regularly and being patient. ??,"What challenges do adults face when learning English compared to children, and how can these be overcome?"
demo-test-1,1001,21046,2025-05-22 17:46:26.000,89,Mystery!,Please answer on word to me: supernatural
demo-test-4,1001,21047,2025-05-22 17:46:29.000,48,Confidence! ?,"What challenges do adults face when learning English compared to children, and how can these be overcome?"
demo-test-9,1001,21048,2025-05-22 17:46:29.000,36,"Cultural understanding helps you use English better! For example, knowing about holidays like Christmas helps you understand conversations and jokes. ?? What cultural things do you find interesting?",How can cultural understanding improve your English language skills? Give examples.
demo-test-7,1001,21050,2025-05-22 17:46:55.000,36,"Adults often feel shy or think they cannot learn quickly. To overcome this, they can practice regularly and find supportive friends. ? What do you think is the hardest part of learning English?","What challenges do adults face when learning English compared to children, and how can these be overcome?"
demo-test-2,1001,21051,2025-05-22 17:46:58.000,51,"Practice daily! Read, listen, speak!",Describe an effective daily routine for someone who wants to become fluent in English within a year.
demo-test-1,1001,21052,2025-05-22 17:46:59.000,90,"English is popular because it is used in business, science, and entertainment. Many people want to learn it for better opportunities. \n\nWhat is a true thing you enjoy about learning English?",Why do you think English has become the most widely spoken second language in the world?
demo-test-4,1001,21053,2025-05-22 17:46:59.000,49,Practice! ?,Describe an effective daily routine for someone who wants to become fluent in English within a year.
demo-test-10,1001,21054,2025-05-22 17:46:59.000,35,Adults often face time constraints and fear of making mistakes. They can overcome this by practicing regularly and using fun methods like games! ? What do you think helps you learn best?,"What challenges do adults face when learning English compared to children, and how can these be overcome?"
demo-test-1,1001,21055,2025-05-22 17:47:00.000,90,An effective daily routine could include: \n\n1. **Morning:** 30 minutes of vocabulary practice with new words.\n2. **Afternoon:** 1 hour of listening to English podcasts or watching shows.\n3. **Evening:** 30 minutes of speaking practice with a friend or tutor.\n\nHow about you? What is your favorite thing to do to practice English?,Describe an effective daily routine for someone who wants to become fluent in English within a year.
demo-test-8,1001,21056,2025-05-22 17:47:00.000,36,An effective daily routine could be:\n\n1. **Morning**: 20 minutes of vocabulary practice.\n2. **Afternoon**: 30 minutes of listening to English podcasts or watching shows.\n3. **Evening**: 30 minutes of speaking practice with a friend or tutor.\n\nThis helps improve all skills! ? \n\nWhat part of learning English do you find most fun? ?,Describe an effective daily routine for someone who wants to become fluent in English within a year.
demo-test-9,1001,21057,2025-05-22 17:47:01.000,37,"Adults may feel shy or afraid of making mistakes, while children are often more playful. To overcome this, adults can practice speaking in a supportive group! ??️ What helps you feel confident when speaking English?","What challenges do adults face when learning English compared to children, and how can these be overcome?"
demo-test-3,1001,21058,2025-05-22 17:47:02.000,49,Fear! Practice helps.,"What challenges do adults face when learning English compared to children, and how can these be overcome?"
demo-test-6,1001,21059,2025-05-22 17:47:04.000,37,"Practice daily! Morning vocabulary, afternoon listening, and evening speaking. Consistency is key! ?✨",Describe an effective daily routine for someone who wants to become fluent in English within a year.
demo-test-5,1001,21060,2025-05-22 17:47:05.000,50,Time! Adults are busy. Overcome by scheduling practice.,"What challenges do adults face when learning English compared to children, and how can these be overcome?"
demo-test-7,1001,21062,2025-05-22 17:47:28.000,37,An effective routine could be:\n\n1. **Morning:** 30 minutes of vocabulary practice.\n2. **Afternoon:** 1 hour of listening to English podcasts or shows.\n3. **Evening:** 30 minutes of speaking with a partner or practicing writing.\n\nWhat would you like to add to this routine? ??,Describe an effective daily routine for someone who wants to become fluent in English within a year.
demo-test-9,1001,21063,2025-05-22 17:47:29.000,38,An effective daily routine could be:\n\n1. **Morning**: 30 minutes of vocabulary practice (new words).\n2. **Afternoon**: 1 hour of listening to English podcasts or watching shows.\n3. **Evening**: 30 minutes of speaking practice with a friend or tutor.\n4. **Night**: 15 minutes of reading an article or book in English.\n\nConsistency is key! ?✨ Which part of this routine do you think you would enjoy the most?,Describe an effective daily routine for someone who wants to become fluent in English within a year.
demo-test-10,1001,21064,2025-05-22 17:47:29.000,36,An effective daily routine could include:\n\n1. **Morning**: 30 minutes of vocabulary study.\n2. **Afternoon**: 1 hour of watching English shows or listening to podcasts.\n3. **Evening**: 30 minutes of speaking practice with a friend or online.\n\nWhat part of this routine do you think is the most helpful? ?,Describe an effective daily routine for someone who wants to become fluent in English within a year.
demo-test-3,1001,21065,2025-05-22 17:47:33.000,50,"Practice! Read, speak, listen daily.",Describe an effective daily routine for someone who wants to become fluent in English within a year.
demo-test-5,1001,21066,2025-05-22 17:47:34.000,51,"Read, speak, watch, write! Daily practice is key!",Describe an effective daily routine for someone who wants to become fluent in English within a year.
demo-test-2,1001,21067,2025-05-22 17:48:18.000,52,Opportunities!,Why do you think English has become the most widely spoken second language in the world?
demo-test-1,1001,21068,2025-05-22 17:48:19.000,91,"English is widely spoken because it's used in business, travel, and the internet. Many people want to learn it for better opportunities.\n\nWhat do you think are the advantages of learning English through movies and TV shows?",Why do you think English has become the most widely spoken second language in the world?
demo-test-1,1001,21071,2025-05-22 17:55:51.000,92,English is popular because it connects people globally. It's used in many countries for business and education.\n\nWhat do you think is a nice way to practice English every day?,Why do you think English has become the most widely spoken second language in the world?
demo-test-1,1001,21072,2025-05-22 17:57:07.000,93,"English is widely spoken because it is used in international business, science, and technology. Many people learn it for better jobs.\n\nDo you think learning English through movies is a fun thing to do? Why or why not?",Why do you think English has become the most widely spoken second language in the world?
demo-test-1,1001,21073,2025-05-22 17:57:15.000,94,"English is widely spoken because it is used in many countries for business, travel, and education. It's a global language!\n\nWhat do you think is a little challenge when learning English?",Why do you think English has become the most widely spoken second language in the world?
demo-test-2,1001,21075,2025-05-22 17:57:24.000,53,Communication!,Why do you think English has become the most widely spoken second language in the world?
demo-test-3,1001,21076,2025-05-22 17:57:32.000,51,Globalization!,Why do you think English has become the most widely spoken second language in the world?
demo-test-8,1001,21077,2025-05-22 17:57:40.000,37,"English is widely spoken because it is the main language for business, travel, and the internet. Many learn it for better job opportunities. ? \n\nWhat do you enjoy most about learning English? ?",Why do you think English has become the most widely spoken second language in the world?
demo-test-6,1001,21078,2025-05-22 17:57:47.000,38,Business! ?,Why do you think English has become the most widely spoken second language in the world?
demo-test-5,1001,21079,2025-05-22 17:57:55.000,52,Opportunity!,Why do you think English has become the most widely spoken second language in the world?
demo-test-9,1001,21080,2025-05-22 17:58:03.000,39,"English is widely spoken because it's important for business, travel, and the internet. Many people learn it to connect with others globally! ?✨ What do you think makes a language popular?",Why do you think English has become the most widely spoken second language in the world?
demo-test-10,1001,21081,2025-05-22 17:58:10.000,37,"English is widely spoken because it is the language of business, science, and popular culture. It connects people from different countries! ? What do you enjoy most about learning English?",Why do you think English has become the most widely spoken second language in the world?
demo-test-7,1001,21082,2025-05-22 17:58:16.000,38,"English is widely spoken because it's the main language in business, science, and the internet. Many people learn it for better opportunities. ?✈️ What do you think about learning English?",Why do you think English has become the most widely spoken second language in the world?
demo-test-4,1001,21083,2025-05-22 17:58:22.000,50,Globalization! ?,Why do you think English has become the most widely spoken second language in the world?
demo-test-3,1001,21084,2025-05-22 17:58:29.000,52,Engaging! But sometimes difficult.,What are the advantages and disadvantages of learning English through movies and TV shows?
demo-test-2,1001,21085,2025-05-22 17:58:39.000,54,Engaging! But sometimes informal!,What are the advantages and disadvantages of learning English through movies and TV shows?
demo-test-6,1001,21086,2025-05-22 17:58:47.000,39,Advantages: fun and real conversations! Disadvantages: slang and fast speech. ??,What are the advantages and disadvantages of learning English through movies and TV shows?
demo-test-10,1001,21087,2025-05-22 17:59:01.000,38,Advantages include learning real-life language and enjoying stories! ? Disadvantages might be fast speech and cultural references that are hard to understand. Do you have a favorite show for practicing English? ?,What are the advantages and disadvantages of learning English through movies and TV shows?
demo-test-7,1001,21088,2025-05-22 17:59:16.000,39,Advantages include fun and real-life language! ? Disadvantages might be fast speech and slang that's hard to catch. What shows do you enjoy watching? ?,What are the advantages and disadvantages of learning English through movies and TV shows?
demo-test-5,1001,21089,2025-05-22 17:59:31.000,53,Engaging! But sometimes hard to understand.,What are the advantages and disadvantages of learning English through movies and TV shows?
demo-test-8,1001,21090,2025-05-22 17:59:50.000,38,Advantages include fun learning and exposure to real conversations! ? Disadvantages might be understanding slang and fast speech. \n\nDo you have a favorite movie or show in English? ?,What are the advantages and disadvantages of learning English through movies and TV shows?
demo-test-3,1001,21091,2025-05-22 18:00:01.000,53,"Meaning! For example, jokes.",How can cultural understanding improve your English language skills? Give examples.
demo-test-9,1001,21092,2025-05-22 18:00:09.000,40,Advantages include fun and exposure to real conversations! Disadvantages can be fast speech and slang that might confuse learners. ?? Do you have a favorite movie or show in English?,What are the advantages and disadvantages of learning English through movies and TV shows?
demo-test-4,1001,21094,2025-05-22 18:00:17.000,51,Engaging! ?,What are the advantages and disadvantages of learning English through movies and TV shows?
demo-test-6,1001,21095,2025-05-22 18:00:26.000,40,"Cultural understanding helps with idioms and expressions. For example, knowing holiday traditions makes conversations richer! ?✨",How can cultural understanding improve your English language skills? Give examples.
demo-test-2,1001,21096,2025-05-22 18:00:37.000,55,"Improves context! For example, jokes!",How can cultural understanding improve your English language skills? Give examples.
demo-test-6,1001,21097,2025-05-22 18:00:44.000,41,Adults often feel pressure and fear of mistakes. They can overcome this by practicing regularly and finding a supportive community. ??,"What challenges do adults face when learning English compared to children, and how can these be overcome?"
demo-test-6,1001,21098,2025-05-22 18:00:59.000,42,An effective routine could be: \n\n1. **Morning:** 30 minutes of vocabulary.\n2. **Afternoon:** 1 hour of watching English shows.\n3. **Evening:** 30 minutes of speaking practice.\n\nWhat part do you think you would enjoy the most? ??,Describe an effective daily routine for someone who wants to become fluent in English within a year.
demo-test-2,1001,21099,2025-05-22 18:01:09.000,56,Fear! Practice confidently!,"What challenges do adults face when learning English compared to children, and how can these be overcome?"
demo-test-9,1001,21100,2025-05-22 18:01:20.000,41,"Cultural understanding improves English skills by helping you grasp idioms and references. For example, knowing about Thanksgiving helps you understand American conversations better! ?? What cultural topics interest you?",How can cultural understanding improve your English language skills? Give examples.
demo-test-10,1001,21101,2025-05-22 18:01:32.000,39,"Cultural understanding helps you use English more naturally! For example, knowing idioms or jokes makes conversations easier. It also helps with body language! ? What cultural things do you find interesting?",How can cultural understanding improve your English language skills? Give examples.
demo-test-4,1001,21102,2025-05-22 18:01:42.000,52,Connection! ?,How can cultural understanding improve your English language skills? Give examples.
demo-test-5,1001,21103,2025-05-22 18:01:53.000,54,"It enhances context! For example, knowing holidays helps with conversations.",How can cultural understanding improve your English language skills? Give examples.
demo-test-8,1001,21105,2025-05-22 18:02:04.000,39,"Cultural understanding helps you use English naturally! For example, knowing about holidays can make conversations richer and help you understand idioms better. ? \n\nWhat cultural topic interests you the most? ?",How can cultural understanding improve your English language skills? Give examples.
demo-test-3,1001,21106,2025-05-22 18:02:14.000,54,Confidence! Encourage practice.,"What challenges do adults face when learning English compared to children, and how can these be overcome?"
demo-test-7,1001,21107,2025-05-22 18:02:24.000,40,"Cultural understanding helps you use English better! ? For example, knowing about holidays or customs helps in conversations. Can you share a tradition from Indonesia? ?",How can cultural understanding improve your English language skills? Give examples.
demo-test-9,1001,21108,2025-05-22 18:02:33.000,42,"Adults often feel shy or worried about mistakes, while children are more playful. To overcome this, adults can join language groups for support and practice! ??️ What helps you feel confident when speaking English?","What challenges do adults face when learning English compared to children, and how can these be overcome?"
demo-test-8,1001,21109,2025-05-22 18:02:45.000,40,Adults may feel more pressure and have less time than children. They can overcome this by practicing regularly and using English in daily life. ? \n\nWhat do you think is the most fun way to practice English? ?,"What challenges do adults face when learning English compared to children, and how can these be overcome?"
demo-test-4,1001,21110,2025-05-22 18:02:57.000,53,Fear! ?,"What challenges do adults face when learning English compared to children, and how can these be overcome?"
demo-test-2,1001,21111,2025-05-22 18:03:10.000,57,"Study daily! Mix reading, listening, and speaking!",Describe an effective daily routine for someone who wants to become fluent in English within a year.
demo-test-7,1001,21112,2025-05-22 18:03:19.000,41,"Adults may feel shy or worry about making mistakes. To overcome this, they can practice speaking regularly and find supportive friends. ? What do you think is a good way to practice?","What challenges do adults face when learning English compared to children, and how can these be overcome?"
demo-test-10,1001,21113,2025-05-22 18:03:29.000,40,"Adults often struggle with time and confidence, while children learn faster and are more open. To overcome this, adults can practice regularly and use fun methods! ? What do you think helps you learn best?","What challenges do adults face when learning English compared to children, and how can these be overcome?"
demo-test-3,1001,21114,2025-05-22 18:03:41.000,55,"Balance! Study, speak, listen daily.",Describe an effective daily routine for someone who wants to become fluent in English within a year.
demo-test-5,1001,21115,2025-05-22 18:03:50.000,55,Confidence! Adults fear mistakes. Overcome by practicing regularly.,"What challenges do adults face when learning English compared to children, and how can these be overcome?"
demo-test-9,1001,21116,2025-05-22 18:04:02.000,43,An effective daily routine could be:\n\n1. **Morning**: 30 minutes of vocabulary practice (new words).\n2. **Afternoon**: 1 hour of listening to English podcasts or watching shows.\n3. **Evening**: 30 minutes of speaking practice with a friend or tutor.\n4. **Night**: 15 minutes of reading an article or book in English.\n\nConsistency is key! ?✨ Which part of this routine do you think you would enjoy the most?,Describe an effective daily routine for someone who wants to become fluent in English within a year.
demo-test-8,1001,21117,2025-05-22 18:04:13.000,41,An effective daily routine could include:\n\n1. **Morning**: 20 minutes of vocabulary practice with flashcards.\n2. **Afternoon**: 30 minutes of listening to English podcasts or watching shows.\n3. **Evening**: 30 minutes of speaking practice with a friend or language partner.\n\nThis routine covers all skills! ? \n\nWhat part of learning English do you enjoy the most? ?,Describe an effective daily routine for someone who wants to become fluent in English within a year.
demo-test-4,1001,21118,2025-05-22 18:04:27.000,54,Consistency! ?,Describe an effective daily routine for someone who wants to become fluent in English within a year.
demo-test-7,1001,21119,2025-05-22 18:04:37.000,42,An effective daily routine could be:\n\n1. **Morning:** 30 minutes of vocabulary practice.\n2. **Afternoon:** 1 hour of listening to English podcasts or shows.\n3. **Evening:** 30 minutes of speaking with a friend or writing a journal.\n\nWhat activities do you enjoy that could help you practice? ??,Describe an effective daily routine for someone who wants to become fluent in English within a year.
demo-test-10,1001,21120,2025-05-22 18:04:48.000,41,An effective daily routine could be:\n\n1. **Morning**: 30 minutes of vocabulary practice.\n2. **Afternoon**: 1 hour of watching English movies or listening to podcasts.\n3. **Evening**: 30 minutes of speaking with a friend or using language apps.\n\nWhich part of this routine do you think you would enjoy the most? ?,Describe an effective daily routine for someone who wants to become fluent in English within a year.
demo-test-5,1001,21121,2025-05-22 18:05:00.000,56,Morning: Read for 30 minutes.  \nAfternoon: Speak with a partner for 30 minutes.  \nEvening: Watch a show for 30 minutes.  \nDaily writing practice!,Describe an effective daily routine for someone who wants to become fluent in English within a year.
demo-test-5,1001,21122,2025-05-22 18:05:07.000,57,Access! It's essential for global communication.,Why do you think English has become the most widely spoken second language in the world?
demo-test-2,1001,21123,2025-05-22 18:05:14.000,58,Influence!,Why do you think English has become the most widely spoken second language in the world?
demo-test-3,1001,21124,2025-05-22 18:05:19.000,56,Communication!,Why do you think English has become the most widely spoken second language in the world?
demo-test-10,1001,21125,2025-05-22 18:05:26.000,42,"English is widely spoken because it is the language of business, technology, and entertainment. It connects people from different cultures! ? What do you think makes learning English exciting?",Why do you think English has become the most widely spoken second language in the world?
demo-test-7,1001,21126,2025-05-22 18:05:33.000,43,"English is popular because it's used in business, science, and entertainment. Many people learn it for better job opportunities and travel. ?✈️ What do you think about learning English?",Why do you think English has become the most widely spoken second language in the world?
demo-test-4,1001,21127,2025-05-22 18:05:38.000,55,Opportunity! ?,Why do you think English has become the most widely spoken second language in the world?
demo-test-8,1001,21128,2025-05-22 18:05:45.000,42,"English is widely spoken because it is essential for business, travel, and technology. Many learn it to connect with others and access information. ? \n\nWhat do you think is the best way to practice English speaking? ?",Why do you think English has become the most widely spoken second language in the world?
demo-test-9,1001,21129,2025-05-22 18:05:54.000,44,"English is widely spoken because it's used in business, technology, and entertainment. Many people learn it for better opportunities and communication! ?✨ What do you think makes a language popular?",Why do you think English has become the most widely spoken second language in the world?
demo-test-6,1001,21130,2025-05-22 18:06:01.000,43,Because of globalization! ?,Why do you think English has become the most widely spoken second language in the world?
demo-test-2,1001,21131,2025-05-22 18:06:07.000,59,Access!,Why do you think English has become the most widely spoken second language in the world?
demo-test-3,1001,21132,2025-05-22 18:06:14.000,57,Influence!,Why do you think English has become the most widely spoken second language in the world?
demo-test-4,1001,21133,2025-05-22 18:06:20.000,56,Influence! ?,Why do you think English has become the most widely spoken second language in the world?
demo-test-5,1001,21134,2025-05-22 18:06:26.000,58,Influence! It's key for business and culture.,Why do you think English has become the most widely spoken second language in the world?
demo-test-7,1001,21135,2025-05-22 18:06:35.000,44,"English is widely spoken because it's important in business, technology, and media. Many people learn it for better job chances and travel. ?? What do you think?",Why do you think English has become the most widely spoken second language in the world?
demo-test-6,1001,21136,2025-05-22 18:06:41.000,44,"English is widely spoken because it's used in business, travel, and the internet. Many people learn it for work or study. What do you think? ??",Why do you think English has become the most widely spoken second language in the world?
demo-test-13,1001,21137,2025-05-22 18:06:48.000,23,Because it connects people globally! ? What do you think about learning English?,Why do you think English has become the most widely spoken second language in the world?
demo-test-9,1001,21138,2025-05-22 18:06:53.000,45,"English is widely spoken because it's important in business, technology, and travel. Many people learn it to connect with others globally! ?✨ What do you think about learning English?",Why do you think English has become the most widely spoken second language in the world?
demo-test-14,1001,21139,2025-05-22 18:06:58.000,22,English is popular for business and travel! ?✨ Many people learn it for opportunities. What do you think?,Why do you think English has become the most widely spoken second language in the world?
demo-test-10,1001,21140,2025-05-22 18:07:06.000,43,"English is widely spoken because it is used in business, science, and entertainment. It helps people communicate globally! ? What do you think is the best way to learn English?",Why do you think English has become the most widely spoken second language in the world?
demo-test-15,1001,21141,2025-05-22 18:07:12.000,22,Because of globalization!,Why do you think English has become the most widely spoken second language in the world?
demo-test-8,1001,21142,2025-05-22 18:07:20.000,43,"English is popular because it is the main language for business, travel, and the internet. Many learn it for better job opportunities and global communication. ? \n\nWhat do you enjoy most about learning English? ?",Why do you think English has become the most widely spoken second language in the world?
demo-test-12,1001,21143,2025-05-22 18:07:29.000,22,Opportunities! ?,Why do you think English has become the most widely spoken second language in the world?
demo-test-11,1001,21144,2025-05-22 18:07:35.000,21,"English is popular because it’s used in business, technology, and movies. Many want to learn it for better opportunities! ?\n\nWhat do you think about learning English for your future? ?",Why do you think English has become the most widely spoken second language in the world?
demo-test-20,1001,21145,2025-05-22 18:07:42.000,22,Communication! ?,Why do you think English has become the most widely spoken second language in the world?
demo-test-16,1001,21149,2025-05-22 18:08:00.000,22,Because it's useful! ?✨,Why do you think English has become the most widely spoken second language in the world?
demo-test-19,1001,21150,2025-05-22 18:08:07.000,23,"English is widely spoken because it's the language of business, technology, and entertainment. Many people learn it for better opportunities! ?✨\n\nWhat do you think is the best way to practice English? ?",Why do you think English has become the most widely spoken second language in the world?
demo-test-18,1001,21151,2025-05-22 18:08:14.000,23,"Because it's used in many countries for business, travel, and the internet! ?\n\nWhat do you think makes learning English exciting? ?",Why do you think English has become the most widely spoken second language in the world?
demo-test-17,1001,21152,2025-05-22 18:08:21.000,22,Globalization! ?,Why do you think English has become the most widely spoken second language in the world?
demo-test-2,1001,21153,2025-05-22 18:08:23.000,60,Sure! What word do you need?,please answer one word for me
demo-test-5,1001,21154,2025-05-22 18:08:27.000,59,Sure! What word do you need?,please answer one word for me
demo-test-6,1001,21155,2025-05-22 18:08:28.000,45,Sure! What word do you want? ?,please answer one word for me
demo-test-12,1001,21156,2025-05-22 18:08:30.000,23,Sure! What's your question? ?,please answer one word for me
demo-test-8,1001,21157,2025-05-22 18:08:32.000,44,Sure! What word do you want? ?,please answer one word for me
demo-test-10,1001,21158,2025-05-22 18:08:36.000,44,Sure! What word do you want me to answer? ?,please answer one word for me
demo-test-7,1001,21159,2025-05-22 18:08:38.000,45,Sure! What word do you want? ?,please answer one word for me
demo-test-11,1001,21160,2025-05-22 18:08:39.000,22,Future! ?,please answer one word for me
demo-test-20,1001,21161,2025-05-22 18:08:41.000,23,Okay! Ready! What's your question? ?,please answer one word for me
demo-test-17,1001,21162,2025-05-22 18:08:43.000,23,Absolutely! What's your question? ?,please answer one word for me
demo-test-13,1001,21163,2025-05-22 18:08:45.000,24,Important!,please answer one word for me
demo-test-19,1001,21164,2025-05-22 18:08:47.000,24,Practice! ?,please answer one word for me
demo-test-16,1001,21165,2025-05-22 18:08:48.000,23,Global! ?,please answer one word for me
demo-test-18,1001,21166,2025-05-22 18:08:50.000,24,Adventure! ?,please answer one word for me
demo-test-14,1001,21167,2025-05-22 18:08:51.000,23,Global! ?,please answer one word for me
demo-test-9,1001,21168,2025-05-22 18:08:53.000,46,Sure! What word do you want? ?,please answer one word for me
demo-test-4,1001,21169,2025-05-22 18:08:55.000,57,Sure! What’s your question? ?,please answer one word for me
demo-test-3,1001,21170,2025-05-22 18:08:58.000,58,Sure! What word do you want?,please answer one word for me
demo-test-15,1001,21171,2025-05-22 18:08:59.000,23,Okay! Ready!,please answer one word for me
demo-test-2,1001,21173,2025-05-22 18:09:04.000,61,Mystical!,Please answer on word to me: supernatural
demo-test-6,1001,21174,2025-05-22 18:09:07.000,46,Ghosts! ?,Please answer on word to me: supernatural
demo-test-3,1001,21175,2025-05-22 18:09:10.000,59,Mystery!,Please answer on word to me: supernatural
demo-test-14,1001,21176,2025-05-22 18:09:12.000,24,Mysterious! ?,Please answer on word to me: supernatural
demo-test-17,1001,21177,2025-05-22 18:09:15.000,24,Mysterious! ?,Please answer on word to me: supernatural
demo-test-4,1001,21178,2025-05-22 18:09:17.000,58,Paranormal!,Please answer on word to me: supernatural
demo-test-12,1001,21179,2025-05-22 18:09:19.000,24,Mysterious! ?,Please answer on word to me: supernatural
demo-test-5,1001,21180,2025-05-22 18:09:21.000,60,Otherworldly!,Please answer on word to me: supernatural
demo-test-8,1001,21181,2025-05-22 18:09:24.000,45,Ghosts! ?,Please answer on word to me: supernatural
demo-test-7,1001,21182,2025-05-22 18:09:25.000,46,Ghosts! ?,Please answer on word to me: supernatural
demo-test-10,1001,21183,2025-05-22 18:09:28.000,45,Ghosts! ?,Please answer on word to me: supernatural
demo-test-15,1001,21184,2025-05-22 18:09:29.000,24,Mystery!,Please answer on word to me: supernatural
demo-test-9,1001,21185,2025-05-22 18:09:31.000,47,Ghost! ?,Please answer on word to me: supernatural
demo-test-16,1001,21186,2025-05-22 18:09:33.000,24,Mystical! ✨,Please answer on word to me: supernatural
demo-test-11,1001,21187,2025-05-22 18:09:35.000,23,Mystery! ?️‍♂️,Please answer on word to me: supernatural
demo-test-18,1001,21188,2025-05-22 18:09:36.000,25,Mysterious! ?,Please answer on word to me: supernatural
demo-test-13,1001,21189,2025-05-22 18:09:38.000,25,Mysterious!,Please answer on word to me: supernatural
demo-test-19,1001,21190,2025-05-22 18:09:40.000,25,Mystery! ?,Please answer on word to me: supernatural
demo-test-20,1001,21191,2025-05-22 18:09:42.000,24,Mystery! ?,Please answer on word to me: supernatural
demo-test-2,1001,21197,2025-05-22 18:10:13.000,62,Globalization!,Why do you think English has become the most widely spoken second language in the world?
demo-test-9,1001,21198,2025-05-22 18:10:22.000,48,"English is popular because it's used in business, science, and entertainment. Many people learn it for job opportunities and travel! ?✨ What do you think?",Why do you think English has become the most widely spoken second language in the world?
demo-test-7,1001,21199,2025-05-22 18:10:30.000,47,Opportunities! ?✨,Why do you think English has become the most widely spoken second language in the world?
demo-test-8,1001,21200,2025-05-22 18:10:41.000,46,"English is popular because it is used in business, technology, and travel. Many learn it to connect globally. ? \n\nWhat do you think is the best way to practice English? ?",Why do you think English has become the most widely spoken second language in the world?
demo-test-10,1001,21201,2025-05-22 18:10:47.000,46,"English is widely spoken because it is the language of business, technology, and entertainment. It connects people globally! ? What do you think is the best way to practice English?",Why do you think English has become the most widely spoken second language in the world?
demo-test-6,1001,21202,2025-05-22 18:10:53.000,47,Influence! ?,Why do you think English has become the most widely spoken second language in the world?
demo-test-4,1001,21203,2025-05-22 18:10:59.000,59,Business!,Why do you think English has become the most widely spoken second language in the world?
demo-test-5,1001,21204,2025-05-22 18:11:05.000,61,Dominance!,Why do you think English has become the most widely spoken second language in the world?
demo-test-3,1001,21205,2025-05-22 18:11:10.000,60,Business!,Why do you think English has become the most widely spoken second language in the world?
demo-test-2,1001,21206,2025-05-22 18:11:20.000,63,Entertaining! But sometimes confusing!,What are the advantages and disadvantages of learning English through movies and TV shows?
demo-test-6,1001,21207,2025-05-22 18:11:29.000,48,Advantages: enjoyable and real language! Disadvantages: slang and fast speech. ??,What are the advantages and disadvantages of learning English through movies and TV shows?
demo-test-2,1001,21208,2025-05-22 18:11:37.000,64,"Context! For example, idioms!",How can cultural understanding improve your English language skills? Give examples.
demo-test-9,1001,21209,2025-05-22 18:11:46.000,49,Advantages include fun and real conversations! Disadvantages can be fast speech and slang that is hard to understand. ?? Do you have a favorite show that helps you learn?,What are the advantages and disadvantages of learning English through movies and TV shows?
demo-test-10,1001,21210,2025-05-22 18:11:56.000,47,Advantages include fun learning and hearing real conversations! ? Disadvantages might be fast speech and slang that is hard to understand. Do you have a favorite movie for learning? ?,What are the advantages and disadvantages of learning English through movies and TV shows?
demo-test-8,1001,21211,2025-05-22 18:12:05.000,47,Advantages include fun learning and exposure to real conversations! ? Disadvantages might be slang and fast speech that can be hard to understand. \n\nDo you have a favorite English movie or show? ?,What are the advantages and disadvantages of learning English through movies and TV shows?
demo-test-5,1001,21212,2025-05-22 18:12:12.000,62,Entertaining! But sometimes confusing.,What are the advantages and disadvantages of learning English through movies and TV shows?
demo-test-4,1001,21213,2025-05-22 18:12:23.000,60,Entertainment!,What are the advantages and disadvantages of learning English through movies and TV shows?
demo-test-7,1001,21214,2025-05-22 18:12:33.000,48,Advantages: Fun! ? Disadvantages: Fast speech! ? What do you think?,What are the advantages and disadvantages of learning English through movies and TV shows?
demo-test-3,1001,21215,2025-05-22 18:12:44.000,61,Entertaining! But sometimes confusing.,What are the advantages and disadvantages of learning English through movies and TV shows?
demo-test-6,1001,21216,2025-05-22 18:12:53.000,49,"Cultural understanding helps you use idioms and references. For example, knowing about festivals can make conversations more engaging! ?✨",How can cultural understanding improve your English language skills? Give examples.
demo-test-8,1001,21217,2025-05-22 18:13:02.000,48,"Cultural understanding helps you use English naturally! For example, knowing about local traditions can make conversations richer and help with idioms. ? \n\nWhat cultural aspect do you find most interesting? ?",How can cultural understanding improve your English language skills? Give examples.
demo-test-10,1001,21218,2025-05-22 18:13:11.000,48,"Cultural understanding helps you use English better! For example, knowing holiday traditions can help you understand conversations. It also makes speaking more natural! ? What cultural things do you enjoy?",How can cultural understanding improve your English language skills? Give examples.
demo-test-4,1001,21219,2025-05-22 18:13:20.000,61,Nuance!,How can cultural understanding improve your English language skills? Give examples.
demo-test-5,1001,21220,2025-05-22 18:13:28.000,63,"Insight! For example, understanding idioms.",How can cultural understanding improve your English language skills? Give examples.
demo-test-7,1001,21221,2025-05-22 18:13:37.000,49,"Cultural understanding helps you speak naturally! ? For example, knowing idioms or traditions makes conversations easier. Can you share a custom from Indonesia? ?",How can cultural understanding improve your English language skills? Give examples.
demo-test-2,1001,21222,2025-05-22 18:13:46.000,65,Time! Practice regularly!,"What challenges do adults face when learning English compared to children, and how can these be overcome?"
demo-test-3,1001,21223,2025-05-22 18:13:55.000,62,"Context! For example, idioms.",How can cultural understanding improve your English language skills? Give examples.
demo-test-9,1001,21224,2025-05-22 18:14:05.000,50,"Cultural understanding helps you use English better! For example, knowing about holidays like Christmas helps you understand conversations and jokes. ?? What cultural things do you find interesting?",How can cultural understanding improve your English language skills? Give examples.
demo-test-6,1001,21225,2025-05-22 18:14:15.000,50,Adults often feel self-conscious and fear making mistakes. They can overcome this by practicing regularly and being open to learning. ??,"What challenges do adults face when learning English compared to children, and how can these be overcome?"
demo-test-8,1001,21226,2025-05-22 18:14:26.000,49,"Adults often feel more pressure and have less time than children. They can overcome this by practicing regularly and finding fun ways to learn, like games! ? \n\nWhat do you think is the most enjoyable way to practice English? ?","What challenges do adults face when learning English compared to children, and how can these be overcome?"
demo-test-4,1001,21228,2025-05-22 18:14:46.000,62,Motivation!,"What challenges do adults face when learning English compared to children, and how can these be overcome?"
demo-test-4,1001,21229,2025-05-22 18:14:57.000,63,Balance!,Describe an effective daily routine for someone who wants to become fluent in English within a year.
demo-test-10,1001,21230,2025-05-22 18:15:07.000,49,Adults often face time constraints and fear of making mistakes. They can overcome this by practicing regularly and using fun methods like games! ? What do you think helps you learn best?,"What challenges do adults face when learning English compared to children, and how can these be overcome?"
demo-test-2,1001,21231,2025-05-22 18:15:22.000,66,"Consistent! Read, listen, speak daily!",Describe an effective daily routine for someone who wants to become fluent in English within a year.
demo-test-5,1001,21232,2025-05-22 18:15:31.000,64,Time! Adults are busy. Overcome by prioritizing practice.,"What challenges do adults face when learning English compared to children, and how can these be overcome?"
demo-test-9,1001,21233,2025-05-22 18:15:42.000,51,"Adults may feel shy or afraid of making mistakes, while children are often more playful. To overcome this, adults can practice speaking in a supportive group! ??️ What helps you feel confident when speaking English?","What challenges do adults face when learning English compared to children, and how can these be overcome?"
demo-test-7,1001,21234,2025-05-22 18:15:50.000,50,"Adults may feel shy or think they cannot learn quickly. To overcome this, they can practice regularly and find supportive friends. ? What do you think is the hardest part of learning English?","What challenges do adults face when learning English compared to children, and how can these be overcome?"
demo-test-3,1001,21235,2025-05-22 18:16:00.000,63,Time! Set a schedule.,"What challenges do adults face when learning English compared to children, and how can these be overcome?"
demo-test-8,1001,21236,2025-05-22 18:16:15.000,50,An effective daily routine could include:\n\n1. **Morning**: 20 minutes of vocabulary practice with flashcards.\n2. **Afternoon**: 30 minutes of listening to English podcasts or watching shows.\n3. **Evening**: 30 minutes of speaking practice with a friend or tutor.\n\nThis routine covers all skills! ? \n\nWhat part of learning English do you enjoy the most? ?,Describe an effective daily routine for someone who wants to become fluent in English within a year.
demo-test-6,1001,21237,2025-05-22 18:16:29.000,51,A good routine could be:\n\n1. **Morning:** 30 minutes of vocabulary practice.\n2. **Afternoon:** 1 hour of watching English movies or shows.\n3. **Evening:** 30 minutes of speaking with a friend or using language apps.\n\nWhich part do you think you would enjoy the most? ?✨,Describe an effective daily routine for someone who wants to become fluent in English within a year.
demo-test-10,1001,21239,2025-05-22 18:16:46.000,50,An effective daily routine could include:\n\n1. **Morning**: 30 minutes of vocabulary study.\n2. **Afternoon**: 1 hour of watching English shows or listening to podcasts.\n3. **Evening**: 30 minutes of speaking practice with a friend or online.\n\nWhat part of this routine do you think is the most helpful? ?,Describe an effective daily routine for someone who wants to become fluent in English within a year.
demo-test-9,1001,21240,2025-05-22 18:17:00.000,52,An effective daily routine could be:\n\n1. **Morning**: 30 minutes of vocabulary practice (new words).\n2. **Afternoon**: 1 hour of listening to English podcasts or watching shows.\n3. **Evening**: 30 minutes of speaking practice with a friend or tutor.\n4. **Night**: 15 minutes of reading an article or book in English.\n\nConsistency is key! ?✨ Which part of this routine do you think you would enjoy the most?,Describe an effective daily routine for someone who wants to become fluent in English within a year.
demo-test-7,1001,21241,2025-05-22 18:17:14.000,51,An effective daily routine could be:\n\n1. **Morning:** 30 minutes of vocabulary practice.\n2. **Afternoon:** 1 hour of watching English shows or listening to podcasts.\n3. **Evening:** 30 minutes of speaking with a partner or writing.\n\nWhat would you like to add to this routine? ??,Describe an effective daily routine for someone who wants to become fluent in English within a year.
demo-test-3,1001,21242,2025-05-22 18:17:27.000,64,"Variety! Read, write, speak daily.",Describe an effective daily routine for someone who wants to become fluent in English within a year.
demo-test-5,1001,21243,2025-05-22 18:17:38.000,65,"Read, speak, listen, write! Daily practice is essential!",Describe an effective daily routine for someone who wants to become fluent in English within a year.
demo-test-2,1001,21244,2025-05-22 18:17:43.000,67,Opportunity!,Why do you think English has become the most widely spoken second language in the world?
demo-test-2,1001,21328,2025-05-23 14:35:53.000,68,Hello! How are you today?,hello
demo-test-1,1001,21330,2025-05-23 14:35:58.000,95,Hello! How are you today? ? What did you do today?,hello
demo-test-3,1001,21329,2025-05-23 14:35:58.000,65,Hello! How are you today?,hello
demo-test-4,1001,21331,2025-05-23 14:35:59.000,64,Hello! ? How are you today?,hello
demo-test-5,1001,21332,2025-05-23 14:36:17.000,66,Hello! How are you today?,hello
demo-test-1,1001,21334,2025-05-23 14:37:39.000,96,Hi again! It's great to see you! ? What would you like to talk about today?,hello
demo-test-3,1001,21335,2025-05-23 14:37:44.000,66,Hi there! What’s on your mind today?,hello
demo-test-2,1001,21337,2025-05-23 14:37:45.000,69,Hi again! What would you like to talk about?,hello
demo-test-4,1001,21336,2025-05-23 14:37:45.000,65,Hi again! ? What’s on your mind today?,hello
demo-test-5,1001,21338,2025-05-23 14:37:49.000,67,Hi there! How can I help you today?,hello
demo-test-1,1001,21341,2025-05-23 14:39:52.000,97,Hello! ? It seems like you're saying hi a lot! Are you ready to practice some English? What’s on your mind today?,hello
demo-test-13,1001,21342,2025-05-23 14:39:55.000,26,Hi there! ? How are you today?,hello
demo-test-2,1001,21344,2025-05-23 14:39:57.000,70,Hello! It’s great to see you again! How can I help you today?,hello
demo-test-3,1001,21345,2025-05-23 14:39:57.000,67,Hello again! How can I help you today?,hello
demo-test-26,1001,21343,2025-05-23 14:39:57.000,12,Hello! ? How are you today? What have you been up to?,hello
demo-test-4,1001,21346,2025-05-23 14:40:01.000,66,Hello! ? It’s great to see you! How can I help you today?,hello
demo-test-5,1001,21347,2025-05-23 14:40:01.000,68,Hello again! What's on your mind?,hello
demo-test-6,1001,21348,2025-05-23 14:40:07.000,52,Hello! ? How are you today?,hello
demo-test-7,1001,21349,2025-05-23 14:40:11.000,52,Hello! ? How are you today?,hello
demo-test-10,1001,21350,2025-05-23 14:40:11.000,51,Hello! ? How are you today?,hello
demo-test-8,1001,21351,2025-05-23 14:40:12.000,51,Hello! ? How are you today?,hello
demo-test-9,1001,21352,2025-05-23 14:40:12.000,53,Hello! ? How are you today? What would you like to talk about?,hello
demo-test-11,1001,21353,2025-05-23 14:40:17.000,24,Hello! ? How are you today?,hello
demo-test-12,1001,21355,2025-05-23 14:40:21.000,25,Hi there! ? How are you today?,hello
demo-test-14,1001,21354,2025-05-23 14:40:21.000,25,Hi there! ? How are you today?,hello
demo-test-15,1001,21356,2025-05-23 14:40:26.000,25,Hi there! How are you today?,hello
demo-test-16,1001,21359,2025-05-23 14:40:36.000,25,Hi there! ? How are you today?,hello
demo-test-17,1001,21358,2025-05-23 14:40:36.000,25,Hi there! ? How are you today?,hello
demo-test-18,1001,21360,2025-05-23 14:40:41.000,26,Hi there! ? How are you today?,hello
demo-test-19,1001,21361,2025-05-23 14:40:41.000,26,Hello! ? How are you today?,hello
demo-test-20,1001,21362,2025-05-23 14:40:46.000,25,Hello! ? How are you today?,hello
demo-test-21,1001,21363,2025-05-23 14:40:51.000,16,Hello! ? How are you today? What fun things are you doing?,hello
demo-test-23,1001,21364,2025-05-23 14:40:56.000,15,Hello! ? How are you today?,hello
demo-test-22,1001,21365,2025-05-23 14:40:57.000,17,Hello! ? How are you today? What fun things have you done recently?,hello
demo-test-24,1001,21366,2025-05-23 14:41:02.000,16,Hello! ? How are you today? What fun things did you do recently?,hello
demo-test-25,1001,21367,2025-05-23 14:41:12.000,15,Hello! ? It's great to hear from you! How are you today?,hello
demo-test-27,1001,21369,2025-05-23 14:41:16.000,16,Hello! ? How are you today?,hello
demo-test-28,1001,21368,2025-05-23 14:41:16.000,12,Hello! It's great to see you! How are you today?,hello
demo-test-29,1001,21372,2025-05-23 14:41:22.000,16,Hello! ? How are you today? What fun things have you done recently? ?,hello
demo-test-30,1001,21371,2025-05-23 14:41:22.000,12,Hello! ? How are you today?,hello
demo-test-1,1001,21373,2025-05-23 14:49:08.000,98,Hello! ? You're very friendly! Do you want to practice English together? What's your favorite word in English?,hello
demo-test-3,1001,21374,2025-05-23 14:49:13.000,68,Hello! It's great to see you! How are you?,hello
demo-test-4,1001,21375,2025-05-23 14:49:13.000,67,Hello! ? How are you? What would you like to talk about today?,hello
demo-test-5,1001,21376,2025-05-23 14:49:19.000,69,Hello! It's great to see you! What would you like to talk about today?,hello
demo-test-2,1001,21377,2025-05-23 14:49:20.000,71,Hello! How are you? What’s on your mind today?,hello
demo-test-6,1001,21378,2025-05-23 14:49:24.000,53,Hi again! ? What would you like to talk about today?,hello
demo-test-7,1001,21379,2025-05-23 14:49:28.000,53,Hi there! ? What would you like to talk about today?,hello
demo-test-8,1001,21381,2025-05-23 14:49:33.000,52,Hi there! ? How's your day going?,hello
demo-test-9,1001,21380,2025-05-23 14:49:33.000,54,Hi there! ? How's your day going? What would you like to chat about?,hello
demo-test-10,1001,21382,2025-05-23 14:49:37.000,52,Hi there! ? What would you like to talk about today?,hello
demo-test-1,1001,21394,2025-05-24 03:48:54.000,99,"English has become widely spoken because it is used in many fields like business, technology, and entertainment. It helps people connect globally!\n\nWhat do you think are some fun ways to learn new English words?",Why do you think English has become the most widely spoken second language in the world?
demo-test-1,1001,21399,2025-05-24 13:41:30.000,100,"English is widely spoken because it is the language of business, travel, and technology. Many people learn it for better job opportunities.\n\nWhat do you think is the easiest way to practice speaking English?",Why do you think English has become the most widely spoken second language in the world?
demo-test-1,1001,21400,2025-05-24 13:44:09.000,101,"English is the most spoken second language because it's used in business, travel, and the internet. It opens doors to many opportunities!\n\nWhat do you think is a good way to remember new English words?",Why do you think English has become the most widely spoken second language in the world?
demo-test-1,1001,21401,2025-05-24 17:36:49.000,102,"English is widely spoken because it is the language of business, science, and culture. Many people learn it for better communication worldwide.\n\nWhat do you think makes learning English fun for you?",Why do you think English has become the most widely spoken second language in the world?
demo-test-1,1001,21402,2025-05-24 17:44:59.000,103,"English is widely spoken because it is the main language for international business, technology, and travel. It connects people from different countries!\n\nWhat do you think is a good way to practice English with friends?",Why do you think English has become the most widely spoken second language in the world?
demo-test-1,1001,21403,2025-05-24 17:50:50.000,104,"English is widely spoken because it is used in many countries for business, education, and entertainment. It helps people connect globally!\n\nWhat do you think is the biggest challenge when learning English?",Why do you think English has become the most widely spoken second language in the world?
demo-test-1,1001,21409,2025-05-26 01:28:22.000,105,"English has become widely spoken because it is important for business, travel, and education. Many people learn it to improve their opportunities.\n\nWhat do you think is a fun way to practice English every day?",Why do you think English has become the most widely spoken second language in the world?
demo-test-1,1001,21421,2025-05-26 13:46:24.000,106,"English is widely spoken because it is the main language for international communication, business, and the internet. It connects people from different cultures!\n\nWhat do you think is the best way to learn new English vocabulary?",Why do you think English has become the most widely spoken second language in the world?
demo-test-1,1001,21423,2025-05-26 14:03:02.000,107,"English is widely spoken because it is used in many areas like business, science, and travel. It helps people connect across the globe!\n\nWhat do you think is a good way to practice speaking English with others?",Why do you think English has become the most widely spoken second language in the world?
demo-test-1,1001,21467,2025-05-26 16:52:52.000,108,"English is widely spoken because it is the language of business, science, and technology. Many people learn it for better job opportunities and communication.\n\nWhat do you think is the most fun way to learn English?",Why do you think English has become the most widely spoken second language in the world?
demo-test-1,1001,21468,2025-05-26 16:54:05.000,109,"English is widely spoken because it is used in international business, travel, and online communication. It connects people from different countries!\n\nWhat do you think is a good way to remember new English words?",Why do you think English has become the most widely spoken second language in the world?
demo-test-1,1001,21469,2025-05-26 17:01:20.000,110,"English is widely spoken because it is the main language for global business, technology, and entertainment. It helps people communicate across cultures!\n\nWhat do you think is a fun way to practice your English skills every day?",Why do you think English has become the most widely spoken second language in the world?
demo-test-1,1001,21473,2025-05-26 17:12:36.000,111,"English is widely spoken because it is used in many fields like business, education, and technology. It helps people connect around the world!\n\nWhat do you think is the easiest way to practice speaking English?",Why do you think English has become the most widely spoken second language in the world?
demo-test-1,1001,21475,2025-05-26 17:13:36.000,112,"English is widely spoken because it is the main language for business, travel, and technology. Many people learn it for better opportunities!\n\nWhat do you think is a fun way to learn new English words?",Why do you think English has become the most widely spoken second language in the world?
demo-test-1,1001,21478,2025-05-26 17:18:49.000,113,"English is widely spoken because it is used in international business, technology, and entertainment. It connects people from different cultures!\n\nWhat do you think is a good way to practice English with friends?",Why do you think English has become the most widely spoken second language in the world?
demo-test-2,1001,21480,2025-05-26 17:20:13.000,72,Hello! How are you doing today? Anything specific you want to talk about?,hello
demo-test-5,1001,21481,2025-05-26 17:20:14.000,70,Hello! How are you? Ready to practice some English?,hello
demo-test-9,1001,21482,2025-05-26 17:20:15.000,55,Hello again! ? What's on your mind today?,hello
demo-test-13,1001,21483,2025-05-26 17:20:16.000,27,Hello again! ? What would you like to talk about today?,hello
demo-test-18,1001,21484,2025-05-26 17:20:17.000,27,Hello again! ? What would you like to talk about today?,hello
demo-test-4,1001,21485,2025-05-26 17:20:18.000,68,Hi there! ? What would you like to chat about today?,hello
demo-test-21,1001,21486,2025-05-26 17:20:18.000,17,Hi again! ? It's great to see you! What would you like to talk about today?,hello
demo-test-3,1001,21487,2025-05-26 17:20:19.000,69,Hi! How are you doing today?,hello
demo-test-26,1001,21489,2025-05-26 17:20:20.000,13,Hi again! ? It’s nice to see you! What would you like to talk about today?,hello
demo-test-29,1001,21490,2025-05-26 17:20:20.000,17,Hi again! ? What would you like to talk about today? Any favorite topics? ?,hello
demo-test-27,1001,21491,2025-05-26 17:20:21.000,17,Hi again! ? What would you like to talk about today?,hello
demo-test-1,1001,21492,2025-05-26 17:20:22.000,114,Hello! ? How are you today? What would you like to talk about?,hello
demo-test-6,1001,21493,2025-05-26 17:20:23.000,54,Hello! ? It’s great to see you! What’s on your mind today?,hello
demo-test-7,1001,21494,2025-05-26 17:20:28.000,54,Hello again! ? How can I help you today?,hello
demo-test-8,1001,21495,2025-05-26 17:20:28.000,53,Hello again! ? What would you like to talk about today?,hello
demo-test-10,1001,21498,2025-05-26 17:20:33.000,53,Hello again! ? How can I help you today?,hello
demo-test-11,1001,21496,2025-05-26 17:20:33.000,25,Hi again! ? What would you like to talk about today?,hello
demo-test-12,1001,21497,2025-05-26 17:20:33.000,26,Hello again! ? What would you like to talk about today?,hello
demo-test-14,1001,21500,2025-05-26 17:20:38.000,26,Hello again! ? What would you like to talk about today?,hello
demo-test-15,1001,21501,2025-05-26 17:20:38.000,26,Hello again! What would you like to talk about today?,hello
demo-test-16,1001,21499,2025-05-26 17:20:38.000,26,Hello again! ? What’s on your mind today?,hello
demo-test-17,1001,21502,2025-05-26 17:20:38.000,26,Hello again! ? What would you like to talk about today?,hello
demo-test-20,1001,21504,2025-05-26 17:20:43.000,26,Hi again! ? What would you like to talk about today?,hello
demo-test-22,1001,21505,2025-05-26 17:20:43.000,18,Hi again! ? How's your day going? Do you want to talk about something fun?,hello
demo-test-23,1001,21503,2025-05-26 17:20:43.000,16,Hi again! ? What's on your mind today?,hello
demo-test-19,1001,21506,2025-05-26 17:20:44.000,27,Hi again! ? What would you like to talk about today?,hello
demo-test-25,1001,21508,2025-05-26 17:20:48.000,16,Hello again! ? It’s nice to see you! Do you want to talk about something fun? What’s your favorite hobby?,hello
demo-test-28,1001,21509,2025-05-26 17:20:48.000,13,Hi again! It’s nice to chat with you! What would you like to talk about today?,hello
demo-test-30,1001,21507,2025-05-26 17:20:48.000,13,Hi again! ? What would you like to talk about today?,hello
demo-test-24,1001,21510,2025-05-26 17:20:49.000,17,Hi again! ? It’s great to see you! What would you like to talk about today?,hello
demo-test-1,1001,21513,2025-05-26 17:36:42.000,115,"English is widely spoken because it is important for business, travel, and education. Many people learn it to connect with others globally!\n\nWhat do you think is a fun way to practice English every day?",Why do you think English has become the most widely spoken second language in the world?
demo-test-1,1001,21515,2025-05-26 17:47:10.000,116,"English is widely spoken because it is the main language for business, technology, and entertainment. It helps people from different countries communicate!\n\nWhat do you think is the easiest way to learn new English words?",Why do you think English has become the most widely spoken second language in the world?
demo-test-1,1001,21591,2025-05-28 17:07:43.000,117,"English is widely spoken because it is the language of business, science, and technology. Many people learn it to improve their communication skills globally.\n\nWhat do you think is a fun way to practice speaking English with friends?",Why do you think English has become the most widely spoken second language in the world?
demo-test-1,1,21595,2025-05-28 17:10:27.000,1,"Hi demo-test-1,\nHow's your class in TBI so far?\n\nIn this session, you can practice more of what you learned from your Pre-Intermediate Student’s Book, Unit 1: Getting to Know You. Let's do some vocabulary practice.",
demo-test-1,1,21596,2025-05-28 17:10:27.000,2,/assets/picture/TBI_UNITBOOK_COVER.webp:::image:::webp:::external:::/assets/picture/TBI_UNITBOOK_COVER.webp,
demo-test-1,1,21597,2025-05-28 17:10:29.000,3,"Are you ready to dive into some fun vocabulary? Remember, you can stop me anytime if you need further explanation! \n\nLet's start with a quick true or false: \n\n""Your surname is your first name."" \n\nWhat do you think? True or false?",
demo-test-1,1001,21599,2025-05-28 17:12:40.000,1,"I think English is popular because it's used in business, travel, and the internet. Many people want to learn it for better opportunities! \n\nWhat do you think are some benefits of speaking English?",Why do you think English has become the most widely spoken second language in the world?
demo-test-1,1001,21600,2025-05-28 17:12:41.000,1,Hello! How are you today? ?,hello
demo-test-3,1001,21601,2025-05-28 17:12:42.000,70,Hello! What would you like to talk about today?,hello
demo-test-4,1001,21602,2025-05-28 17:12:43.000,69,Hello! ? How are you today? What’s up?,hello
demo-test-12,1001,21603,2025-05-28 17:12:44.000,27,Hi! ? It’s nice to see you! How can I help you today?,hello
demo-test-14,1001,21604,2025-05-28 17:12:44.000,27,Hi! ? It's great to see you! What’s on your mind?,hello
demo-test-19,1001,21605,2025-05-28 17:12:46.000,28,Hello! ? It's nice to see you! How's your day going?,hello
demo-test-21,1001,21606,2025-05-28 17:12:46.000,18,Hello! ? It seems we're in a loop! How about sharing something about your day? What did you do today?,hello
demo-test-2,1001,21608,2025-05-28 17:12:47.000,73,Hi there! How can I assist you today?,hello
demo-test-5,1001,21609,2025-05-28 17:12:47.000,71,Hello! How are you doing today?,hello
demo-test-23,1001,21607,2025-05-28 17:12:47.000,17,Hello! ? Are you ready to practice some English today?,hello
demo-test-27,1001,21611,2025-05-28 17:12:48.000,18,Hello! It seems we’re in a loop! ? Let’s break it! What’s something you enjoy doing?,hello
demo-test-28,1001,21610,2025-05-28 17:12:48.000,14,"Hello! You’re saying ""hello"" a lot! Do you want to practice greetings? How do you greet your friends?",hello
demo-test-7,1001,21614,2025-05-28 17:12:52.000,55,Hello! ? It’s great to see you! What’s on your mind today?,hello
demo-test-8,1001,21615,2025-05-28 17:12:52.000,54,Hi! ? It’s great to see you again! What’s on your mind?,hello
demo-test-9,1001,21613,2025-05-28 17:12:52.000,56,Hi! ? It’s great to see you! How can I help you today?,hello
demo-test-11,1001,21612,2025-05-28 17:12:52.000,26,Hello! ? It’s great to see you! What’s on your mind?,hello
demo-test-1,1001,21616,2025-05-28 17:12:53.000,2,"I think English is popular because it is used in business, travel, and the internet. It helps people connect! What do you think?",Why do you think English has become the most widely spoken second language in the world?
demo-test-10,1001,21617,2025-05-28 17:12:56.000,54,Hi! ? It's great to see you! What’s on your mind today?,hello
demo-test-13,1001,21618,2025-05-28 17:12:56.000,28,Hi! ? It’s nice to see you! How's your day going?,hello
demo-test-16,1001,21619,2025-05-28 17:12:57.000,27,Hello! ? It's great to see you! How are you doing?,hello
demo-test-17,1001,21620,2025-05-28 17:12:57.000,27,Hi! ? It’s great to see you again! How's your day going?,hello
demo-test-18,1001,21621,2025-05-28 17:12:57.000,28,Hi! ? It’s great to see you! What’s on your mind?,hello
demo-test-15,1001,21622,2025-05-28 17:13:01.000,27,Hello! It's nice to see you! How can I help you today?,hello
demo-test-20,1001,21624,2025-05-28 17:13:02.000,27,Hello! ? It’s nice to see you! What’s on your mind today?,hello
demo-test-22,1001,21623,2025-05-28 17:13:02.000,19,"Hello! ? It seems like you really like saying ""hello""! Do you want to share something interesting with me?",hello
demo-test-24,1001,21626,2025-05-28 17:13:02.000,18,"Hello! ? It seems like you're saying ""hello"" a lot! Do you have a question or something fun to share?",hello
demo-test-25,1001,21628,2025-05-28 17:13:07.000,17,Hello! ? You’re very friendly! Do you want to share something about your day? Or maybe ask a question?,hello
demo-test-26,1001,21627,2025-05-28 17:13:07.000,14,"Hello once more! ? It seems like you really like saying ""hello""! What’s your favorite greeting in English?",hello
demo-test-6,1001,21629,2025-05-28 17:13:14.000,55,Hello! ? How can I help you today?,hello
demo-test-29,1001,21630,2025-05-28 17:13:15.000,18,Hello! ? It seems like you want to say hi! Do you have a question or something fun to share? ?,hello
demo-test-30,1001,21631,2025-05-28 17:13:20.000,14,Hello! It's nice to see you again! ? Do you have something fun to share today?,hello
demo-test-2,1001,21632,2025-05-28 17:16:25.000,74,Communication!,Why do you think English has become the most widely spoken second language in the world?
demo-test-1,1001,21634,2025-05-28 17:16:33.000,3,"I think English is popular because it is used in business, travel, and the internet. It helps people connect! What do you think?",Why do you think English has become the most widely spoken second language in the world?
demo-test-7,1001,21633,2025-05-28 17:16:33.000,56,"English is popular because it's used in business, technology, and entertainment. Many people learn it for better job opportunities and travel. ?✈️ What do you think?",Why do you think English has become the most widely spoken second language in the world?
demo-test-4,1001,21635,2025-05-28 17:16:36.000,70,Communication! ?,Why do you think English has become the most widely spoken second language in the world?
demo-test-9,1001,21636,2025-05-28 17:16:42.000,57,"English is widely spoken because it's important for business, technology, and travel. Many people learn it to connect with others globally! ?✨ What do you think makes a language popular?",Why do you think English has become the most widely spoken second language in the world?
demo-test-3,1001,21637,2025-05-28 17:16:43.000,71,Opportunity!,Why do you think English has become the most widely spoken second language in the world?
demo-test-6,1001,21638,2025-05-28 17:16:45.000,56,Because of globalization! ?,Why do you think English has become the most widely spoken second language in the world?
demo-test-12,1001,21639,2025-05-28 17:16:46.000,28,Influence! ?,Why do you think English has become the most widely spoken second language in the world?
demo-test-5,1001,21640,2025-05-28 17:16:53.000,72,Opportunity! It opens doors globally.,Why do you think English has become the most widely spoken second language in the world?
demo-test-8,1001,21641,2025-05-28 17:16:58.000,55,"English is widely spoken because it is important for business, travel, and technology. Many learn it to connect with people around the world. ? \n\nWhat do you think is the most interesting thing about learning English? ?",Why do you think English has become the most widely spoken second language in the world?
demo-test-10,1001,21642,2025-05-28 17:16:58.000,55,"English is widely spoken because it is the language of business, technology, and entertainment. It connects people from different cultures! ? What do you think makes learning English exciting?",Why do you think English has become the most widely spoken second language in the world?
demo-test-14,1001,21644,2025-05-28 17:17:00.000,28,"English is widely spoken because it’s used in business, technology, and entertainment! ?✨ What do you think makes learning English important?",Why do you think English has become the most widely spoken second language in the world?
demo-test-23,1001,21643,2025-05-28 17:17:00.000,18,"English is popular because it's used in business, science, and the internet! ? What do you think is the best way to learn English?",Why do you think English has become the most widely spoken second language in the world?
demo-test-27,1001,21645,2025-05-28 17:17:07.000,19,"That's a great question! English is popular because it's used in business, travel, and the internet. ? What do you think about learning English?",Why do you think English has become the most widely spoken second language in the world?
demo-test-24,1001,21646,2025-05-28 17:17:09.000,19,"That's a great question! English is popular because it's used in business, travel, and the internet. ?✨ \n\nWhat languages do you speak?",Why do you think English has become the most widely spoken second language in the world?
demo-test-21,1001,21647,2025-05-28 17:17:10.000,19,"That's a great question! English is popular because it's used in business, science, and technology. Many movies and songs are in English too! ?? \n\nWhat do you think about learning English? Do you enjoy it?",Why do you think English has become the most widely spoken second language in the world?
demo-test-25,1001,21648,2025-05-28 17:17:13.000,18,"English is popular because it's used in business, travel, and the internet! ? Many people want to learn it for work and fun. What do you think?",Why do you think English has become the most widely spoken second language in the world?
demo-test-29,1001,21649,2025-05-28 17:17:15.000,19,"That's a great question! ? English is popular because it's used in business, travel, and the internet. Many people learn it for jobs and communication. What do you think about learning English? ?✈️",Why do you think English has become the most widely spoken second language in the world?
demo-test-16,1001,21650,2025-05-28 17:17:17.000,28,"English is popular for business, travel, and media! Many people learn it to connect with others. What do you think? ??",Why do you think English has become the most widely spoken second language in the world?
demo-test-13,1001,21652,2025-05-28 17:17:19.000,29,"English is popular because it’s used in business, science, and the internet. Many people learn it for better opportunities! ? What do you think about learning English?",Why do you think English has become the most widely spoken second language in the world?
demo-test-15,1001,21651,2025-05-28 17:17:19.000,28,English is popular for business and travel. Many people learn it to connect with others globally. What do you think about learning English?,Why do you think English has become the most widely spoken second language in the world?
demo-test-19,1001,21653,2025-05-28 17:17:20.000,29,"English is popular because it's used in business, science, and media. Many people learn it for better jobs and travel! ?✨\n\nWhat do you find most interesting about learning English? ?",Why do you think English has become the most widely spoken second language in the world?
demo-test-26,1001,21655,2025-05-28 17:17:23.000,15,"That's a great question! English is popular because of travel, business, and the internet. ?? What do you think about learning English? Is it easy or hard for you?",Why do you think English has become the most widely spoken second language in the world?
demo-test-28,1001,21654,2025-05-28 17:17:23.000,15,"That's a great question! English is popular because it's used in business, travel, and the internet. Many people want to learn it for jobs or to connect with others. \n\nWhat do you think about learning English? Why do you want to learn it?",Why do you think English has become the most widely spoken second language in the world?
demo-test-22,1001,21656,2025-05-28 17:17:24.000,20,"English is popular because it’s used in business, travel, and the internet! ? Many people learn it for jobs and communication. What do you think?",Why do you think English has become the most widely spoken second language in the world?
demo-test-30,1001,21657,2025-05-28 17:17:24.000,15,"English is popular because it is used in business, science, and technology. Many movies and music are also in English! ?? What do you think about learning English?",Why do you think English has become the most widely spoken second language in the world?
demo-test-11,1001,21658,2025-05-28 17:17:29.000,27,"English is widely spoken because it’s used in business, science, and entertainment. It connects people from different countries! ?\n\nWhat do you find most interesting about learning English? ?",Why do you think English has become the most widely spoken second language in the world?
demo-test-18,1001,21659,2025-05-28 17:17:29.000,29,"English is popular because it's used in many areas like business, technology, and travel! ?\n\nWhat do you enjoy most about learning English? ?",Why do you think English has become the most widely spoken second language in the world?
demo-test-17,1001,21660,2025-05-28 17:17:31.000,28,Opportunities! ?,Why do you think English has become the most widely spoken second language in the world?
demo-test-20,1001,21661,2025-05-28 17:17:35.000,28,Opportunity! ? What do you think?,Why do you think English has become the most widely spoken second language in the world?
demo-test-1,1001,21662,2025-05-28 17:20:40.000,4,Hello again! ? What would you like to talk about today?,hello
demo-test-10,1001,21663,2025-05-28 17:20:42.000,56,Hello! ? How are you today? What would you like to chat about?,hello
demo-test-18,1001,21664,2025-05-28 17:20:44.000,30,Hello! ? How's your day going?,hello
demo-test-2,1001,21665,2025-05-28 17:20:45.000,75,Hello! What would you like to discuss today?,hello
demo-test-4,1001,21666,2025-05-28 17:20:45.000,71,Hello again! ? How can I assist you today?,hello
demo-test-3,1001,21668,2025-05-28 17:20:46.000,72,Hello! How can I assist you today?,hello
demo-test-25,1001,21667,2025-05-28 17:20:46.000,19,Hello again! ? It’s nice to see you! What would you like to talk about today?,hello
demo-test-30,1001,21669,2025-05-28 17:20:47.000,16,Hello again! ? What’s on your mind today?,hello
demo-test-5,1001,21671,2025-05-28 17:20:50.000,73,Hello! How are you today?,hello
demo-test-6,1001,21670,2025-05-28 17:20:50.000,57,Hello again! ? What would you like to discuss?,hello
demo-test-7,1001,21673,2025-05-28 17:20:59.000,57,Hello! ? How are you today? What would you like to chat about?,hello
demo-test-8,1001,21674,2025-05-28 17:21:00.000,56,Hello! ? How are you today?,hello
