user,topic_id,id,createdAt,attempt,response,userMessage
demo-test-70,1001,124604,2025-08-06 07:43:40.000,30,English is important for global communication. What do you want to learn about next?,Give me a sentence without emoji
demo-test-101,1001,124608,2025-08-06 07:44:36.000,36,Saya pergi ke kebun sayur ?. Saya memetik tomat merah dan wortel ?. Saya sangat senang bisa membantu petani! \n\nSayuran apa yang paling kamu suka?,Tolong buatkan saya cerita 3 kalimat. Minimal ada 2 emoji di dalamnya.
demo-test-102,1001,124605,2025-08-06 07:44:36.000,25,"Di festival kembang api, anak-anak menonton dengan antusias ?. Mereka terpesona melihat warna-warni yang indah di langit ?. Suasana penuh kegembiraan dan tawa! \n\nApa warna kembang api favoritmu?",Tolong buatkan saya cerita 3 kalimat. Minimal ada 2 emoji di dalamnya.
demo-test-105,1001,124610,2025-08-06 07:44:36.000,24,Sari pergi ke pasar malam dan melihat banyak jajanan ?. Dia membeli sate dan es krim untuk dinikmati bersama teman-temannya. Semua orang sangat senang dan tertawa bersama! ?\n\nApa jajanan favoritmu di pasar malam?,Tolong buatkan saya cerita 3 kalimat. Minimal ada 2 emoji di dalamnya.
demo-test-106,1001,124607,2025-08-06 07:44:36.000,18,"Di sebuah desa, ada seorang petani yang menanam banyak sayuran ?. Suatu hari, ia menemukan sayuran terbesar yang pernah ada ?. Semua orang datang untuk melihat dan membeli sayurannya! \n\nApa sayuran favoritmu?",Tolong buatkan saya cerita 3 kalimat. Minimal ada 2 emoji di dalamnya.
demo-test-107,1001,124606,2025-08-06 07:44:36.000,21,"Di pagi hari, ada matahari ☀️ yang bersinar cerah. Seorang anak kecil ? bermain di luar rumah dengan layang-layang. Dia sangat senang melihat layang-layangnya terbang tinggi! \n\nApa warna layang-layang favoritmu?",Tolong buatkan saya cerita 3 kalimat. Minimal ada 2 emoji di dalamnya.
demo-test-108,1001,124609,2025-08-06 07:44:36.000,21,"Di sebuah taman, ada seorang anak kecil yang sedang bermain bola ⚽. Dia sangat senang dan berlari ke sana kemari. Tiba-tiba, anjing ? datang dan ikut bermain bersamanya! \n\nApa kamu suka bermain bola?",Tolong buatkan saya cerita 3 kalimat. Minimal ada 2 emoji di dalamnya.
demo-test-103,1001,124613,2025-08-06 07:44:37.000,25,"Di sebuah hutan, seekor beruang ? menemukan madu manis ?. Dia sangat senang dan mulai memakannya. Teman-temannya, kelinci dan burung, datang bergabung untuk merayakan!",Tolong buatkan saya cerita 3 kalimat. Minimal ada 2 emoji di dalamnya.
demo-test-104,1001,124611,2025-08-06 07:44:37.000,24,Fira dan teman-temannya pergi ke pantai ?️. Mereka bermain bola dan menggali pasir ?. Fira sangat senang melihat ombak dan menikmati matahari! Apa kamu suka pergi ke pantai?,Tolong buatkan saya cerita 3 kalimat. Minimal ada 2 emoji di dalamnya.
demo-test-109,1001,124612,2025-08-06 07:44:37.000,21,Saya pergi ke taman dengan anjing saya. ? Kami bermain frisbee dan berlari bersama. ? Anjing saya sangat senang dan saya juga! \n\nApa hewan peliharaan yang kamu miliki?,Tolong buatkan saya cerita 3 kalimat. Minimal ada 2 emoji di dalamnya.
demo-test-110,1001,124614,2025-08-06 07:44:37.000,21,"Di sebuah desa, ada seorang raja yang baik hati ?. Ia sering memberi makanan kepada orang-orang yang membutuhkan ?. Semua warga desa sangat mencintainya dan hidup bahagia!",Tolong buatkan saya cerita 3 kalimat. Minimal ada 2 emoji di dalamnya.
demo-test-101,1001,124625,2025-08-06 07:45:44.000,37,Saya pergi ke acara ulang tahun teman ?. Kami bermain permainan dan makan kue ?. Semua orang tertawa dan bersenang-senang! \n\nApa jenis kue favoritmu?,Tolong buatkan saya cerita 3 kalimat. Minimal ada 2 emoji di dalamnya.
demo-test-102,1001,124629,2025-08-06 07:45:44.000,26,"Di pagi hari, ada seorang gadis yang memberi makan burung ?. Dia sangat senang melihat burung-burung berkumpul dan bernyanyi ?. Semua orang di taman tersenyum melihatnya! \n\nApa makanan favorit burung menurutmu?",Tolong buatkan saya cerita 3 kalimat. Minimal ada 2 emoji di dalamnya.
demo-test-103,1001,124617,2025-08-06 07:45:44.000,26,"Di sebuah danau, seekor angsa ? berenang dengan tenang. Dia melihat ikan ? melompat-lompat di air. Angsa itu merasa bahagia dan bermain-main di permukaan danau!",Tolong buatkan saya cerita 3 kalimat. Minimal ada 2 emoji di dalamnya.
demo-test-106,1001,124631,2025-08-06 07:45:44.000,19,"Di pantai yang indah, seorang gadis bernama Lila membuat istana pasir ?. Dia menemukan bintang laut berwarna-warni ? dan sangat senang! Lila mengajak teman-temannya untuk bermain bersama di pantai. \n\nApa yang kamu lakukan di pantai?",Tolong buatkan saya cerita 3 kalimat. Minimal ada 2 emoji di dalamnya.
demo-test-111,1001,124618,2025-08-06 07:45:44.000,15,"Ali menemukan kucing kecil ? di halaman rumahnya. Dia memberi kucing itu makanan dan nama ""Mimi"". Sekarang, mereka bermain bersama setiap hari ?. \n\nApakah kamu punya hewan peliharaan?",Tolong buatkan saya cerita 3 kalimat. Minimal ada 2 emoji di dalamnya.
demo-test-115,1001,124619,2025-08-06 07:45:44.000,15,"Saya pergi ke pantai ?️ dan bermain di pasir. Saya membuat istana pasir yang besar dan indah ?. Setelah itu, saya berenang di laut yang sejuk. \n\nApa aktivitas favoritmu di pantai?",Tolong buatkan saya cerita 3 kalimat. Minimal ada 2 emoji di dalamnya.
demo-test-116,1001,124620,2025-08-06 07:45:44.000,15,"Pada pagi hari, saya bangun dan melihat matahari terbit ☀️. Saya membuat kopi dan membaca buku ?. Hari itu terasa sangat menyenangkan! \n\nApa buku yang sedang kamu baca?",Tolong buatkan saya cerita 3 kalimat. Minimal ada 2 emoji di dalamnya.
demo-test-124,1001,124624,2025-08-06 07:45:44.000,13,"Di hutan, ada seekor beruang ? yang sangat baik. Dia membantu semua hewan yang tersesat ?. Semua hewan sangat senang dan mengadakan pesta untuk beruang! \n\nApa kamu suka cerita tentang hewan?",Tolong buatkan saya cerita 3 kalimat. Minimal ada 2 emoji di dalamnya.
demo-test-128,1001,124621,2025-08-06 07:45:44.000,12,"Di kebun, saya melihat bunga-bunga indah ?. Saya juga menemukan kupu-kupu yang terbang ?. Hari itu sangat cerah dan menyenangkan! \n\nApa bunga favoritmu?",Tolong buatkan saya cerita 3 kalimat. Minimal ada 2 emoji di dalamnya.
demo-test-129,1001,124622,2025-08-06 07:45:44.000,13,"Saya membeli es krim ? di toko. Rasanya sangat enak dan menyegarkan! Kemudian, saya duduk di bangku taman ? sambil menikmati es krim saya.",Tolong buatkan saya cerita 3 kalimat. Minimal ada 2 emoji di dalamnya.
demo-test-131,1001,124630,2025-08-06 07:45:44.000,13,Ani melihat burung terbang ? di langit biru. Dia sangat senang dan mulai melukis burung itu ? di kertas. Hasil lukisan Ani sangat indah! \n\nApa kamu suka melukis juga?,Tolong buatkan saya cerita 3 kalimat. Minimal ada 2 emoji di dalamnya.
demo-test-133,1001,124615,2025-08-06 07:45:44.000,13,"Di pagi hari, saya berjalan-jalan di taman ?. Saya melihat burung-burung berkicau dan bunga-bunga bermekaran ?. Itu membuat saya merasa sangat bahagia!",Tolong buatkan saya cerita 3 kalimat. Minimal ada 2 emoji di dalamnya.
demo-test-137,1001,124616,2025-08-06 07:45:44.000,13,"Pada pagi hari, saya melihat burung-burung bernyanyi ?. Saya pergi ke kebun dan melihat bunga-bunga yang indah ?. Hari itu sangat ceria dan penuh warna! \n\nApa aktivitas favoritmu di pagi hari?",Tolong buatkan saya cerita 3 kalimat. Minimal ada 2 emoji di dalamnya.
demo-test-140,1001,124627,2025-08-06 07:45:44.000,13,"Suatu hari, ada seorang raja ? yang sangat baik hati. Dia memberi makanan dan mainan kepada anak-anak di desanya ?. Semua orang sangat bahagia dan mengucapkan terima kasih kepada raja! \n\nSiapa karakter favoritmu dalam cerita?",Tolong buatkan saya cerita 3 kalimat. Minimal ada 2 emoji di dalamnya.
demo-test-143,1001,124623,2025-08-06 07:45:44.000,13,"Di sebuah hutan, seekor kelinci ? berlari cepat mencari wortel. Dia bertemu dengan teman-temannya, si burung ? dan si kura-kura. Mereka bermain bersama hingga senja datang!",Tolong buatkan saya cerita 3 kalimat. Minimal ada 2 emoji di dalamnya.
demo-test-148,1001,124628,2025-08-06 07:45:44.000,13,"Di pantai, anak-anak bermain pasir ?️. Mereka membangun istana pasir yang besar ?. Semua orang bersenang-senang di bawah sinar matahari! \n\nApa kamu suka bermain di pantai?",Tolong buatkan saya cerita 3 kalimat. Minimal ada 2 emoji di dalamnya.
demo-test-149,1001,124626,2025-08-06 07:45:44.000,12,"Anna pergi ke pasar ?. Dia membeli buah-buahan segar dan sayuran ?. Setelah itu, dia pulang dan memasak sup lezat untuk keluarganya. \n\nApa makanan favoritmu?",Tolong buatkan saya cerita 3 kalimat. Minimal ada 2 emoji di dalamnya.
demo-test-104,1001,124634,2025-08-06 07:45:45.000,25,Rudi menemukan buku cerita di perpustakaan ?. Dia membaca cerita tentang petualangan naga ?. Rudi sangat terpesona dan ingin membaca lebih banyak! Apa jenis buku yang kamu suka?,Tolong buatkan saya cerita 3 kalimat. Minimal ada 2 emoji di dalamnya.
demo-test-105,1001,124640,2025-08-06 07:45:45.000,25,Fajar pergi ke kolam renang bersama teman-temannya ?. Mereka bermain air dan meluncur dari papan seluncur. Fajar sangat senang karena hari itu penuh tawa dan kebahagiaan! ?\n\nApa aktivitas favoritmu saat panas?,Tolong buatkan saya cerita 3 kalimat. Minimal ada 2 emoji di dalamnya.
demo-test-107,1001,124632,2025-08-06 07:45:45.000,22,"Di kebun, ada seekor kupu-kupu ? yang terbang dari bunga ke bunga. Dia sangat cantik dan berwarna-warni ?. Semua orang yang melihatnya merasa bahagia! \n\nApa warna favoritmu?",Tolong buatkan saya cerita 3 kalimat. Minimal ada 2 emoji di dalamnya.
demo-test-108,1001,124642,2025-08-06 07:45:45.000,22,"Di pagi yang cerah, seekor burung ? bernyanyi di pohon. Seorang gadis kecil mendengar dan tersenyum. Dia mengambil buku dan mulai menggambar burung itu ?! \n\nApa kamu suka menggambar?",Tolong buatkan saya cerita 3 kalimat. Minimal ada 2 emoji di dalamnya.
demo-test-109,1001,124641,2025-08-06 07:45:45.000,22,"Hari ini, saya pergi ke pasar malam. ? Saya mencoba makanan lezat seperti sate dan es krim. ? Saya sangat senang bisa berbagi dengan teman-teman! \n\nMakanan apa yang paling kamu suka?",Tolong buatkan saya cerita 3 kalimat. Minimal ada 2 emoji di dalamnya.
demo-test-113,1001,124636,2025-08-06 07:45:45.000,14,"Hari ini, saya pergi ke pasar ?. Saya membeli buah-buahan segar ? dan sayuran. Kemudian, saya membuat salad yang enak! \n\nApa makanan favoritmu untuk dimasak?",Tolong buatkan saya cerita 3 kalimat. Minimal ada 2 emoji di dalamnya.
demo-test-114,1001,124648,2025-08-06 07:45:45.000,15,Ani berjalan di pantai dan melihat burung-burung terbang ?. Dia mengumpulkan kerang cantik di pasir ?. Ani merasa sangat bahagia dan ingin kembali lagi! \n\nApa kamu suka pergi ke pantai?,Tolong buatkan saya cerita 3 kalimat. Minimal ada 2 emoji di dalamnya.
demo-test-117,1001,124646,2025-08-06 07:45:45.000,15,"Suatu hari, saya melihat pelangi setelah hujan. ? Saya sangat senang dan mengambil foto! ? Semua teman saya juga senang melihatnya.\n\nApa warna pelangi favoritmu?",Tolong buatkan saya cerita 3 kalimat. Minimal ada 2 emoji di dalamnya.
demo-test-118,1001,124651,2025-08-06 07:45:45.000,15,"Doni menemukan kucing kecil di jalan ?. Ia membawanya pulang dan memberi nama ""Mimi"" ?. Sekarang, Doni dan Mimi selalu bermain bersama setiap hari! \n\nApakah kamu punya hewan peliharaan?",Tolong buatkan saya cerita 3 kalimat. Minimal ada 2 emoji di dalamnya.
demo-test-120,1001,124652,2025-08-06 07:45:45.000,15,Diana pergi ke pantai bersama keluarganya. ?️ Mereka bermain pasir dan membuat istana pasir yang besar. ? Semua orang sangat senang dan menikmati hari itu! \n\nApa aktivitas favoritmu saat liburan?,Tolong buatkan saya cerita 3 kalimat. Minimal ada 2 emoji di dalamnya.
demo-test-130,1001,124647,2025-08-06 07:45:45.000,12,"Di pantai, ada seorang anak ?️ yang membangun istana pasir. Dia sangat bangga dan menunjukkan kepada ibunya ?‍?. Ibu tersenyum dan berkata, ""Bagus sekali, sayang!"" \n\nApa kamu suka bermain di pantai?",Tolong buatkan saya cerita 3 kalimat. Minimal ada 2 emoji di dalamnya.
demo-test-132,1001,124638,2025-08-06 07:45:45.000,13,"Di sebuah desa kecil, ada seorang petani. ? Setiap pagi, dia merawat kebun sayur yang indah. ? Suatu hari, sayur-sayurnya tumbuh sangat subur dan mendapatkan banyak pujian! \n\nApa sayuran favorit kamu?",Tolong buatkan saya cerita 3 kalimat. Minimal ada 2 emoji di dalamnya.
demo-test-134,1001,124643,2025-08-06 07:45:45.000,13,"Di kebun, saya melihat bunga-bunga ? yang indah. Saya juga menemukan kupu-kupu ? berwarna-warni terbang di sekitar. Hari itu sangat menyenangkan dan penuh warna! \n\nApa warna favoritmu?",Tolong buatkan saya cerita 3 kalimat. Minimal ada 2 emoji di dalamnya.
demo-test-135,1001,124645,2025-08-06 07:45:45.000,13,"Ani pergi ke pasar ? dan melihat banyak buah-buahan segar. Dia membeli apel ? dan jeruk untuk dijadikan jus. Setelah itu, Ani pulang dan menikmati jusnya sambil bersantai.\n\nApa makanan atau minuman favoritmu?",Tolong buatkan saya cerita 3 kalimat. Minimal ada 2 emoji di dalamnya.
demo-test-136,1001,124644,2025-08-06 07:45:45.000,13,Saya pergi ke kebun binatang ?. Saya melihat singa dan gajah ?. Saya sangat senang dan belajar banyak tentang hewan! Apa hewan favoritmu di kebun binatang?,Tolong buatkan saya cerita 3 kalimat. Minimal ada 2 emoji di dalamnya.
demo-test-138,1001,124637,2025-08-06 07:45:45.000,13,"Suatu sore, saya pergi ke taman ? dan melihat banyak bunga yang indah. Saya duduk di bangku dan membaca buku ?. Tiba-tiba, burung-burung mulai bernyanyi, dan saya merasa bahagia! \n\nApa tempat favorit kamu untuk bersantai?",Tolong buatkan saya cerita 3 kalimat. Minimal ada 2 emoji di dalamnya.
demo-test-139,1001,124633,2025-08-06 07:45:45.000,13,"Pada pagi hari, saya melihat matahari terbit ?. Saya pergi berlari di taman dan merasa segar ?. Banyak bunga bermekaran dan membuat hari saya lebih ceria! \n\nApa warna bunga favoritmu?",Tolong buatkan saya cerita 3 kalimat. Minimal ada 2 emoji di dalamnya.
demo-test-145,1001,124649,2025-08-06 07:45:45.000,13,"Di hutan, ada seekor burung cantik ? yang bernyanyi setiap pagi. Suatu hari, dia bertemu dengan rusa ? yang sangat ramah. Mereka menjadi teman baik dan bermain bersama di hutan!  \n\nApa hewan favoritmu?",Tolong buatkan saya cerita 3 kalimat. Minimal ada 2 emoji di dalamnya.
demo-test-146,1001,124635,2025-08-06 07:45:45.000,13,"Di sebuah hutan, ada seekor kelinci ? yang sangat cepat. Suatu hari, dia berlari mengejar kupu-kupu cantik ? di padang bunga. Mereka berdua menjadi teman baik dan bermain bersama setiap hari! \n\nSiapa teman bermainmu?",Tolong buatkan saya cerita 3 kalimat. Minimal ada 2 emoji di dalamnya.
demo-test-147,1001,124639,2025-08-06 07:45:45.000,13,"Rina pergi ke pantai ?️ dan bermain pasir. Dia membangun istana pasir yang sangat besar ?. Setelah itu, Rina berenang dan bersenang-senang! Apa kamu suka bermain di pantai?",Tolong buatkan saya cerita 3 kalimat. Minimal ada 2 emoji di dalamnya.
demo-test-150,1001,124650,2025-08-06 07:45:45.000,12,Ani pergi ke pantai ?️. Dia bermain pasir dan membangun istana ?. Semua teman-temannya ikut bermain dan bersenang-senang!,Tolong buatkan saya cerita 3 kalimat. Minimal ada 2 emoji di dalamnya.
demo-test-110,1001,124653,2025-08-06 07:45:46.000,22,"Di malam hari, bintang-bintang bersinar terang di langit ✨. Seorang anak duduk di atas atap dan melihat bintang-bintang itu ?. Ia bermimpi untuk menjadi astronaut dan menjelajahi luar angkasa!",Tolong buatkan saya cerita 3 kalimat. Minimal ada 2 emoji di dalamnya.
demo-test-112,1001,124655,2025-08-06 07:45:46.000,15,"Ali dan teman-temannya bermain bola di lapangan. ⚽️ Mereka sangat bersemangat dan berlari cepat. ?‍♂️ Setelah bermain, mereka makan es krim bersama! \n\nApa permainan favoritmu?",Tolong buatkan saya cerita 3 kalimat. Minimal ada 2 emoji di dalamnya.
demo-test-126,1001,124654,2025-08-06 07:45:46.000,13,Lina pergi ke pantai ?️ bersama teman-temannya. Mereka bermain voli dan berenang di laut ?. Semua orang sangat senang dan menikmati hari yang cerah! \n\nApa aktivitas favoritmu di pantai?,Tolong buatkan saya cerita 3 kalimat. Minimal ada 2 emoji di dalamnya.
demo-test-119,1001,124659,2025-08-06 07:45:47.000,15,"Di sekolah, ada seorang guru ? yang sangat baik. Dia mengajar murid-muridnya dengan ceria ?. Semua siswa senang belajar bersamanya! \n\nApa pelajaran favoritmu di sekolah?",Tolong buatkan saya cerita 3 kalimat. Minimal ada 2 emoji di dalamnya.
demo-test-121,1001,124661,2025-08-06 07:45:47.000,13,"Di sebuah desa kecil, ada seorang petani ? yang menanam banyak sayuran. Setiap pagi, dia menyiram tanaman dan melihat mereka tumbuh ?. Petani itu sangat bahagia saat panen tiba! \n\nApa makanan favoritmu dari sayuran?",Tolong buatkan saya cerita 3 kalimat. Minimal ada 2 emoji di dalamnya.
demo-test-122,1001,124658,2025-08-06 07:45:47.000,13,Dina menemukan kucing kecil di taman ?. Kucing itu sangat lucu dan menggemaskan ?. Dina memutuskan untuk merawatnya dan memberinya nama Momo. \n\nApakah kamu suka kucing?,Tolong buatkan saya cerita 3 kalimat. Minimal ada 2 emoji di dalamnya.
demo-test-123,1001,124663,2025-08-06 07:45:47.000,13,"Di hutan, seekor burung ? bernyanyi ceria setiap pagi. Suatu hari, ia bertemu dengan kelinci ? dan mereka menjadi teman baik. Mereka bermain bersama di bawah sinar matahari dan menikmati hari yang indah! \n\nSiapa teman baikmu?",Tolong buatkan saya cerita 3 kalimat. Minimal ada 2 emoji di dalamnya.
demo-test-125,1001,124662,2025-08-06 07:45:47.000,13,"Di taman, seekor burung ? bernyanyi merdu. Anak-anak ? bermain dan menari mendengarnya. Semua orang merasa bahagia dan menikmati hari yang cerah! \n\nApa kamu suka bermain di taman?",Tolong buatkan saya cerita 3 kalimat. Minimal ada 2 emoji di dalamnya.
demo-test-127,1001,124660,2025-08-06 07:45:47.000,13,"Di sebuah hutan, tinggal seekor kelinci putih ?. Suatu hari, dia menemukan wortel besar yang sangat enak ?. Kelinci itu mengundang teman-temannya untuk makan bersama dan semua sangat senang! \n\nSiapa teman terbaikmu?",Tolong buatkan saya cerita 3 kalimat. Minimal ada 2 emoji di dalamnya.
demo-test-141,1001,124657,2025-08-06 07:45:47.000,11,"Anna pergi ke pasar. ? Dia membeli sayuran dan buah-buahan segar. ? Setelah itu, dia memasak makanan enak untuk keluarganya! \n\nApa makanan favoritmu?",Tolong buatkan saya cerita 3 kalimat. Minimal ada 2 emoji di dalamnya.
demo-test-144,1001,124656,2025-08-06 07:45:47.000,13,"Di sebuah hutan, ada seekor kelinci ? yang sangat cepat. Dia selalu berlari mengejar kupu-kupu ? yang indah. Suatu hari, kelinci itu menemukan teman baru di hutan! \n\nSiapa teman terbaik kamu?",Tolong buatkan saya cerita 3 kalimat. Minimal ada 2 emoji di dalamnya.
demo-test-142,1001,124664,2025-08-06 07:45:48.000,13,"Di pantai, ada seorang anak laki-laki bernama Budi ?️ yang suka bermain pasir. Dia membangun istana pasir yang besar dan indah ?. Teman-temannya datang dan ikut bermain bersamanya! \n\nApa kamu suka bermain di pantai?",Tolong buatkan saya cerita 3 kalimat. Minimal ada 2 emoji di dalamnya.
demo-test-103,1001,124665,2025-08-06 07:53:53.000,27,"Di pagi yang cerah, seorang anak bernama Budi terbangun dengan senyuman ?. Dia pergi ke taman untuk bermain bola ⚽ dengan teman-temannya. Mereka semua bersenang-senang dan tertawa bersama!",Tolong buatkan saya cerita 3 kalimat. Minimal ada 2 emoji di dalamnya.
demo-test-101,1001,124670,2025-08-06 07:53:54.000,38,Saya pergi ke taman bunga ?. Saya melihat banyak bunga indah berwarna-warni ?. Suasana sangat ceria dan saya merasa bahagia! \n\nApa bunga favoritmu?,Tolong buatkan saya cerita 3 kalimat. Minimal ada 2 emoji di dalamnya.
demo-test-105,1001,124666,2025-08-06 07:53:54.000,26,"Maya memiliki anjing kecil bernama Milo ?. Setiap pagi, mereka berjalan-jalan di taman dan bermain frisbee. Maya sangat bahagia melihat Milo berlari dan melompat! ?\n\nApa nama hewan peliharaanmu?",Tolong buatkan saya cerita 3 kalimat. Minimal ada 2 emoji di dalamnya.
demo-test-123,1001,124672,2025-08-06 07:53:54.000,14,Seorang gadis kecil ? menemukan bunga cantik di taman. Dia memetik bunga itu dan memberikannya kepada ibunya ?‍?. Ibunya sangat senang dan memeluk gadis itu dengan kasih sayang! \n\nApa bunga favoritmu?,Tolong buatkan saya cerita 3 kalimat. Minimal ada 2 emoji di dalamnya.
demo-test-132,1001,124668,2025-08-06 07:53:54.000,14,"Di taman, ada seorang anak kecil yang bermain. ? Dia menemukan seekor kucing lucu. ? Mereka menjadi teman baik dan bermain bersama setiap hari! \n\nApa hewan peliharaan favorit kamu?",Tolong buatkan saya cerita 3 kalimat. Minimal ada 2 emoji di dalamnya.
demo-test-135,1001,124669,2025-08-06 07:53:54.000,14,"Budi menemukan seekor kucing lucu ? di jalan. Dia membawa kucing itu pulang dan memberinya makan ?. Sekarang, Budi dan kucingnya menjadi teman baik!\n\nApakah kamu punya hewan peliharaan?",Tolong buatkan saya cerita 3 kalimat. Minimal ada 2 emoji di dalamnya.
demo-test-142,1001,124673,2025-08-06 07:53:54.000,14,"Di hutan, ada seekor kelinci ? yang sangat cepat. Suatu hari, kelinci itu menemukan wortel besar ? dan sangat senang. Dia mengundang teman-temannya untuk makan bersama! \n\nSiapa teman terbaikmu?",Tolong buatkan saya cerita 3 kalimat. Minimal ada 2 emoji di dalamnya.
demo-test-148,1001,124671,2025-08-06 07:53:54.000,14,"Di hutan, ada seekor burung ? yang bernyanyi merdu. Semua hewan datang mendengarkan lagu indahnya ?. Mereka merasa bahagia dan bersatu! \n\nApa hewan favoritmu?",Tolong buatkan saya cerita 3 kalimat. Minimal ada 2 emoji di dalamnya.
demo-test-149,1001,124667,2025-08-06 07:53:54.000,13,"Budi bermain sepak bola di lapangan ⚽. Dia mencetak gol dan teman-temannya bersorak ?. Setelah pertandingan, mereka makan pizza bersama. \n\nKamu suka olahraga apa?",Tolong buatkan saya cerita 3 kalimat. Minimal ada 2 emoji di dalamnya.
demo-test-106,1001,124675,2025-08-06 07:53:55.000,20,"Di sebuah hutan, ada seekor beruang teddy yang sangat lucu ?. Dia suka bermain bola dan berlari dengan teman-temannya ?. Suatu hari, mereka menemukan danau yang indah dan berenang bersama! \n\nApa aktivitas favoritmu di luar ruangan?",Tolong buatkan saya cerita 3 kalimat. Minimal ada 2 emoji di dalamnya.
demo-test-107,1001,124678,2025-08-06 07:53:55.000,23,"Di pantai, ada seorang anak ? yang membangun istana pasir. Dia sangat senang dan mengajak temannya ?️ untuk bergabung. Tiba-tiba, ombak datang dan menghancurkan istananya! \n\nApa yang kamu lakukan di pantai?",Tolong buatkan saya cerita 3 kalimat. Minimal ada 2 emoji di dalamnya.
demo-test-110,1001,124683,2025-08-06 07:53:55.000,23,"Di kebun, seekor kupu-kupu berwarna-warni terbang dari bunga ke bunga ?. Ia sangat senang menikmati nektar yang manis ?. Semua bunga di kebun itu berbunga lebat karena kupu-kupu datang!",Tolong buatkan saya cerita 3 kalimat. Minimal ada 2 emoji di dalamnya.
demo-test-112,1001,124689,2025-08-06 07:53:55.000,16,"Lina pergi ke taman bermain dengan sahabatnya. ? Mereka bermain perosotan dan ayunan. ? Saat pulang, mereka tertawa dan berbagi cerita seru! \n\nApa permainan favoritmu di taman?",Tolong buatkan saya cerita 3 kalimat. Minimal ada 2 emoji di dalamnya.
demo-test-121,1001,124682,2025-08-06 07:53:55.000,14,"Suatu hari, ada seorang anak ? yang menemukan kucing kecil di jalan. Kucing itu sangat lucu dan menggemaskan ?. Mereka segera menjadi teman baik dan bermain bersama setiap hari! \n\nApakah kamu punya teman hewan?",Tolong buatkan saya cerita 3 kalimat. Minimal ada 2 emoji di dalamnya.
demo-test-122,1001,124688,2025-08-06 07:53:55.000,14,Budi pergi ke pasar ?. Dia membeli buah-buahan segar ? untuk keluarganya. Semua orang senang dengan makanan baru! \n\nApa makanan favoritmu?,Tolong buatkan saya cerita 3 kalimat. Minimal ada 2 emoji di dalamnya.
demo-test-126,1001,124676,2025-08-06 07:53:55.000,14,Rani membuat kue coklat ? di rumah. Dia mengundang teman-temannya untuk mencoba kue itu ?. Semuanya sangat senang dan memberi pujian! \n\nApa kue favoritmu?,Tolong buatkan saya cerita 3 kalimat. Minimal ada 2 emoji di dalamnya.
demo-test-128,1001,124684,2025-08-06 07:53:55.000,13,"Ketika hujan turun ?️, saya membuat cokelat panas ☕. Saya duduk di dekat jendela dan membaca buku. Suasana sangat nyaman dan hangat! \n\nApakah kamu suka hujan?",Tolong buatkan saya cerita 3 kalimat. Minimal ada 2 emoji di dalamnya.
demo-test-133,1001,124686,2025-08-06 07:53:55.000,14,"Pagi ini, saya membuat pancake ?️ untuk sarapan. Setelah itu, saya minum jus jeruk ? yang segar. Hari ini terasa sangat ceria!",Tolong buatkan saya cerita 3 kalimat. Minimal ada 2 emoji di dalamnya.
demo-test-136,1001,124685,2025-08-06 07:53:55.000,14,Sofia pergi ke taman ?. Dia melihat burung-burung bernyanyi ?. Sofia merasa bahagia dan ingin kembali lagi! Apa kamu suka pergi ke taman?,Tolong buatkan saya cerita 3 kalimat. Minimal ada 2 emoji di dalamnya.
demo-test-137,1001,124681,2025-08-06 07:53:55.000,14,"Hari ini, saya pergi ke pasar ?. Saya membeli buah-buahan segar ? dan sayuran. Di rumah, saya membuat salad yang lezat! \n\nApa makanan favoritmu?",Tolong buatkan saya cerita 3 kalimat. Minimal ada 2 emoji di dalamnya.
demo-test-138,1001,124687,2025-08-06 07:53:55.000,14,"Saya pergi ke pasar ? untuk membeli buah-buahan. Saya melihat banyak warna-warni buah ? dan memilih apel merah yang segar. Setelah itu, saya pulang dengan senyum di wajah saya! \n\nApa buah favorit kamu?",Tolong buatkan saya cerita 3 kalimat. Minimal ada 2 emoji di dalamnya.
demo-test-139,1001,124680,2025-08-06 07:53:55.000,14,"Di suatu sore, saya pergi ke pasar ?. Saya membeli buah-buahan segar ? dan sayuran. Setelah itu, saya pulang dan membuat salad yang lezat! \n\nApa makanan favoritmu?",Tolong buatkan saya cerita 3 kalimat. Minimal ada 2 emoji di dalamnya.
demo-test-140,1001,124679,2025-08-06 07:53:55.000,14,"Di hutan, ada seekor burung ? yang bernyanyi merdu. Burung itu membuat semua hewan ? senang dan menari. Mereka semua merayakan hari yang cerah bersama! \n\nApa suara hewan favoritmu?",Tolong buatkan saya cerita 3 kalimat. Minimal ada 2 emoji di dalamnya.
demo-test-143,1001,124677,2025-08-06 07:53:55.000,14,"Di sebuah kebun, ada bunga cantik ? yang mekar. Seekor kupu-kupu ? datang untuk bermain di sekitar bunga. Mereka berdua menjadi teman baik dan menikmati sinar matahari!",Tolong buatkan saya cerita 3 kalimat. Minimal ada 2 emoji di dalamnya.
demo-test-145,1001,124674,2025-08-06 07:53:55.000,14,"Di sebuah danau, ada ikan kecil ? yang ingin melihat dunia luar. Suatu hari, dia melompat ke permukaan dan melihat pelangi ? yang indah. Ikan itu sangat senang dan bercerita kepada teman-temannya!  \n\nApa warna pelangi yang kamu suka?",Tolong buatkan saya cerita 3 kalimat. Minimal ada 2 emoji di dalamnya.
demo-test-150,1001,124690,2025-08-06 07:53:55.000,13,"Rina menemukan kucing kecil ? di jalan. Dia membawa kucing itu pulang dan memberinya nama Momo ?. Sekarang, Rina dan Momo adalah teman baik!",Tolong buatkan saya cerita 3 kalimat. Minimal ada 2 emoji di dalamnya.
demo-test-102,1001,124698,2025-08-06 07:53:56.000,27,"Di sebuah desa, ada seekor kucing yang suka tidur di bawah sinar matahari ☀️. Suatu hari, dia terbangun dan melihat kupu-kupu terbang ?. Kucing itu berlari mengejar kupu-kupu dengan penuh semangat! \n\nApa hewan peliharaan yang kamu miliki?",Tolong buatkan saya cerita 3 kalimat. Minimal ada 2 emoji di dalamnya.
demo-test-104,1001,124701,2025-08-06 07:53:56.000,26,"Lina menanam bunga di kebun ?. Setiap hari, dia menyiram dan merawat bunga-bunga itu ?. Suatu hari, bunga-bunga itu mekar cantik dan membuatnya sangat senang! Apakah kamu suka menanam bunga juga?",Tolong buatkan saya cerita 3 kalimat. Minimal ada 2 emoji di dalamnya.
demo-test-108,1001,124700,2025-08-06 07:53:56.000,23,"Di kebun, ada seekor kucing ? yang sedang tidur di bawah sinar matahari. Tiba-tiba, seekor kupu-kupu ? terbang dan hinggap di hidungnya. Kucing itu terbangun dan mulai bermain dengan kupu-kupu! \n\nApa hewan peliharaan favoritmu?",Tolong buatkan saya cerita 3 kalimat. Minimal ada 2 emoji di dalamnya.
demo-test-109,1001,124699,2025-08-06 07:53:56.000,23,Saya belajar menggambar di kelas seni. ? Guru saya mengajari saya cara membuat pemandangan. ? Saya merasa bangga dengan hasil karya saya! \n\nApa hobi kreatif yang kamu miliki?,Tolong buatkan saya cerita 3 kalimat. Minimal ada 2 emoji di dalamnya.
demo-test-114,1001,124693,2025-08-06 07:53:56.000,16,Doni pergi ke kebun binatang dan melihat gajah besar ?. Dia juga memberi makan jerapah yang lucu ?. Doni sangat senang dan ingin kembali lagi! \n\nApa hewan favoritmu di kebun binatang?,Tolong buatkan saya cerita 3 kalimat. Minimal ada 2 emoji di dalamnya.
demo-test-118,1001,124691,2025-08-06 07:53:56.000,16,Lina pergi ke pantai dengan keluarganya ?️. Mereka bermain pasir dan membangun istana ?. Semua orang sangat senang dan tertawa bersama! \n\nApa aktivitas favoritmu di pantai?,Tolong buatkan saya cerita 3 kalimat. Minimal ada 2 emoji di dalamnya.
demo-test-119,1001,124695,2025-08-06 07:53:56.000,16,"Di pasar, ada banyak buah ? yang segar. Seorang penjual tersenyum dan menawarkan rasanya ?. Semua orang berbelanja dengan gembira! \n\nBuah apa yang paling kamu suka?",Tolong buatkan saya cerita 3 kalimat. Minimal ada 2 emoji di dalamnya.
demo-test-124,1001,124696,2025-08-06 07:53:56.000,14,"Di pantai, ada seorang anak yang membangun istana pasir ?. Dia sangat senang saat teman-temannya datang bermain bersama ?. Mereka tertawa dan menikmati hari yang cerah! \n\nApa kamu suka bermain di pantai?",Tolong buatkan saya cerita 3 kalimat. Minimal ada 2 emoji di dalamnya.
demo-test-125,1001,124694,2025-08-06 07:53:56.000,14,"Di sebuah kota kecil, ada kucing lucu ? yang suka tidur. Suatu hari, dia menemukan bola benang ? dan mulai bermain. Kucing itu sangat senang dan tidak mau berhenti! \n\nApa kamu punya hewan peliharaan?",Tolong buatkan saya cerita 3 kalimat. Minimal ada 2 emoji di dalamnya.
demo-test-131,1001,124697,2025-08-06 07:53:56.000,14,Rina pergi ke pantai ?️ bersama keluarganya. Mereka bermain pasir dan membangun istana pasir ? yang besar. Semua orang sangat bahagia dan tersenyum! \n\nApa kamu suka pergi ke pantai?,Tolong buatkan saya cerita 3 kalimat. Minimal ada 2 emoji di dalamnya.
demo-test-141,1001,124703,2025-08-06 07:53:56.000,12,Doni dan teman-temannya pergi ke taman. ? Mereka bermain frisbee dan tertawa bersama. ? Hari itu sangat menyenangkan! \n\nApa aktivitas favoritmu di luar rumah?,Tolong buatkan saya cerita 3 kalimat. Minimal ada 2 emoji di dalamnya.
demo-test-144,1001,124702,2025-08-06 07:53:56.000,14,"Di pantai, saya menemukan kerang cantik ?. Saya bermain air dan membuat istana pasir ?. Hari itu sangat menyenangkan! \n\nApa kegiatan favorit kamu di pantai?",Tolong buatkan saya cerita 3 kalimat. Minimal ada 2 emoji di dalamnya.
demo-test-146,1001,124692,2025-08-06 07:53:56.000,14,"Ada seorang raja yang baik hati ?. Dia selalu membantu rakyatnya dan memberi mereka makanan ?. Suatu hari, rakyatnya mengadakan pesta untuk merayakan kebaikannya! \n\nApa yang kamu suka lakukan di pesta?",Tolong buatkan saya cerita 3 kalimat. Minimal ada 2 emoji di dalamnya.
demo-test-111,1001,124706,2025-08-06 07:53:57.000,16,Dina pergi ke kebun bunga ? dengan ibunya. Mereka memilih bunga berwarna-warni untuk dibawa pulang ?. Dina sangat senang dan mengambil foto bunga-bunga itu! \n\nApa bunga favoritmu?,Tolong buatkan saya cerita 3 kalimat. Minimal ada 2 emoji di dalamnya.
demo-test-113,1001,124710,2025-08-06 07:53:57.000,15,"Pada suatu pagi, saya melihat matahari terbit ?. Langit berwarna merah dan kuning yang indah ?. Saya merasa sangat bahagia dan bersyukur! \n\nApa yang membuatmu bahagia?",Tolong buatkan saya cerita 3 kalimat. Minimal ada 2 emoji di dalamnya.
demo-test-116,1001,124704,2025-08-06 07:53:57.000,16,"Di sore hari, saya pergi bersepeda ?‍♂️ di taman. Saya melihat banyak burung terbang dan bermain di udara ?. Rasanya sangat menyenangkan dan segar! \n\nKamu suka berolahraga apa?",Tolong buatkan saya cerita 3 kalimat. Minimal ada 2 emoji di dalamnya.
demo-test-117,1001,124708,2025-08-06 07:53:57.000,16,"Di sebuah desa, ada kucing lucu. ? Kucing itu suka bermain bola benang. ? Semua anak-anak di desa sangat menyukainya!\n\nApa hewan peliharaan yang kamu miliki?",Tolong buatkan saya cerita 3 kalimat. Minimal ada 2 emoji di dalamnya.
demo-test-120,1001,124705,2025-08-06 07:53:57.000,16,Budi menemukan sebuah buku tua di perpustakaan. ? Buku itu penuh dengan cerita petualangan yang menarik! ? Budi sangat senang membacanya setiap malam. \n\nApa jenis buku yang kamu suka?,Tolong buatkan saya cerita 3 kalimat. Minimal ada 2 emoji di dalamnya.
demo-test-129,1001,124711,2025-08-06 07:53:57.000,14,"Di pagi hari, saya melihat matahari terbit ? yang indah. Saya pergi jogging di taman ?‍♂️ dan merasakan udara segar. Hari itu terasa sangat menyenangkan!",Tolong buatkan saya cerita 3 kalimat. Minimal ada 2 emoji di dalamnya.
demo-test-130,1001,124709,2025-08-06 07:53:57.000,13,"Di hutan, seekor burung ? bernyanyi indah di pagi hari. Semua hewan ?? datang mendengarkan lagu burung itu. Mereka merasa bahagia dan menari bersama! \n\nApa hewan favoritmu?",Tolong buatkan saya cerita 3 kalimat. Minimal ada 2 emoji di dalamnya.
demo-test-147,1001,124707,2025-08-06 07:53:57.000,14,"Andi pergi ke kebun ? dan memetik sayuran segar. Dia menemukan wortel besar ? dan sangat senang. Setelah itu, Andi membuat salad untuk makan siang! Apa makanan favoritmu?",Tolong buatkan saya cerita 3 kalimat. Minimal ada 2 emoji di dalamnya.
demo-test-134,1001,124712,2025-08-06 07:53:58.000,14,"Suatu pagi, saya pergi ke pasar ?. Saya membeli buah-buahan segar ? dan sayuran. Setelah itu, saya memasak makanan enak untuk keluarga! \n\nApa makanan favoritmu?",Tolong buatkan saya cerita 3 kalimat. Minimal ada 2 emoji di dalamnya.
demo-test-115,1001,124714,2025-08-06 07:53:59.000,16,"Kemarin, saya pergi ke kebun binatang ? dan melihat banyak hewan lucu. Saya memberi makan jerapah dan mereka sangat ramah ?. Setelah itu, saya mengambil banyak foto untuk dikenang! \n\nHewan apa yang paling kamu suka?",Tolong buatkan saya cerita 3 kalimat. Minimal ada 2 emoji di dalamnya.
demo-test-127,1001,124713,2025-08-06 07:53:59.000,14,"Di pantai yang indah, ada seorang anak bernama Budi ?. Dia membangun istana pasir yang besar dan cantik ?. Semua teman-temannya datang untuk bermain dan menikmati hari yang menyenangkan bersama! \n\nApa aktivitas favoritmu di pantai?",Tolong buatkan saya cerita 3 kalimat. Minimal ada 2 emoji di dalamnya.
demo-test-131,1001,124715,2025-08-06 08:06:17.000,15,Andi menemukan kucing kecil ? di taman. Dia memberi makan kucing itu dengan susu ? dan bermain bersamanya. Kucing itu menjadi teman baru Andi! \n\nApakah kamu punya hewan peliharaan?,Tolong buatkan saya cerita 3 kalimat. Minimal ada 2 emoji di dalamnya.
demo-test-162,1001,124716,2025-08-06 08:06:17.000,8,"Di pantai, Budi bermain bola ? dengan teman-temannya. Mereka juga membuat istana pasir yang sangat besar ?. Semua orang tertawa dan bersenang-senang! \n\nKamu suka pergi ke pantai? Kenapa?",Tolong buatkan saya cerita 3 kalimat. Minimal ada 2 emoji di dalamnya.
demo-test-112,1001,124721,2025-08-06 08:06:18.000,17,"Rina menanam bunga di kebun. ? Dia sangat senang melihat bunga-bunga itu tumbuh. ? Setiap pagi, Rina menyiramnya dengan cinta! \n\nApa bunga favoritmu?",Tolong buatkan saya cerita 3 kalimat. Minimal ada 2 emoji di dalamnya.
demo-test-114,1001,124720,2025-08-06 08:06:18.000,17,Lina membuat kue coklat di rumah ?. Dia menghias kue itu dengan stroberi segar ?. Semua teman Lina datang dan sangat menyukainya! \n\nApa kue favoritmu?,Tolong buatkan saya cerita 3 kalimat. Minimal ada 2 emoji di dalamnya.
demo-test-164,1001,124719,2025-08-06 08:06:18.000,8,"Di taman, saya melihat burung-burung bernyanyi ?. Kemudian, saya duduk di bangku dan membaca buku ?. Hari itu sangat menyenangkan!",Tolong buatkan saya cerita 3 kalimat. Minimal ada 2 emoji di dalamnya.
demo-test-193,1001,124717,2025-08-06 08:06:18.000,8,"Rudi memiliki anjing lucu ?. Setiap pagi, mereka bermain bola di taman ?. Rudi sangat bahagia bersama anjingnya! \n\nSiapa teman baikmu?",Tolong buatkan saya cerita 3 kalimat. Minimal ada 2 emoji di dalamnya.
demo-test-199,1001,124718,2025-08-06 08:06:18.000,8,"Di pantai, ada seorang anak bernama Budi ?️. Dia membangun istana pasir yang sangat besar ?. Semua teman-temannya datang untuk bermain bersamanya!",Tolong buatkan saya cerita 3 kalimat. Minimal ada 2 emoji di dalamnya.
demo-test-102,1001,124731,2025-08-06 08:06:19.000,28,"Di sebuah kebun, ada seorang nenek yang menanam bunga-bunga cantik ?. Setiap pagi, dia merawat tanaman dengan penuh kasih sayang ❤️. Bunga-bunga itu membuat kebun menjadi indah dan menarik! \n\nApa bunga favoritmu?",Tolong buatkan saya cerita 3 kalimat. Minimal ada 2 emoji di dalamnya.
demo-test-103,1001,124726,2025-08-06 08:06:19.000,28,"Di sebuah kebun, seorang gadis kecil ? menanam biji bunga. Setelah beberapa minggu, bunga-bunga itu mulai tumbuh ? dan mekar dengan indah. Gadis itu sangat senang melihat hasil kerjanya!",Tolong buatkan saya cerita 3 kalimat. Minimal ada 2 emoji di dalamnya.
demo-test-105,1001,124752,2025-08-06 08:06:19.000,27,Dika pergi ke festival makanan dan mencoba banyak makanan enak ?. Dia sangat suka pizza dan es krim ?. Dika merasa puas dan ingin datang lagi tahun depan!\n\nApa makanan favoritmu di festival?,Tolong buatkan saya cerita 3 kalimat. Minimal ada 2 emoji di dalamnya.
demo-test-106,1001,124740,2025-08-06 08:06:19.000,21,"Di sebuah taman, ada seorang anak bernama Rina yang suka menggambar ?. Dia menggambar pohon dan burung yang terbang ?. Teman-temannya ikut bergabung dan mereka membuat mural bersama! \n\nApa yang ingin kamu gambar?",Tolong buatkan saya cerita 3 kalimat. Minimal ada 2 emoji di dalamnya.
demo-test-110,1001,124748,2025-08-06 08:06:19.000,24,"Di pantai, seorang bocah sedang membangun istana pasir ?. Tiba-tiba, ombak besar datang dan menghancurkan istana itu ?. Bocah itu tertawa dan mulai membangun yang baru lagi!",Tolong buatkan saya cerita 3 kalimat. Minimal ada 2 emoji di dalamnya.
demo-test-116,1001,124725,2025-08-06 08:06:19.000,17,"Saya pergi ke kebun binatang ? bersama teman-teman. Kami melihat singa, gajah, dan banyak hewan lucu ?. Hari itu sangat seru dan penuh tawa! \n\nHewan apa yang paling kamu suka?",Tolong buatkan saya cerita 3 kalimat. Minimal ada 2 emoji di dalamnya.
demo-test-117,1001,124738,2025-08-06 08:06:19.000,17,"Pada suatu pagi, saya pergi bersepeda di taman. ?‍♂️ Saya melihat banyak bunga yang indah. ? Saya merasa sangat bahagia dan segar!\n\nApa aktivitas favoritmu di luar ruangan?",Tolong buatkan saya cerita 3 kalimat. Minimal ada 2 emoji di dalamnya.
demo-test-118,1001,124730,2025-08-06 08:06:19.000,17,Rudi pergi ke kebun binatang ? bersama teman-temannya. Mereka melihat banyak hewan lucu dan mengambil foto bersama ?. Rudi merasa sangat bahagia dan ingin kembali lagi! \n\nHewan apa yang paling kamu suka?,Tolong buatkan saya cerita 3 kalimat. Minimal ada 2 emoji di dalamnya.
demo-test-121,1001,124737,2025-08-06 08:06:19.000,15,"Di pantai, ada seorang gadis ?️ yang membangun istana pasir. Dia sangat senang dan mengundang teman-temannya untuk bergabung. Bersama-sama, mereka membuat istana pasir terbesar ?! \n\nApa kamu suka bermain di pantai?",Tolong buatkan saya cerita 3 kalimat. Minimal ada 2 emoji di dalamnya.
demo-test-132,1001,124742,2025-08-06 08:06:19.000,15,"Di sebuah danau, ada sekumpulan bebek yang berenang. ? Suatu hari, bebek-bebek itu melihat pelangi yang indah di langit. ? Mereka sangat senang dan mulai bernyanyi bersama! \n\nApa warna pelangi favorit kamu?",Tolong buatkan saya cerita 3 kalimat. Minimal ada 2 emoji di dalamnya.
demo-test-134,1001,124728,2025-08-06 08:06:19.000,15,"Pada sore hari, saya berjalan-jalan di pantai ?️. Saya melihat matahari terbenam yang sangat indah ?. Saya merasa bahagia dan tenang. \n\nApa yang kamu lakukan di pantai?",Tolong buatkan saya cerita 3 kalimat. Minimal ada 2 emoji di dalamnya.
demo-test-135,1001,124727,2025-08-06 08:06:19.000,15,Sari pergi ke bioskop ? untuk menonton film baru. Dia membeli popcorn ? dan duduk bersama teman-temannya. Mereka semua sangat menikmati filmnya!\n\nFilm apa yang kamu suka tonton?,Tolong buatkan saya cerita 3 kalimat. Minimal ada 2 emoji di dalamnya.
demo-test-136,1001,124736,2025-08-06 08:06:19.000,15,Rudi membuat kue coklat ? di rumah. Dia mengundang teman-temannya untuk mencicipi ?. Semua orang sangat senang dan puji Rudi! Apa makanan favoritmu?,Tolong buatkan saya cerita 3 kalimat. Minimal ada 2 emoji di dalamnya.
demo-test-138,1001,124734,2025-08-06 08:06:19.000,15,"Pada hari Minggu, saya pergi ke kebun binatang ? dengan teman-teman. Kami melihat banyak hewan lucu dan mengambil foto bersama ?. Semua orang sangat senang dan tertawa! \n\nApa hewan favorit kamu di kebun binatang?",Tolong buatkan saya cerita 3 kalimat. Minimal ada 2 emoji di dalamnya.
demo-test-139,1001,124722,2025-08-06 08:06:19.000,15,"Di sekolah, saya dan teman-teman bermain bola ?. Kami sangat senang dan tertawa bersama ?. Setelah bermain, kami makan es krim untuk merayakan kemenangan! \n\nApa olahraga favoritmu?",Tolong buatkan saya cerita 3 kalimat. Minimal ada 2 emoji di dalamnya.
demo-test-141,1001,124739,2025-08-06 08:06:19.000,13,Siti menemukan buku tua di perpustakaan. ? Buku itu penuh dengan cerita menarik dan petualangan. ? Siti sangat senang membacanya! \n\nApa genre buku yang kamu suka?,Tolong buatkan saya cerita 3 kalimat. Minimal ada 2 emoji di dalamnya.
demo-test-142,1001,124733,2025-08-06 08:06:19.000,15,"Di sebuah taman, ada burung cantik ? yang bernyanyi merdu. Semua orang berhenti dan mendengarkan suara indahnya ?. Burung itu membuat semua orang tersenyum! \n\nApa kamu suka mendengarkan musik?",Tolong buatkan saya cerita 3 kalimat. Minimal ada 2 emoji di dalamnya.
demo-test-143,1001,124750,2025-08-06 08:06:19.000,15,"Di tepi danau, seekor bebek ? berenang dengan bahagia. Dia melihat ikan ? melompat-lompat di air. Bebek itu tertawa dan bergabung bermain dengan ikan!",Tolong buatkan saya cerita 3 kalimat. Minimal ada 2 emoji di dalamnya.
demo-test-144,1001,124743,2025-08-06 08:06:19.000,15,"Di kebun, saya melihat bunga-bunga berwarna-warni ?. Saya juga melihat kupu-kupu terbang ? di antara bunga-bunga. Saya merasa sangat bahagia dan tenang! \n\nApa bunga favorit kamu?",Tolong buatkan saya cerita 3 kalimat. Minimal ada 2 emoji di dalamnya.
demo-test-151,1001,124751,2025-08-06 08:06:19.000,7,"Suatu hari, saya pergi ke taman ?. Di sana, saya melihat banyak bunga yang indah ?. Saya sangat senang dan mengambil foto-foto! \n\nApa warna bunga favoritmu?",Tolong buatkan saya cerita 3 kalimat. Minimal ada 2 emoji di dalamnya.
demo-test-154,1001,124749,2025-08-06 08:06:19.000,8,"Di pantai, saya melihat ombak besar ? dan banyak orang berselancar. Saya juga bermain pasir dan membangun istana ?. Hari itu sangat seru dan menyenangkan!",Tolong buatkan saya cerita 3 kalimat. Minimal ada 2 emoji di dalamnya.
demo-test-161,1001,124745,2025-08-06 08:06:19.000,8,"Di pantai, seorang gadis membangun istana pasir ?. Dia sangat senang dan mengajak temannya untuk bermain. Mereka berdua menikmati sinar matahari dan ombak ?. \n\nApa kamu suka pergi ke pantai?",Tolong buatkan saya cerita 3 kalimat. Minimal ada 2 emoji di dalamnya.
demo-test-170,1001,124746,2025-08-06 08:06:19.000,8,"Suatu hari, saya pergi ke pantai ?️. Saya bermain pasir dan membangun istana pasir ?. Cuaca sangat cerah dan menyenangkan! \n\nApa aktivitas favorit kamu di pantai?",Tolong buatkan saya cerita 3 kalimat. Minimal ada 2 emoji di dalamnya.
demo-test-173,1001,124747,2025-08-06 08:06:19.000,8,Rudi melihat burung berwarna-warni di taman ?. Dia sangat senang dan mulai memotret ?. Burung-burung itu terlihat sangat cantik! \n\nSiapa teman terbaikmu?,Tolong buatkan saya cerita 3 kalimat. Minimal ada 2 emoji di dalamnya.
demo-test-174,1001,124741,2025-08-06 08:06:19.000,8,"Hari ini, saya membuat kue coklat. ? Kue itu sangat enak dan saya berbagi dengan teman-teman. ? Kami semua senang dan tertawa bersama! \n\nKamu suka makanan apa?",Tolong buatkan saya cerita 3 kalimat. Minimal ada 2 emoji di dalamnya.
demo-test-182,1001,124729,2025-08-06 08:06:19.000,7,"Di sebuah hutan, ada seekor kelinci ? yang sangat cepat. Dia bertemu dengan teman barunya, seekor burung ? yang suka bernyanyi. Mereka bermain bersama dan bersenang-senang sepanjang hari! \n\nSiapa karakter favoritmu dalam cerita?",Tolong buatkan saya cerita 3 kalimat. Minimal ada 2 emoji di dalamnya.
demo-test-191,1001,124735,2025-08-06 08:06:19.000,8,"Ada seorang gadis bernama Lisa yang suka menggambar ?. Suatu hari, dia menggambar pemandangan indah dengan matahari ☀️ terbenam. Semua teman-temannya sangat senang melihat karyanya!",Tolong buatkan saya cerita 3 kalimat. Minimal ada 2 emoji di dalamnya.
demo-test-192,1001,124724,2025-08-06 08:06:19.000,8,"Kucing saya sangat lucu ?. Ia suka bermain bola benang ?. Setiap hari, kami bersenang-senang bersama! \n\nApa hewan peliharaan yang kamu suka?",Tolong buatkan saya cerita 3 kalimat. Minimal ada 2 emoji di dalamnya.
demo-test-197,1001,124723,2025-08-06 08:06:19.000,8,Budi pergi ke taman ?. Dia bermain bola dengan teman-temannya ⚽. Mereka tertawa dan bersenang-senang! \n\nSiapa teman bermainmu?,Tolong buatkan saya cerita 3 kalimat. Minimal ada 2 emoji di dalamnya.
demo-test-198,1001,124732,2025-08-06 08:06:19.000,8,"Di taman, ada seekor burung ? yang bernyanyi merdu. Anak-anak berkumpul dan menari dengan gembira ?. Mereka sangat senang menikmati hari yang cerah! \n\nApa aktivitas favoritmu di luar ruangan?",Tolong buatkan saya cerita 3 kalimat. Minimal ada 2 emoji di dalamnya.
demo-test-200,1001,124744,2025-08-06 08:06:19.000,2,"Tentu! Berikut ceritanya:\n\nHari ini, saya pergi ke taman ?. Di taman, saya melihat banyak bunga yang indah ?. Saya sangat senang dan mengambil foto! ?\n\nApa kamu suka pergi ke taman juga?",Tolong buatkan saya cerita 3 kalimat. Minimal ada 2 emoji di dalamnya.
demo-test-101,1001,124758,2025-08-06 08:06:20.000,39,Saya pergi ke bioskop untuk menonton film ?. Filmnya sangat seru dan penuh aksi ?‍♂️. Saya tidak sabar untuk menontonnya lagi! \n\nApa film favoritmu?,Tolong buatkan saya cerita 3 kalimat. Minimal ada 2 emoji di dalamnya.
demo-test-104,1001,124753,2025-08-06 08:06:20.000,27,Doni dan teman-temannya pergi bersepeda di taman ?‍♂️. Mereka melihat kupu-kupu warna-warni yang indah ?. Doni merasa sangat bahagia dan ingin bersepeda lagi! Apa yang kamu lakukan saat bersepeda?,Tolong buatkan saya cerita 3 kalimat. Minimal ada 2 emoji di dalamnya.
demo-test-137,1001,124760,2025-08-06 08:06:20.000,15,"Saya pergi ke kebun binatang ? bersama teman-teman. Kami melihat banyak hewan lucu, seperti panda ?. Kami sangat senang dan mengambil banyak foto! \n\nApa hewan favoritmu di kebun binatang?",Tolong buatkan saya cerita 3 kalimat. Minimal ada 2 emoji di dalamnya.
demo-test-148,1001,124763,2025-08-06 08:06:20.000,15,"Di kebun, ada banyak bunga ? yang berwarna-warni. Seekor kupu-kupu ? terbang dari bunga ke bunga. Semua orang menikmati keindahan kebun itu! \n\nApa warna bunga favoritmu?",Tolong buatkan saya cerita 3 kalimat. Minimal ada 2 emoji di dalamnya.
demo-test-153,1001,124754,2025-08-06 08:06:20.000,8,Seorang anak kecil ? menemukan balon merah ? di taman. Dia sangat senang dan mulai bermain dengan balon itu. Balon terbang tinggi dan anak itu berlari mengejar! \n\nApa kamu suka bermain di taman?,Tolong buatkan saya cerita 3 kalimat. Minimal ada 2 emoji di dalamnya.
demo-test-163,1001,124765,2025-08-06 08:06:20.000,8,Ali dan Siti pergi ke pantai ?️. Mereka bermain bola dan membangun istana pasir ?. Hari itu sangat menyenangkan! \n\nApa kamu suka bermain di pantai?,Tolong buatkan saya cerita 3 kalimat. Minimal ada 2 emoji di dalamnya.
demo-test-165,1001,124762,2025-08-06 08:06:20.000,8,"Di pantai yang indah, seorang anak bermain dengan pasir. ?️ Dia membuat istana pasir yang besar dan menambahkan bendera. ? Semua orang melihat dan mengagumi karyanya! \n\nApa kamu suka bermain di pantai?",Tolong buatkan saya cerita 3 kalimat. Minimal ada 2 emoji di dalamnya.
demo-test-166,1001,124759,2025-08-06 08:06:20.000,8,Rina pergi ke pantai bersama teman-temannya. ?️ Mereka bermain voli dan membuat istana pasir yang besar! ? Rina sangat senang dan ingin kembali lagi. \n\nKapan terakhir kali kamu pergi ke pantai?,Tolong buatkan saya cerita 3 kalimat. Minimal ada 2 emoji di dalamnya.
demo-test-178,1001,124764,2025-08-06 08:06:20.000,8,"Rudi memiliki seekor anjing bernama Max ?. Setiap sore, mereka berjalan-jalan di taman ? dan bermain frisbee. Rudi sangat senang karena Max selalu membuatnya tersenyum! \n\nApa hewan peliharaan favoritmu?",Tolong buatkan saya cerita 3 kalimat. Minimal ada 2 emoji di dalamnya.
demo-test-179,1001,124757,2025-08-06 08:06:20.000,8,Saya pergi ke pantai ?️ dan bermain pasir. Saya melihat ombak yang besar ? dan banyak orang bersenang-senang. Hari itu sangat menyenangkan!\n\nApa hal favoritmu di pantai?,Tolong buatkan saya cerita 3 kalimat. Minimal ada 2 emoji di dalamnya.
demo-test-194,1001,124756,2025-08-06 08:06:20.000,8,"Di sebuah desa, ada seorang gadis bernama Sari ?. Sari suka menanam bunga di kebunnya dan merawatnya setiap hari. Suatu pagi, bunga-bunga itu mekar indah dan membuatnya sangat bahagia ?!\n\nApa bunga favorit kamu?",Tolong buatkan saya cerita 3 kalimat. Minimal ada 2 emoji di dalamnya.
demo-test-195,1001,124755,2025-08-06 08:06:20.000,8,"Di taman, saya melihat burung-burung ?. Mereka bernyanyi dan terbang tinggi di langit ☁️. Saya merasa bahagia dan tenang! \n\nApa hewan favoritmu?",Tolong buatkan saya cerita 3 kalimat. Minimal ada 2 emoji di dalamnya.
demo-test-196,1001,124761,2025-08-06 08:06:20.000,8,Rudi pergi ke pantai bersama teman-temannya. ?️ Mereka bermain bola dan berenang di laut. ? Semua orang sangat senang dan tertawa! \n\nApa kegiatan favoritmu di akhir pekan?,Tolong buatkan saya cerita 3 kalimat. Minimal ada 2 emoji di dalamnya.
demo-test-133,1001,124766,2025-08-06 08:06:21.000,15,Saya pergi ke kebun binatang ? dengan keluarga. Kami melihat banyak hewan lucu dan memberi makan kambing ?. Kami sangat menikmati hari itu!,Tolong buatkan saya cerita 3 kalimat. Minimal ada 2 emoji di dalamnya.
demo-test-107,1001,124795,2025-08-06 08:06:22.000,24,"Di hutan, ada seekor beruang ? yang mencari madu. Dia menemukan sarang lebah ? dan sangat senang. Beruang itu menikmati madu manis sambil menari! \n\nApa makanan manis favoritmu?",Tolong buatkan saya cerita 3 kalimat. Minimal ada 2 emoji di dalamnya.
demo-test-108,1001,124783,2025-08-06 08:06:22.000,24,"Di sebuah desa, ada festival buah ? yang meriah. Semua orang datang untuk mencicipi berbagai buah segar. Anak-anak bermain sambil membawa balon ? yang berwarna-warni! \n\nApa buah favoritmu di festival?",Tolong buatkan saya cerita 3 kalimat. Minimal ada 2 emoji di dalamnya.
demo-test-109,1001,124797,2025-08-06 08:06:22.000,24,Saya pergi ke perpustakaan untuk membaca buku. ? Saya menemukan buku cerita yang menarik dan mulai membacanya. ? Waktu berlalu dengan cepat karena saya sangat menikmati cerita itu! \n\nBuku apa yang terakhir kamu baca?,Tolong buatkan saya cerita 3 kalimat. Minimal ada 2 emoji di dalamnya.
demo-test-111,1001,124784,2025-08-06 08:06:22.000,17,Rudi bermain sepak bola ⚽ di lapangan bersama teman-temannya. Mereka mencetak banyak gol dan bersenang-senang ?. Rudi merasa sangat bahagia hari ini! \n\nApakah kamu suka bermain olahraga?,Tolong buatkan saya cerita 3 kalimat. Minimal ada 2 emoji di dalamnya.
demo-test-113,1001,124772,2025-08-06 08:06:22.000,16,"Di sekolah, saya belajar matematika ?. Teman-teman saya membantu saya mengerjakan soal-soal sulit ?. Kami tertawa dan belajar bersama! \n\nApa pelajaran favoritmu di sekolah?",Tolong buatkan saya cerita 3 kalimat. Minimal ada 2 emoji di dalamnya.
demo-test-115,1001,124793,2025-08-06 08:06:22.000,17,"Hari ini, saya pergi ke festival makanan ? dan mencoba banyak hidangan lezat. Saya sangat suka pancake dengan buah ? dan sirup maple! Setelah makan, saya menari dan bersenang-senang dengan teman-teman. \n\nApa makanan festival favoritmu?",Tolong buatkan saya cerita 3 kalimat. Minimal ada 2 emoji di dalamnya.
demo-test-119,1001,124801,2025-08-06 08:06:22.000,17,"Di taman, ada seekor anjing ? yang bermain frisbee. Anak-anak berlari dan tertawa sambil mengejar anjing itu ?. Suasana sangat ceria dan penuh kebahagiaan! \n\nKamu suka bermain dengan hewan?",Tolong buatkan saya cerita 3 kalimat. Minimal ada 2 emoji di dalamnya.
demo-test-120,1001,124776,2025-08-06 08:06:22.000,17,Siti pergi ke pasar untuk membeli buah. ? Dia melihat banyak warna-warni sayuran dan buah-buahan segar. ? Siti memilih apel dan jeruk untuk dibawa pulang! \n\nApa buah favoritmu?,Tolong buatkan saya cerita 3 kalimat. Minimal ada 2 emoji di dalamnya.
demo-test-122,1001,124809,2025-08-06 08:06:22.000,15,"Rina menyukai bunga ? yang indah. Dia menanam banyak bunga di taman ?. Setiap pagi, Rina menyirami bunga-bunganya dengan penuh cinta. \n\nBunga apa yang kamu suka?",Tolong buatkan saya cerita 3 kalimat. Minimal ada 2 emoji di dalamnya.
demo-test-123,1001,124808,2025-08-06 08:06:22.000,15,"Di sebuah desa kecil, ada seorang petani ? yang rajin bekerja. Suatu hari, dia menemukan seekor anak ayam ? tersesat di ladangnya. Dia merawat anak ayam itu sampai dewasa dan mereka menjadi teman baik! \n\nApa hewan peliharaan favoritmu?",Tolong buatkan saya cerita 3 kalimat. Minimal ada 2 emoji di dalamnya.
demo-test-124,1001,124780,2025-08-06 08:06:22.000,15,Ada seorang raja yang baik hati ?. Dia memberi makanan kepada semua orang di kerajaannya ?. Semua rakyat sangat bahagia dan mengucapkan terima kasih! \n\nSiapa raja atau ratu favoritmu?,Tolong buatkan saya cerita 3 kalimat. Minimal ada 2 emoji di dalamnya.
demo-test-125,1001,124782,2025-08-06 08:06:22.000,15,"Di hutan, ada gajah besar ? yang baik hati. Dia membantu hewan-hewan kecil mencari makanan ?. Semua hewan sangat berterima kasih padanya! \n\nSiapa hewan favoritmu?",Tolong buatkan saya cerita 3 kalimat. Minimal ada 2 emoji di dalamnya.
demo-test-126,1001,124802,2025-08-06 08:06:22.000,15,Ali menemukan kucing kecil ? di jalan. Dia membawanya pulang dan memberi makan ?. Kucing itu sekarang menjadi teman baik Ali! \n\nPernahkah kamu punya hewan peliharaan?,Tolong buatkan saya cerita 3 kalimat. Minimal ada 2 emoji di dalamnya.
demo-test-127,1001,124799,2025-08-06 08:06:22.000,15,"Di sebuah taman, ada seekor burung berwarna-warni ?. Burung itu menyanyikan lagu yang indah setiap pagi ?. Semua orang yang lewat merasa senang mendengarnya! \n\nApa suara hewan favoritmu?",Tolong buatkan saya cerita 3 kalimat. Minimal ada 2 emoji di dalamnya.
demo-test-128,1001,124774,2025-08-06 08:06:22.000,14,Saya pergi ke pasar ? dan melihat banyak buah segar ?. Saya membeli apel dan jeruk untuk camilan. Hari itu membuat saya sangat senang! \n\nApa buah favoritmu?,Tolong buatkan saya cerita 3 kalimat. Minimal ada 2 emoji di dalamnya.
demo-test-130,1001,124786,2025-08-06 08:06:22.000,14,Seorang raja ? memiliki kerajaan yang luas. Ia mengajak semua rakyatnya ? untuk merayakan hari jadi kerajaan. Semua orang menari dan bersenang-senang bersama! \n\nApa kamu suka merayakan hari spesial?,Tolong buatkan saya cerita 3 kalimat. Minimal ada 2 emoji di dalamnya.
demo-test-140,1001,124767,2025-08-06 08:06:22.000,15,"Di sebuah desa kecil, ada seorang petani ? yang menanam banyak sayuran. Suatu hari, dia menemukan wortel raksasa ? di kebunnya. Semua orang datang untuk melihat dan merayakan panen besar! \n\nApa sayuran favoritmu?",Tolong buatkan saya cerita 3 kalimat. Minimal ada 2 emoji di dalamnya.
demo-test-145,1001,124803,2025-08-06 08:06:22.000,15,"Di taman, seorang gadis ? sedang bermain dengan layang-layang. Layang-layangnya terbang tinggi di langit biru ☀️. Dia tersenyum bahagia melihat layang-layangnya menari di angin!  \n\nApa permainan favoritmu di luar?",Tolong buatkan saya cerita 3 kalimat. Minimal ada 2 emoji di dalamnya.
demo-test-146,1001,124807,2025-08-06 08:06:22.000,15,"Di pantai yang indah, ada seorang anak kecil ?️ yang membangun istana pasir. Dia sangat senang dan tertawa saat ombak datang ?. Tiba-tiba, ombak menghancurkan istananya, tetapi dia tetap tersenyum! \n\nApa yang kamu lakukan di pantai?",Tolong buatkan saya cerita 3 kalimat. Minimal ada 2 emoji di dalamnya.
demo-test-147,1001,124804,2025-08-06 08:06:22.000,15,Lina pergi ke taman ? dan melihat banyak bunga. Dia mengambil foto bunga merah ? yang cantik. Lina sangat senang dan ingin menggambar bunga itu di rumah! Apa warna favoritmu?,Tolong buatkan saya cerita 3 kalimat. Minimal ada 2 emoji di dalamnya.
demo-test-149,1001,124798,2025-08-06 08:06:22.000,14,Siti pergi ke kebun bunga ?. Dia melihat kupu-kupu berwarna-warni ? terbang di sekitar bunga. Siti sangat senang dan mengambil foto-foto indah! \n\nApa bunga favoritmu?,Tolong buatkan saya cerita 3 kalimat. Minimal ada 2 emoji di dalamnya.
demo-test-150,1001,124768,2025-08-06 08:06:22.000,14,Doni pergi ke kebun binatang ?. Dia melihat banyak hewan lucu dan mengambil foto ?. Doni sangat senang dan ingin kembali lagi!,Tolong buatkan saya cerita 3 kalimat. Minimal ada 2 emoji di dalamnya.
demo-test-152,1001,124800,2025-08-06 08:06:22.000,8,"Hari ini, Rudi pergi ke pantai ?️. Dia bermain bola dengan teman-temannya ⚽ dan membuat istana pasir. Semua orang sangat senang! \n\nApa makanan favoritmu saat ke pantai?",Tolong buatkan saya cerita 3 kalimat. Minimal ada 2 emoji di dalamnya.
demo-test-155,1001,124778,2025-08-06 08:06:22.000,8,Rudi pergi ke pantai ?️ dengan teman-temannya. Mereka bermain bola dan membuat istana pasir ?. Semua orang sangat senang dan tertawa! \n\nApa aktivitas favoritmu di pantai?,Tolong buatkan saya cerita 3 kalimat. Minimal ada 2 emoji di dalamnya.
demo-test-156,1001,124781,2025-08-06 08:06:22.000,8,"Rudi bermain bola di lapangan ⚽️. Temannya, Siti, datang dan ikut bermain ?‍♀️. Mereka tertawa dan bersenang-senang bersama! Apa olahraga favoritmu?",Tolong buatkan saya cerita 3 kalimat. Minimal ada 2 emoji di dalamnya.
demo-test-157,1001,124810,2025-08-06 08:06:22.000,8,"Di taman, ada seorang anak kecil ? yang terbang dengan layang-layang. Layang-layangnya berwarna-warni ? dan sangat indah. Semua orang melihat dan tersenyum! \n\nKamu suka bermain di taman?",Tolong buatkan saya cerita 3 kalimat. Minimal ada 2 emoji di dalamnya.
demo-test-158,1001,124789,2025-08-06 08:06:22.000,8,"Ada seorang anak laki-laki yang suka bersepeda ?‍♂️. Suatu hari, dia menemukan sebuah taman yang indah ?. Dia bermain di taman itu sampai matahari terbenam! \n\nApa hobi favoritmu?",Tolong buatkan saya cerita 3 kalimat. Minimal ada 2 emoji di dalamnya.
demo-test-160,1001,124796,2025-08-06 08:06:22.000,8,"Anak kecil itu menemukan kupu-kupu cantik ? di kebun. Dia sangat gembira dan mengikuti kupu-kupu itu. Akhirnya, kupu-kupu itu terbang tinggi ke langit ?. \n\nApa kamu suka bermain di luar?",Tolong buatkan saya cerita 3 kalimat. Minimal ada 2 emoji di dalamnya.
demo-test-167,1001,124806,2025-08-06 08:06:22.000,8,"Kucing saya bernama Mimi ? sangat lucu. Dia suka bermain bola benang ? di rumah. Setiap hari, dia membuat saya tertawa! \n\nApa hewan peliharaan yang kamu suka?",Tolong buatkan saya cerita 3 kalimat. Minimal ada 2 emoji di dalamnya.
demo-test-168,1001,124805,2025-08-06 08:06:22.000,8,"Andi pergi ke taman ? dan melihat banyak burung. Dia sangat senang dan mulai memberi makan burung-burung itu ?. Sekarang, Andi suka pergi ke taman setiap hari!",Tolong buatkan saya cerita 3 kalimat. Minimal ada 2 emoji di dalamnya.
demo-test-169,1001,124779,2025-08-06 08:06:22.000,8,"Dina pergi ke pantai ?️ bersama keluarganya. Mereka bermain pasir dan membuat istana pasir yang besar. Setelah itu, mereka makan es krim ? dan tertawa bersama! \n\nApa makanan favoritmu di pantai?",Tolong buatkan saya cerita 3 kalimat. Minimal ada 2 emoji di dalamnya.
demo-test-171,1001,124771,2025-08-06 08:06:22.000,8,Seorang gadis kecil pergi ke pantai ?️. Dia membangun istana pasir ? yang besar dan indah. Semua teman-temannya datang untuk bermain bersamanya! \n\nApa kamu suka bermain di pantai?,Tolong buatkan saya cerita 3 kalimat. Minimal ada 2 emoji di dalamnya.
demo-test-172,1001,124788,2025-08-06 08:06:22.000,8,Budi bermain bola di lapangan ⚽️. Dia mencetak gol dan sangat senang ?. Teman-temannya bertepuk tangan untuknya! \n\nApa kamu suka bermain bola?,Tolong buatkan saya cerita 3 kalimat. Minimal ada 2 emoji di dalamnya.
demo-test-175,1001,124792,2025-08-06 08:06:22.000,8,Anak-anak bermain bola di lapangan. ⚽️ Mereka tertawa dan bersenang-senang. ? Matahari bersinar cerah di atas mereka! \n\nSiapa teman bermain kamu yang paling seru?,Tolong buatkan saya cerita 3 kalimat. Minimal ada 2 emoji di dalamnya.
demo-test-177,1001,124785,2025-08-06 08:06:22.000,8,"Kucing saya sangat lucu ?. Dia suka bermain dengan bola benang ?. Setiap hari, kami bersenang-senang bersama! \n\nApa hewan peliharaan favoritmu?",Tolong buatkan saya cerita 3 kalimat. Minimal ada 2 emoji di dalamnya.
demo-test-180,1001,124773,2025-08-06 08:06:22.000,8,"Saya pergi ke pasar ?️ dan melihat banyak buah-buahan segar ?. Saya membeli apel dan jeruk. Di rumah, saya membuat jus buah yang enak! \n\nApa makanan favoritmu?",Tolong buatkan saya cerita 3 kalimat. Minimal ada 2 emoji di dalamnya.
demo-test-181,1001,124794,2025-08-06 08:06:22.000,8,"Di pantai, ada seorang anak ? yang membangun istana pasir. Dia sangat senang melihat ombak ? datang dan menghancurkan istananya. Tapi, dia terus membangun lagi dan tertawa!",Tolong buatkan saya cerita 3 kalimat. Minimal ada 2 emoji di dalamnya.
demo-test-183,1001,124770,2025-08-06 08:06:22.000,8,"Di pagi hari, Budi minum kopi ☕ dan membaca buku ?. Dia sangat menikmati waktu santainya. Setelah itu, dia pergi berolahraga di taman!\n\nApa olahraga favoritmu?",Tolong buatkan saya cerita 3 kalimat. Minimal ada 2 emoji di dalamnya.
demo-test-184,1001,124790,2025-08-06 08:06:22.000,8,"Di pantai, anak-anak bermain pasir ?️ dan membangun istana. Mereka menemukan kerang cantik ? dan sangat senang. Semua orang tertawa dan bersenang-senang! ? \n\nApa kamu suka bermain di pantai?",Tolong buatkan saya cerita 3 kalimat. Minimal ada 2 emoji di dalamnya.
demo-test-186,1001,124791,2025-08-06 08:06:22.000,8,"Ada seorang anak bernama Budi yang suka bermain bola ⚽. Suatu hari, dia mencetak gol yang sangat bagus! Semua teman-temannya bersorak dan merayakan ?. \n\nApa yang Budi lakukan setelah itu?",Tolong buatkan saya cerita 3 kalimat. Minimal ada 2 emoji di dalamnya.
demo-test-187,1001,124777,2025-08-06 08:06:22.000,8,"Saya pergi ke pantai ?️ bersama keluarga. Kami bermain voli pantai dan membangun istana pasir ?. Setelah itu, kami makan ikan bakar yang lezat! \n\nApa makanan favoritmu di pantai?",Tolong buatkan saya cerita 3 kalimat. Minimal ada 2 emoji di dalamnya.
demo-test-188,1001,124775,2025-08-06 08:06:22.000,8,"Di sebuah desa, ada kucing lucu ?. Kucing itu suka bermain dengan bola benang ?. Semua anak di desa mencintainya! \n\nKamu punya hewan peliharaan?",Tolong buatkan saya cerita 3 kalimat. Minimal ada 2 emoji di dalamnya.
demo-test-189,1001,124769,2025-08-06 08:06:22.000,8,"Di pantai, saya melihat ombak besar ?. Saya bermain pasir dan membuat istana ?. Hari itu sangat menyenangkan! \n\nApa kamu suka pergi ke pantai?",Tolong buatkan saya cerita 3 kalimat. Minimal ada 2 emoji di dalamnya.
demo-test-190,1001,124787,2025-08-06 08:06:22.000,8,"Di kebun, saya melihat kupu-kupu ? terbang. Kupu-kupu itu berwarna-warni dan sangat cantik ?. Saya merasa bahagia melihatnya bermain di bunga. \n\nApa kamu suka melihat kupu-kupu?",Tolong buatkan saya cerita 3 kalimat. Minimal ada 2 emoji di dalamnya.
demo-test-129,1001,124811,2025-08-06 08:06:23.000,15,"Hari ini, saya pergi ke pasar ? dan membeli buah-buahan segar. Saya melihat banyak sayuran berwarna-warni ? dan sangat menggoda! Setelah itu, saya pulang untuk memasak makanan sehat.",Tolong buatkan saya cerita 3 kalimat. Minimal ada 2 emoji di dalamnya.
demo-test-159,1001,124814,2025-08-06 08:06:23.000,8,Saya pergi ke pantai ? dan bermain pasir. Saya membuat istana pasir yang besar ? bersama teman-teman. Kami juga berenang di laut dan bersenang-senang! \n\nApa kegiatan favoritmu di pantai?,Tolong buatkan saya cerita 3 kalimat. Minimal ada 2 emoji di dalamnya.
demo-test-176,1001,124812,2025-08-06 08:06:23.000,8,"Saya memiliki kucing lucu ?. Setiap pagi, dia bangun dan bermain dengan bola benang ?. Kucing saya selalu membuat saya tersenyum! \n\nApa nama hewan peliharaanmu?",Tolong buatkan saya cerita 3 kalimat. Minimal ada 2 emoji di dalamnya.
demo-test-185,1001,124813,2025-08-06 08:06:23.000,8,"Rudi menemukan kucing kecil ? di jalan. Dia membawanya pulang dan memberi makan. Kucing itu sangat bahagia dan bermain ?! \n\nSiapa yang ingin kamu selamatkan, hewan atau manusia?",Tolong buatkan saya cerita 3 kalimat. Minimal ada 2 emoji di dalamnya.
demo-test-133,1001,124815,2025-08-06 08:10:17.000,16,"Kemarin, saya menonton film lucu ? bersama teman-teman. Kami tertawa dan makan popcorn ?. Itu adalah malam yang sangat menyenangkan!",Tolong buatkan saya cerita 3 kalimat. Minimal ada 2 emoji di dalamnya.
demo-test-36,1001,124816,2025-08-06 08:10:18.000,17,"Ada seekor kucing lucu ? yang suka bermain bola. Suatu hari, dia menemukan bola merah yang besar ?. Kucing itu sangat senang dan bermain sepanjang hari!",Tolong buatkan saya cerita 3 kalimat. Minimal ada 2 emoji di dalamnya.
demo-test-42,1001,124820,2025-08-06 08:10:18.000,19,"Di sebuah taman, ada seekor kucing ? yang suka bermain bola. Suatu hari, kucing itu bertemu dengan anjing ? teman barunya. Mereka berlari dan bermain bersama, sangat bahagia!",Tolong buatkan saya cerita 3 kalimat. Minimal ada 2 emoji di dalamnya.
demo-test-68,1001,124821,2025-08-06 08:10:18.000,14,Aisha has a cute dog. ? They play in the park every day. Aisha loves her dog very much! ❤️ \n\nWhat do you like to do with your pets?,Tolong buatkan saya cerita 3 kalimat. Minimal ada 2 emoji di dalamnya.
demo-test-73,1001,124824,2025-08-06 08:10:18.000,13,"Suatu hari, seorang kucing bernama Mimi menemukan bola merah yang besar. ? Dia sangat senang dan bermain dengannya sepanjang hari. ? Akhirnya, Mimi mengundang teman-temannya untuk bergabung dan semua bersenang-senang!",Tolong buatkan saya cerita 3 kalimat. Minimal ada 2 emoji di dalamnya.
demo-test-95,1001,124818,2025-08-06 08:10:18.000,12,"Ada seekor kucing kecil ? yang suka bermain bola. Suatu hari, dia menemukan bola merah yang sangat besar ⚽. Kucing itu sangat senang dan bermain sepanjang hari!",Tolong buatkan saya cerita 3 kalimat. Minimal ada 2 emoji di dalamnya.
demo-test-129,1001,124819,2025-08-06 08:10:18.000,16,"Kemarin, saya pergi ke kebun binatang ? dan melihat hewan-hewan lucu. Saya sangat suka melihat panda ? yang menggemaskan! Hari itu penuh kebahagiaan dan pengalaman baru.",Tolong buatkan saya cerita 3 kalimat. Minimal ada 2 emoji di dalamnya.
demo-test-154,1001,124822,2025-08-06 08:10:18.000,9,"Saya pergi ke pasar dan melihat banyak buah ? dan sayuran. Saya membeli beberapa jeruk ? dan apel untuk sarapan. Setelah itu, saya pulang dengan senang hati!",Tolong buatkan saya cerita 3 kalimat. Minimal ada 2 emoji di dalamnya.
demo-test-191,1001,124823,2025-08-06 08:10:18.000,9,"Di hutan, ada seekor burung ? yang bernyanyi merdu. Burung itu membuat semua hewan ? senang dan menari. Mereka bersenang-senang bersama setiap pagi!",Tolong buatkan saya cerita 3 kalimat. Minimal ada 2 emoji di dalamnya.
demo-test-197,1001,124817,2025-08-06 08:10:18.000,9,Rina membuat kue coklat ? di rumah. Dia menghias kue dengan sprinkles ?. Rina sangat bangga dengan kue buatannya! \n\nKue apa yang kamu suka?,Tolong buatkan saya cerita 3 kalimat. Minimal ada 2 emoji di dalamnya.
demo-test-10,1001,124827,2025-08-06 08:10:19.000,2,"Once upon a time, a cat ? met a dog ? in the park. They became friends and played together. Every day, they had fun adventures!",Tolong buatkan saya cerita 3 kalimat. Minimal ada 2 emoji di dalamnya.
demo-test-11,1001,124837,2025-08-06 08:10:19.000,42,"Suatu hari, seorang anak menemukan kucing kecil di taman. ? Dia memberi makan kucing itu dan menamainya ""Bintang."" ? Mereka menjadi teman baik dan bermain setiap hari!",Tolong buatkan saya cerita 3 kalimat. Minimal ada 2 emoji di dalamnya.
demo-test-12,1001,124865,2025-08-06 08:10:19.000,43,"Suatu hari, Mia menemukan kucing kecil di taman. ? Dia memberi makan dan merawatnya dengan penuh kasih. Sekarang, mereka berdua adalah teman terbaik! ❤️",Tolong buatkan saya cerita 3 kalimat. Minimal ada 2 emoji di dalamnya.
demo-test-14,1001,124844,2025-08-06 08:10:19.000,43,"Suatu hari, Mia menemukan kucing kecil di taman. ? Kucing itu sangat lucu dan menggemaskan! Dia memberi nama ""Coco"" dan mereka menjadi teman baik. ?",Tolong buatkan saya cerita 3 kalimat. Minimal ada 2 emoji di dalamnya.
demo-test-18,1001,124871,2025-08-06 08:10:19.000,45,"Suatu hari, seorang anak kecil menemukan kucing lucu di taman. ? Anak itu memberi makan kucing itu dan mereka menjadi teman baik. Mereka bermain bersama setiap hari, membuat banyak kenangan bahagia! ?",Tolong buatkan saya cerita 3 kalimat. Minimal ada 2 emoji di dalamnya.
demo-test-31,1001,124833,2025-08-06 08:10:19.000,25,"Suatu hari, seorang kucing bernama Milo menemukan bola benang merah. ? Dia bermain dengan bola itu di taman, dan semua teman-temannya datang. ? Mereka bersenang-senang dan tertawa bersama sepanjang hari!",Tolong buatkan saya cerita 3 kalimat. Minimal ada 2 emoji di dalamnya.
demo-test-32,1001,124830,2025-08-06 08:10:19.000,19,"Suatu hari, saya pergi ke pantai. ? Saya melihat banyak ikan berwarna-warni dan bermain frisbee dengan teman-teman. ? Kami sangat senang dan tertawa sepanjang hari!",Tolong buatkan saya cerita 3 kalimat. Minimal ada 2 emoji di dalamnya.
demo-test-39,1001,124845,2025-08-06 08:10:19.000,25,"Di sebuah desa kecil, ada seorang gadis bernama Mia. ? Dia suka bermain di taman dan memberi makan burung. ? Suatu hari, dia menemukan telur ajaib yang bersinar!",Tolong buatkan saya cerita 3 kalimat. Minimal ada 2 emoji di dalamnya.
demo-test-41,1001,124846,2025-08-06 08:10:19.000,19,"Di pagi hari, Lisa pergi ke taman ?. Dia melihat banyak bunga berwarna-warni dan kupu-kupu ?. Lisa merasa sangat bahagia dan ingin kembali lagi!",Tolong buatkan saya cerita 3 kalimat. Minimal ada 2 emoji di dalamnya.
demo-test-45,1001,124835,2025-08-06 08:10:19.000,19,"Suatu hari, saya pergi ke taman ?. Di sana, saya melihat banyak burung bernyanyi ?. Saya merasa sangat bahagia dan menikmati waktu saya!",Tolong buatkan saya cerita 3 kalimat. Minimal ada 2 emoji di dalamnya.
demo-test-46,1001,124850,2025-08-06 08:10:19.000,24,"Suatu hari, Mia menemukan kucing kecil di taman. ? Dia memberi makan kucing itu dan menamainya ""Coco."" ? Sekarang, mereka berdua selalu bermain bersama!",Tolong buatkan saya cerita 3 kalimat. Minimal ada 2 emoji di dalamnya.
demo-test-48,1001,124870,2025-08-06 08:10:19.000,25,"Suatu hari, saya pergi ke pantai ?️. Di sana, saya melihat banyak ikan ? dan bermain di air. Saya sangat senang dan ingin kembali lagi!",Tolong buatkan saya cerita 3 kalimat. Minimal ada 2 emoji di dalamnya.
demo-test-50,1001,124859,2025-08-06 08:10:19.000,19,"Suatu hari, saya pergi ke taman ?. Di sana, saya melihat banyak burung ? terbang. Saya merasa sangat bahagia dan ingin datang lagi!",Tolong buatkan saya cerita 3 kalimat. Minimal ada 2 emoji di dalamnya.
demo-test-52,1001,124863,2025-08-06 08:10:19.000,19,Seorang anak kecil menemukan kucing ? di taman. Kucing itu sangat lucu dan ramah. Mereka menjadi teman baik dan bermain bersama setiap hari ?.,Tolong buatkan saya cerita 3 kalimat. Minimal ada 2 emoji di dalamnya.
demo-test-64,1001,124836,2025-08-06 08:10:19.000,14,Sebuah kucing kecil ? berjalan di taman. Dia menemukan bola warna-warni ? dan mulai bermain. Kucing itu sangat senang dan melompat-lompat! Apa kucingmu juga suka bermain?,Tolong buatkan saya cerita 3 kalimat. Minimal ada 2 emoji di dalamnya.
demo-test-65,1001,124854,2025-08-06 08:10:19.000,14,"Ada seekor kucing lucu ? bernama Mimi. Mimi suka bermain dengan bola benang ? di halaman rumah. Setiap hari, dia membuat semua orang tersenyum! Apa hewan peliharaan favoritmu?",Tolong buatkan saya cerita 3 kalimat. Minimal ada 2 emoji di dalamnya.
demo-test-67,1001,124866,2025-08-06 08:10:19.000,14,"Di sebuah desa, ada seekor kucing lucu ? yang suka bermain di taman. Suatu hari, ia bertemu dengan seekor burung kecil ? yang tersesat. Mereka menjadi teman baik dan berpetualang bersama!",Tolong buatkan saya cerita 3 kalimat. Minimal ada 2 emoji di dalamnya.
demo-test-75,1001,124838,2025-08-06 08:10:19.000,13,"Di sebuah taman, anak-anak bermain bola ⚽. Mereka tertawa dan berlari dengan senang hati ?. Hari itu sangat cerah dan menyenangkan! Apa aktivitas favoritmu di akhir pekan?",Tolong buatkan saya cerita 3 kalimat. Minimal ada 2 emoji di dalamnya.
demo-test-76,1001,124861,2025-08-06 08:10:19.000,12,"Ada seekor kucing lucu ? yang suka bermain bola. Suatu hari, ia menemukan bola merah di taman ?. Kucing itu sangat senang dan bermain sampai matahari terbenam!",Tolong buatkan saya cerita 3 kalimat. Minimal ada 2 emoji di dalamnya.
demo-test-77,1001,124853,2025-08-06 08:10:19.000,12,Siti pergi ke pasar ? untuk membeli buah. Dia membeli apel dan pisang ? yang segar. Siti pulang dengan senyum bahagia!,Tolong buatkan saya cerita 3 kalimat. Minimal ada 2 emoji di dalamnya.
demo-test-78,1001,124856,2025-08-06 08:10:19.000,12,"Di sebuah desa kecil, ada seekor kucing lucu ? yang suka bermain dengan anak-anak. Suatu hari, kucing itu menemukan bola merah ? dan mulai berlari ke sana kemari. Semua orang di desa tertawa dan bermain bersamanya!",Tolong buatkan saya cerita 3 kalimat. Minimal ada 2 emoji di dalamnya.
demo-test-79,1001,124829,2025-08-06 08:10:19.000,12,Siti pergi ke pasar ? dan melihat banyak buah-buahan. Dia membeli apel ? dan pisang untuk sarapan. Siti senang bisa makan sehat!,Tolong buatkan saya cerita 3 kalimat. Minimal ada 2 emoji di dalamnya.
demo-test-84,1001,124867,2025-08-06 08:10:19.000,12,"Ariana has a cute cat ?. Every morning, they play with a ball ?. Ariana loves her cat very much!",Tolong buatkan saya cerita 3 kalimat. Minimal ada 2 emoji di dalamnya.
demo-test-101,1001,124847,2025-08-06 08:10:19.000,40,Saya pergi ke hutan untuk berjalan-jalan ?. Saya melihat banyak burung terbang dan mendengar suara alam ?. Hari itu sangat menyenangkan dan menenangkan! \n\nApa yang kamu suka lakukan di alam?,Tolong buatkan saya cerita 3 kalimat. Minimal ada 2 emoji di dalamnya.
demo-test-104,1001,124855,2025-08-06 08:10:19.000,28,Siti pergi ke pasar malam ?. Dia membeli jajanan seperti bakso dan gorengan ?. Siti sangat senang menikmati makanan bersama teman-temannya! Apa makanan favoritmu di pasar malam?,Tolong buatkan saya cerita 3 kalimat. Minimal ada 2 emoji di dalamnya.
demo-test-107,1001,124841,2025-08-06 08:10:19.000,25,"Di taman, ada seorang gadis ? yang menanam bunga. Dia sangat senang melihat bunga-bunga itu tumbuh dan berbunga ?. Gadis itu merawatnya setiap hari dengan cinta! \n\nApa bunga favoritmu?",Tolong buatkan saya cerita 3 kalimat. Minimal ada 2 emoji di dalamnya.
demo-test-110,1001,124862,2025-08-06 08:10:19.000,25,"Di hutan, ada seekor beruang yang suka bermain dengan teman-temannya ?. Suatu hari, mereka menemukan madu manis di pohon ?. Beruang dan temannya sangat senang dan berpesta dengan makanan enak!",Tolong buatkan saya cerita 3 kalimat. Minimal ada 2 emoji di dalamnya.
demo-test-126,1001,124834,2025-08-06 08:10:19.000,16,Dina pergi ke pasar ? untuk membeli buah. Dia membeli apel dan pisang ? yang segar. Dina sangat senang karena bisa membuat smoothie lezat! \n\nApa makanan favoritmu?,Tolong buatkan saya cerita 3 kalimat. Minimal ada 2 emoji di dalamnya.
demo-test-128,1001,124860,2025-08-06 08:10:19.000,15,"Di pagi hari, saya berjalan-jalan di taman ?. Saya melihat burung-burung berkicau dan bunga-bunga mekar ?. Suasana sangat damai dan indah! \n\nApa yang kamu lakukan di pagi hari?",Tolong buatkan saya cerita 3 kalimat. Minimal ada 2 emoji di dalamnya.
demo-test-130,1001,124825,2025-08-06 08:10:19.000,15,"Di sebuah desa, ada seorang nenek ? yang membuat kue lezat. Anak-anak ?? datang setiap hari untuk mencicipi kue-kue itu. Mereka semua tertawa dan bahagia bersama nenek! \n\nApa makanan favoritmu?",Tolong buatkan saya cerita 3 kalimat. Minimal ada 2 emoji di dalamnya.
demo-test-134,1001,124858,2025-08-06 08:10:19.000,16,"Di sekolah, saya bermain dengan teman-teman ?. Kami belajar dan tertawa bersama ?. Hari itu sangat menyenangkan! \n\nSiapa teman terbaikmu di sekolah?",Tolong buatkan saya cerita 3 kalimat. Minimal ada 2 emoji di dalamnya.
demo-test-138,1001,124864,2025-08-06 08:10:19.000,16,"Hari ini, saya membuat kue coklat ? di rumah. Dapur saya penuh dengan aroma yang enak! Setelah matang, saya dan keluarga menikmatinya bersama ?. \n\nApa makanan kesukaan kamu?",Tolong buatkan saya cerita 3 kalimat. Minimal ada 2 emoji di dalamnya.
demo-test-140,1001,124849,2025-08-06 08:10:19.000,16,"Di laut, ada seekor ikan ? yang sangat penasaran. Ia menjelajahi terumbu karang ? dan bertemu banyak teman baru. Mereka semua bermain bersama dan bersenang-senang! \n\nIkan apa yang kamu suka?",Tolong buatkan saya cerita 3 kalimat. Minimal ada 2 emoji di dalamnya.
demo-test-157,1001,124852,2025-08-06 08:10:19.000,9,Ada seorang raja yang baik ?. Dia memberi makanan kepada semua orang di kerajaannya ?. Semua orang sangat senang dan berterima kasih! \n\nSiapa raja favoritmu?,Tolong buatkan saya cerita 3 kalimat. Minimal ada 2 emoji di dalamnya.
demo-test-159,1001,124831,2025-08-06 08:10:19.000,9,"Pada suatu hari, saya melihat kucing lucu ? di taman. Kucing itu bermain dengan bola benang ? dan sangat menggemaskan! Saya tertawa dan mengambil foto kucing itu. \n\nApakah kamu suka hewan peliharaan?",Tolong buatkan saya cerita 3 kalimat. Minimal ada 2 emoji di dalamnya.
demo-test-160,1001,124842,2025-08-06 08:10:19.000,9,"Hari ini, saya pergi ke pantai ?. Saya bermain pasir dan membangun istana ?. Semua teman saya sangat senang! \n\nApa aktivitas favoritmu di pantai?",Tolong buatkan saya cerita 3 kalimat. Minimal ada 2 emoji di dalamnya.
demo-test-162,1001,124828,2025-08-06 08:10:19.000,9,"Di pagi hari, Siti berjalan ke pasar ?. Dia membeli buah-buahan segar ? untuk sarapan. Siti merasa bahagia dengan pilihannya! \n\nApa buah favoritmu?",Tolong buatkan saya cerita 3 kalimat. Minimal ada 2 emoji di dalamnya.
demo-test-164,1001,124832,2025-08-06 08:10:19.000,9,"Saya pergi ke pasar dan melihat banyak buah ?. Saya membeli beberapa jeruk dan mangga ?. Setelah itu, saya pulang dan membuat jus segar!",Tolong buatkan saya cerita 3 kalimat. Minimal ada 2 emoji di dalamnya.
demo-test-167,1001,124839,2025-08-06 08:10:19.000,9,"Suatu hari, saya pergi ke pantai ?️ bersama keluarga. Kami membangun istana pasir ? dan bermain di air. Semua orang sangat bahagia! \n\nApa kamu suka pergi ke pantai?",Tolong buatkan saya cerita 3 kalimat. Minimal ada 2 emoji di dalamnya.
demo-test-170,1001,124857,2025-08-06 08:10:19.000,9,"Di pagi hari, saya minum kopi ☕ dan membaca buku ?. Tiba-tiba, kucing saya datang dan duduk di pangkuan saya. Hari itu sangat nyaman dan bahagia! \n\nApa buku favorit kamu?",Tolong buatkan saya cerita 3 kalimat. Minimal ada 2 emoji di dalamnya.
demo-test-184,1001,124868,2025-08-06 08:10:19.000,9,"Di kebun, ada seekor kelinci ? yang suka makan wortel. Suatu hari, ia menemukan wortel raksasa ? dan sangat bahagia. Kelinci itu mengundang teman-temannya untuk berpesta! ? \n\nSiapa teman favoritmu?",Tolong buatkan saya cerita 3 kalimat. Minimal ada 2 emoji di dalamnya.
demo-test-190,1001,124840,2025-08-06 08:10:19.000,9,"Hari ini, saya pergi ke pasar ?. Saya membeli buah-buahan segar dan sayuran ?. Setelah itu, saya pulang dan membuat salad yang enak! \n\nApa makanan favoritmu?",Tolong buatkan saya cerita 3 kalimat. Minimal ada 2 emoji di dalamnya.
demo-test-192,1001,124869,2025-08-06 08:10:19.000,9,"Hari ini, saya pergi ke pasar ?. Saya membeli buah-buahan ? dan sayuran segar. Saya sangat senang dengan pilihan saya! \n\nApa makanan favoritmu dari pasar?",Tolong buatkan saya cerita 3 kalimat. Minimal ada 2 emoji di dalamnya.
demo-test-193,1001,124826,2025-08-06 08:10:19.000,9,Lina pergi ke pantai ?️ dengan keluarganya. Mereka bermain pasir dan membangun istana ?. Semua orang sangat senang! \n\nApa aktivitas favoritmu di akhir pekan?,Tolong buatkan saya cerita 3 kalimat. Minimal ada 2 emoji di dalamnya.
demo-test-195,1001,124848,2025-08-06 08:10:19.000,9,"Saya pergi ke pasar pagi ini ?. Saya membeli buah-buahan segar ? dan sayuran. Setelah itu, saya pulang dan memasak makanan enak! \n\nApa makanan favoritmu?",Tolong buatkan saya cerita 3 kalimat. Minimal ada 2 emoji di dalamnya.
demo-test-196,1001,124851,2025-08-06 08:10:19.000,9,Ani membuat kue coklat untuk ulang tahunnya. ? Dia menghias kue dengan banyak sprinkles warna-warni! ? Semua teman-temannya sangat suka dan makan kue itu bersama. \n\nKue apa yang paling kamu suka?,Tolong buatkan saya cerita 3 kalimat. Minimal ada 2 emoji di dalamnya.
demo-test-198,1001,124843,2025-08-06 08:10:19.000,9,Siti pergi ke pantai ?️ bersama teman-temannya. Mereka bermain pasir dan membangun istana pasir yang besar ?. Semua orang tertawa dan bersenang-senang! \n\nApa tempat favoritmu untuk bermain?,Tolong buatkan saya cerita 3 kalimat. Minimal ada 2 emoji di dalamnya.
demo-test-7,1001,124908,2025-08-06 08:10:20.000,72,"Suatu hari, Mia menemukan kucing kecil di taman. ? Kucing itu sangat lucu dan menggemaskan! Mia memutuskan untuk membawanya pulang dan memberinya nama Ciko. ?✨",Tolong buatkan saya cerita 3 kalimat. Minimal ada 2 emoji di dalamnya.
demo-test-13,1001,124880,2025-08-06 08:10:20.000,44,"Suatu hari, seorang anak kecil menemukan kucing lucu di taman. ? Mereka bermain bersama dan menjadi teman baik. ? Anak itu sangat senang memiliki kucing sebagai sahabat!",Tolong buatkan saya cerita 3 kalimat. Minimal ada 2 emoji di dalamnya.
demo-test-15,1001,124883,2025-08-06 08:10:20.000,42,"Hari ini, saya pergi ke taman ? dan melihat banyak bunga berwarna-warni. Saya bermain frisbee dengan teman-teman dan tertawa bersama ?. Setelah itu, kami makan es krim yang lezat!",Tolong buatkan saya cerita 3 kalimat. Minimal ada 2 emoji di dalamnya.
demo-test-16,1001,124902,2025-08-06 08:10:20.000,43,"Suatu hari, seorang anak bernama Budi menemukan kucing kecil di taman. ? Dia memberi nama kucing itu ""Coco"" dan mereka menjadi teman baik. Bersama-sama, mereka bermain dan berpetualang setiap sore! ?✨",Tolong buatkan saya cerita 3 kalimat. Minimal ada 2 emoji di dalamnya.
demo-test-17,1001,124897,2025-08-06 08:10:20.000,43,"Suatu hari, Mia menemukan kucing kecil di taman. ? Kucing itu sangat lucu dan menggemaskan! Mia membawa pulang kucing itu dan memberi nama ""Coco"". ?❤️",Tolong buatkan saya cerita 3 kalimat. Minimal ada 2 emoji di dalamnya.
demo-test-19,1001,124884,2025-08-06 08:10:20.000,43,"Suatu hari, seorang anak bernama Budi menemukan kucing kecil di taman. ? Dia merawat kucing itu dan memberi nama ""Mimi"". Kini, mereka berdua bermain bersama setiap hari! ?",Tolong buatkan saya cerita 3 kalimat. Minimal ada 2 emoji di dalamnya.
demo-test-20,1001,124896,2025-08-06 08:10:20.000,43,"Suatu hari, seorang anak menemukan kucing kecil di taman. ? Dia memberi nama kucing itu ""Mimi"" dan mereka bermain bersama. ? Mereka menjadi teman terbaik selamanya!",Tolong buatkan saya cerita 3 kalimat. Minimal ada 2 emoji di dalamnya.
demo-test-21,1001,124912,2025-08-06 08:10:20.000,34,"Suatu hari, seorang anak bernama Budi menemukan kucing kecil di taman. ? Kucing itu sangat lucu dan menggemaskan! Budi membawa pulang kucing itu dan memberi nama ""Coco."" ?",Tolong buatkan saya cerita 3 kalimat. Minimal ada 2 emoji di dalamnya.
demo-test-40,1001,124879,2025-08-06 08:10:20.000,19,"Di taman, ada seekor kucing lucu ? yang bermain dengan bola benang. Tiba-tiba, kucing itu terjatuh dan menggulingkan bola itu ke arah anjing ?. Anjing itu mengejar bola dan mereka berdua menjadi teman!",Tolong buatkan saya cerita 3 kalimat. Minimal ada 2 emoji di dalamnya.
demo-test-43,1001,124876,2025-08-06 08:10:20.000,19,"Di sebuah taman, ada seekor kucing lucu ? yang bermain dengan bola warna-warni. Tiba-tiba, anjing besar ? datang dan ingin bermain juga! Kucing dan anjing itu menjadi teman baik dan bermain bersama setiap hari.",Tolong buatkan saya cerita 3 kalimat. Minimal ada 2 emoji di dalamnya.
demo-test-44,1001,124890,2025-08-06 08:10:20.000,19,"Di sebuah desa kecil, ada seekor kucing lucu ? yang suka bermain di taman. Suatu hari, kucing itu menemukan bola warna-warni ? dan mulai mengejarnya. Semua anak-anak di desa datang untuk bermain bersamanya!",Tolong buatkan saya cerita 3 kalimat. Minimal ada 2 emoji di dalamnya.
demo-test-47,1001,124907,2025-08-06 08:10:20.000,24,"Suatu hari, seorang anak kecil menemukan kucing lucu di taman. ? Dia memberi nama kucing itu ""Coco"" dan mereka menjadi teman baik. ? Mereka bermain setiap hari dan selalu bahagia!",Tolong buatkan saya cerita 3 kalimat. Minimal ada 2 emoji di dalamnya.
demo-test-49,1001,124895,2025-08-06 08:10:20.000,19,"Di sebuah taman, ada seorang anak yang bermain dengan layang-layang. ? Dia melihat burung-burung terbang tinggi di langit biru. ?️ Anak itu tersenyum dan merasa bahagia!",Tolong buatkan saya cerita 3 kalimat. Minimal ada 2 emoji di dalamnya.
demo-test-51,1001,124909,2025-08-06 08:10:20.000,28,Seorang anak kecil ? menemukan buku tua di perpustakaan. Buku itu bercerita tentang petualangan naga ? yang mencari harta karun. Anak itu sangat senang dan membayangkan dirinya ikut dalam petualangan itu. \n\nApa petualangan yang ingin kamu lakukan?,Tolong buatkan saya cerita 3 kalimat. Minimal ada 2 emoji di dalamnya.
demo-test-71,1001,124886,2025-08-06 08:10:20.000,12,"Sofia memiliki kucing bernama Luna ?. Setiap pagi, Luna bermain di taman ?. Sofia sangat senang melihat Luna berlari! Apa kamu punya hewan peliharaan?",Tolong buatkan saya cerita 3 kalimat. Minimal ada 2 emoji di dalamnya.
demo-test-72,1001,124874,2025-08-06 08:10:20.000,10,"Ada seekor kucing lucu ? yang suka bermain bola. Suatu hari, kucing itu menemukan bola besar ? dan melompat-lompat dengan senang. Semua teman-temannya datang untuk bermain bersama! Apa hewan peliharaan favoritmu?",Tolong buatkan saya cerita 3 kalimat. Minimal ada 2 emoji di dalamnya.
demo-test-74,1001,124881,2025-08-06 08:10:20.000,16,"Di sebuah taman, ada seekor kucing ? yang suka bermain dengan bola. Suatu hari, kucing itu bertemu dengan burung ? yang terbang rendah. Mereka menjadi teman dan bermain bersama setiap hari!",Tolong buatkan saya cerita 3 kalimat. Minimal ada 2 emoji di dalamnya.
demo-test-80,1001,124892,2025-08-06 08:10:20.000,12,"Di sebuah taman, ada seekor kucing ? yang bermain bola. Kucing itu sangat lucu dan teman-temannya datang untuk bermain juga. Mereka semua tertawa dan bersenang-senang di bawah sinar matahari ☀️.",Tolong buatkan saya cerita 3 kalimat. Minimal ada 2 emoji di dalamnya.
demo-test-81,1001,124894,2025-08-06 08:10:20.000,12,"Once upon a time, a cat ? found a big fish ? in the river. The cat was very happy and shared it with its friends. Together, they had a wonderful picnic by the water!",Tolong buatkan saya cerita 3 kalimat. Minimal ada 2 emoji di dalamnya.
demo-test-82,1001,124885,2025-08-06 08:10:20.000,12,"Ada seekor kucing lucu ? yang suka bermain bola. Suatu hari, kucing itu menemukan bola merah yang besar. Kucing itu sangat senang dan melompat-lompat ?!",Tolong buatkan saya cerita 3 kalimat. Minimal ada 2 emoji di dalamnya.
demo-test-88,1001,124910,2025-08-06 08:10:20.000,12,"Ada seekor kucing lucu ? yang suka bermain bola. Suatu hari, ia bertemu anjing besar ? dan mereka menjadi teman. Mereka bermain bersama setiap hari!",Tolong buatkan saya cerita 3 kalimat. Minimal ada 2 emoji di dalamnya.
demo-test-100,1001,124893,2025-08-06 08:10:20.000,12,"Di sebuah taman, ada seekor kucing kecil ? yang bermain dengan bola warna-warni. Tiba-tiba, anjing besar datang dan membuat kucingnya takut. Namun, kucing itu berani dan mengejar anjing tersebut ?!",Tolong buatkan saya cerita 3 kalimat. Minimal ada 2 emoji di dalamnya.
demo-test-102,1001,124882,2025-08-06 08:10:20.000,29,"Di pantai, anak-anak bermain pasir dan membuat istana ?. Mereka sangat senang dan tertawa bersama teman-teman ?. Ombak datang dan menghancurkan istana, tetapi mereka tetap bahagia! \n\nApa aktivitas favoritmu di pantai?",Tolong buatkan saya cerita 3 kalimat. Minimal ada 2 emoji di dalamnya.
demo-test-105,1001,124889,2025-08-06 08:10:20.000,28,Lina menemukan kupu-kupu cantik di taman ?. Dia mengikuti kupu-kupu itu dan melihat banyak bunga berwarna-warni ?. Lina sangat senang dan memutuskan untuk menggambar semua bunga itu!\n\nApa warna bunga favoritmu?,Tolong buatkan saya cerita 3 kalimat. Minimal ada 2 emoji di dalamnya.
demo-test-106,1001,124875,2025-08-06 08:10:20.000,22,"Di pagi hari, ada seekor kucing putih yang bernama Snowy ?. Snowy suka bermain bola benang ? dan melompat-lompat di halaman. Suatu hari, dia menemukan teman baru, seekor anjing kecil! \n\nApa nama hewan peliharaanmu?",Tolong buatkan saya cerita 3 kalimat. Minimal ada 2 emoji di dalamnya.
demo-test-108,1001,124911,2025-08-06 08:10:20.000,25,"Di hutan, seekor kelinci ? sedang mencari wortel. Dia melihat sinar matahari dan menemukan taman penuh dengan sayuran. Kelinci itu sangat bahagia dan melompat-lompat ?! \n\nApa sayuran favoritmu?",Tolong buatkan saya cerita 3 kalimat. Minimal ada 2 emoji di dalamnya.
demo-test-109,1001,124904,2025-08-06 08:10:20.000,25,Saya pergi ke pantai bersama keluarga. ?️ Kami bermain air dan membangun istana pasir. ? Hari itu sangat seru dan penuh tawa! \n\nApa aktivitas favoritmu di pantai?,Tolong buatkan saya cerita 3 kalimat. Minimal ada 2 emoji di dalamnya.
demo-test-111,1001,124898,2025-08-06 08:10:20.000,18,Nina pergi ke bioskop ? untuk menonton film baru. Dia membawa popcorn ? dan sangat menikmatinya. Film itu membuatnya tertawa dan terharu! \n\nFilm apa yang terakhir kamu tonton?,Tolong buatkan saya cerita 3 kalimat. Minimal ada 2 emoji di dalamnya.
demo-test-113,1001,124906,2025-08-06 08:10:20.000,17,Saya pergi ke kebun binatang ?. Saya melihat singa dan gajah ? yang lucu. Hari itu sangat menyenangkan! \n\nApa hewan favoritmu di kebun binatang?,Tolong buatkan saya cerita 3 kalimat. Minimal ada 2 emoji di dalamnya.
demo-test-114,1001,124905,2025-08-06 08:10:20.000,18,"Rina pergi ke bioskop dan menonton film baru ?. Dia sangat menikmati cerita dan tertawa banyak ?. Setelah film, Rina dan teman-temannya makan popcorn bersama! \n\nFilm apa yang terakhir kamu tonton?",Tolong buatkan saya cerita 3 kalimat. Minimal ada 2 emoji di dalamnya.
demo-test-127,1001,124901,2025-08-06 08:10:20.000,16,"Di hutan, ada seekor beruang lucu ?. Beruang itu suka mencari madu ? di pohon tinggi. Suatu hari, dia menemukan sarang madu terbesar dan mengundang teman-temannya untuk berpesta! \n\nApa makanan manis kesukaanmu?",Tolong buatkan saya cerita 3 kalimat. Minimal ada 2 emoji di dalamnya.
demo-test-132,1001,124873,2025-08-06 08:10:20.000,16,"Di sebuah kebun, ada bunga-bunga berwarna-warni. ? Suatu hari, kupu-kupu datang dan terbang di antara bunga-bunga itu. ? Semua orang yang melihatnya merasa sangat bahagia! \n\nApa bunga favorit kamu?",Tolong buatkan saya cerita 3 kalimat. Minimal ada 2 emoji di dalamnya.
demo-test-135,1001,124872,2025-08-06 08:10:20.000,16,Doni pergi ke kebun binatang ? dan melihat banyak hewan. Dia sangat senang melihat gajah ? dan memberi makan burung. Doni pulang dengan banyak cerita seru!\n\nHewan apa yang paling kamu suka?,Tolong buatkan saya cerita 3 kalimat. Minimal ada 2 emoji di dalamnya.
demo-test-136,1001,124878,2025-08-06 08:10:20.000,16,Lina pergi bersepeda ?‍♀️ di pagi hari. Dia melihat bunga-bunga cantik ? di sepanjang jalan. Lina merasa bahagia dan segar! Apa aktivitas favoritmu di luar ruangan?,Tolong buatkan saya cerita 3 kalimat. Minimal ada 2 emoji di dalamnya.
demo-test-137,1001,124888,2025-08-06 08:10:20.000,16,"Kemarin, saya pergi ke pantai ? dengan keluarga. Kami bermain voli dan membangun istana pasir ?. Semua orang sangat bahagia dan menikmati waktu bersama! \n\nApa kegiatan favoritmu di pantai?",Tolong buatkan saya cerita 3 kalimat. Minimal ada 2 emoji di dalamnya.
demo-test-139,1001,124913,2025-08-06 08:10:20.000,16,"Suatu hari, saya melihat pelangi ? setelah hujan. Saya merasa sangat bahagia dan mengambil foto ?. Warna-warni pelangi membuat hariku lebih cerah! \n\nApa warna favoritmu dari pelangi?",Tolong buatkan saya cerita 3 kalimat. Minimal ada 2 emoji di dalamnya.
demo-test-141,1001,124914,2025-08-06 08:10:20.000,14,Rina membuat kue coklat untuk ulang tahunnya. ? Dia menghias kue dengan banyak sprinkles berwarna. ? Semua teman-temannya sangat senang dan menikmati kue itu! \n\nApa kue favoritmu?,Tolong buatkan saya cerita 3 kalimat. Minimal ada 2 emoji di dalamnya.
demo-test-143,1001,124899,2025-08-06 08:10:20.000,16,"Di taman bermain, anak-anak bermain ayunan ? dengan ceria. Tiba-tiba, seorang anak melihat balon ? terbang tinggi. Dia berlari untuk mengejarnya dan semua teman ikut bersorak!",Tolong buatkan saya cerita 3 kalimat. Minimal ada 2 emoji di dalamnya.
demo-test-161,1001,124903,2025-08-06 08:10:20.000,9,"Di kebun, seekor kucing ? sedang tidur di bawah pohon. Tiba-tiba, burung-burung datang bernyanyi ?. Kucing itu terbangun dan mulai bermain! \n\nApakah kamu punya hewan peliharaan?",Tolong buatkan saya cerita 3 kalimat. Minimal ada 2 emoji di dalamnya.
demo-test-165,1001,124887,2025-08-06 08:10:20.000,9,"Di taman, seekor burung kecil bernyanyi merdu. ? Semua orang berhenti dan mendengarkan. ? Mereka tersenyum dan merasa bahagia! \n\nApa kamu suka mendengarkan musik?",Tolong buatkan saya cerita 3 kalimat. Minimal ada 2 emoji di dalamnya.
demo-test-166,1001,124915,2025-08-06 08:10:20.000,9,"Ali menemukan bola ajaib di hutan. ⚽️ Saat ia menyentuhnya, bola itu terbang dan membawanya ke langit! ? Ali sangat terkejut dan bahagia. \n\nApa yang akan kamu lakukan jika menemukan benda ajaib?",Tolong buatkan saya cerita 3 kalimat. Minimal ada 2 emoji di dalamnya.
demo-test-168,1001,124877,2025-08-06 08:10:20.000,9,Rina membuat kue coklat ? untuk ulang tahunnya. Teman-temannya datang dan mereka semua senang! ? Mereka merayakan dengan menyanyi dan bermain bersama.,Tolong buatkan saya cerita 3 kalimat. Minimal ada 2 emoji di dalamnya.
demo-test-173,1001,124917,2025-08-06 08:10:20.000,9,Lina pergi ke pantai ?️ bersama keluarganya. Mereka bermain bola dan berenang di laut ?. Semua orang sangat senang dan tertawa! \n\nApa kegiatan favoritmu di akhir pekan?,Tolong buatkan saya cerita 3 kalimat. Minimal ada 2 emoji di dalamnya.
demo-test-187,1001,124900,2025-08-06 08:10:20.000,9,"Pada suatu pagi, saya bangun dan melihat matahari terbit ?. Saya minum kopi sambil mendengarkan musik ?. Hari ini akan menjadi hari yang menyenangkan! \n\nApa yang kamu lakukan di pagi hari?",Tolong buatkan saya cerita 3 kalimat. Minimal ada 2 emoji di dalamnya.
demo-test-194,1001,124891,2025-08-06 08:10:20.000,9,"Di hutan, ada seekor burung cantik ? yang bernyanyi merdu. Suatu hari, burung itu bertemu dengan rusa ? yang sedang mencari makanan. Mereka menjadi teman baik dan bermain bersama setiap hari!\n\nKamu suka hewan apa?",Tolong buatkan saya cerita 3 kalimat. Minimal ada 2 emoji di dalamnya.
demo-test-199,1001,124916,2025-08-06 08:10:20.000,9,"Di hutan, ada seekor burung cantik ?. Burung itu bernyanyi setiap pagi, membuat semua hewan bahagia ?. Suatu hari, dia menemukan teman baru, seekor kelinci!",Tolong buatkan saya cerita 3 kalimat. Minimal ada 2 emoji di dalamnya.
demo-test-200,1001,124918,2025-08-06 08:10:20.000,3,Tentu! Ini ceritanya:\n\nSaya bangun pagi dan melihat matahari terbit ?. Saya minum kopi sambil mendengarkan burung bernyanyi ?. Hari ini sangat cerah dan menyenangkan!\n\nApa kamu suka bangun pagi juga?,Tolong buatkan saya cerita 3 kalimat. Minimal ada 2 emoji di dalamnya.
demo-test-83,1001,124921,2025-08-06 08:10:22.000,12,"Di sebuah desa kecil, ada seekor kucing lucu yang bernama Milo. ? Suatu hari, Milo menemukan bola berwarna-warni dan bermain dengan teman-temannya. ? Mereka semua sangat senang dan tertawa bersama!",Tolong buatkan saya cerita 3 kalimat. Minimal ada 2 emoji di dalamnya.
demo-test-146,1001,124919,2025-08-06 08:10:22.000,16,"Di sebuah desa, ada seorang petani ? yang menanam banyak sayuran. Suatu hari, dia menemukan sayur raksasa ? yang sangat lucu. Semua orang di desa datang untuk melihat dan merayakannya! \n\nSayur apa yang kamu suka?",Tolong buatkan saya cerita 3 kalimat. Minimal ada 2 emoji di dalamnya.
demo-test-148,1001,124922,2025-08-06 08:10:22.000,16,"Di sebuah sekolah, anak-anak belajar dengan ceria ?. Mereka bermain permainan seru di lapangan ⚽. Semua teman menikmati waktu bersama! \n\nApa permainan favoritmu di sekolah?",Tolong buatkan saya cerita 3 kalimat. Minimal ada 2 emoji di dalamnya.
demo-test-174,1001,124920,2025-08-06 08:10:22.000,9,"Kemarin, saya pergi ke pantai. ?️ Saya bermain pasir dan membuat istana pasir yang besar. ? Semua teman saya ikut bermain dan kami bersenang-senang! \n\nApa kegiatan favoritmu di akhir pekan?",Tolong buatkan saya cerita 3 kalimat. Minimal ada 2 emoji di dalamnya.
demo-test-23,1001,124941,2025-08-06 08:10:23.000,33,"Suatu hari, seorang kucing bernama Miau menemukan bola berwarna cerah. ?✨ Miau sangat senang dan bermain dengan bola itu sepanjang hari. Teman-temannya datang dan bergabung, membuat hari itu lebih menyenangkan! ?",Tolong buatkan saya cerita 3 kalimat. Minimal ada 2 emoji di dalamnya.
demo-test-24,1001,124960,2025-08-06 08:10:23.000,34,"Suatu hari, saya pergi ke pantai ?️. Saya bermain di pasir dan membuat istana pasir ?. Hari itu sangat menyenangkan!",Tolong buatkan saya cerita 3 kalimat. Minimal ada 2 emoji di dalamnya.
demo-test-25,1001,124942,2025-08-06 08:10:23.000,34,"Suatu hari, seorang anak bernama Rina menemukan kucing kecil di taman. ? Dia memberi kucing itu nama ""Mimi"" dan merawatnya dengan penuh kasih. ❤️ Mereka menjadi teman terbaik dan bermain setiap hari!",Tolong buatkan saya cerita 3 kalimat. Minimal ada 2 emoji di dalamnya.
demo-test-26,1001,124954,2025-08-06 08:10:23.000,30,"Di sebuah desa kecil, ada seorang anak bernama Budi. ? Dia suka bermain bola dengan teman-temannya di lapangan. ⚽ Suatu hari, mereka menemukan kucing lucu yang tersesat, dan mereka membawanya pulang! ?",Tolong buatkan saya cerita 3 kalimat. Minimal ada 2 emoji di dalamnya.
demo-test-27,1001,124939,2025-08-06 08:10:23.000,34,"Di sebuah desa kecil, ada seekor kucing lucu yang bernama Mimi. ? Suatu hari, Mimi menemukan bola benang berwarna-warni dan mulai bermain. ? Semua teman-temannya datang dan mereka bersenang-senang bersama!",Tolong buatkan saya cerita 3 kalimat. Minimal ada 2 emoji di dalamnya.
demo-test-28,1001,124931,2025-08-06 08:10:23.000,30,"Suatu hari, Lisa pergi ke taman ?. Dia melihat banyak bunga berwarna-warni dan kupu-kupu ?. Lisa sangat senang dan mengambil foto untuk dikenang!",Tolong buatkan saya cerita 3 kalimat. Minimal ada 2 emoji di dalamnya.
demo-test-29,1001,124940,2025-08-06 08:10:23.000,34,"Suatu hari, ada seekor kucing lucu ? yang suka berpetualang. Ia menemukan taman penuh bunga ? yang indah. Kucing itu sangat senang bermain dan berlari di antara bunga-bunga!",Tolong buatkan saya cerita 3 kalimat. Minimal ada 2 emoji di dalamnya.
demo-test-30,1001,124955,2025-08-06 08:10:23.000,31,"Di sebuah desa kecil, ada seekor kucing yang sangat lucu. ? Kucing itu suka bermain dengan anak-anak dan selalu membuat mereka tertawa. Suatu hari, kucing itu menemukan bola warna-warni dan mulai berlari ke sana-sini. ?",Tolong buatkan saya cerita 3 kalimat. Minimal ada 2 emoji di dalamnya.
demo-test-53,1001,124944,2025-08-06 08:10:23.000,13,"Ada seekor kucing ? yang sangat penasaran. Suatu hari, dia menemukan bola benang ? berwarna-warni. Dia bermain hingga malam dan sangat bahagia! \n\nApa kamu suka cerita tentang hewan?",Tolong buatkan saya cerita 3 kalimat. Minimal ada 2 emoji di dalamnya.
demo-test-55,1001,124957,2025-08-06 08:10:23.000,15,"Di hutan, seekor burung ? menemukan sarang indah. Burung itu mengundang teman-temannya untuk datang dan merayakan. Mereka semua bernyanyi dan terbang bersama ?.  \n\nApa bagian cerita yang kamu suka?",Tolong buatkan saya cerita 3 kalimat. Minimal ada 2 emoji di dalamnya.
demo-test-56,1001,124950,2025-08-06 08:10:23.000,18,"Di hutan yang lebat, seekor ? rubah bertemu dengan seekor ? burung hantu. Mereka menjadi teman baik dan berbagi makanan. Bersama, mereka menjelajahi hutan dan menemukan banyak petualangan baru! \n\nApa pendapatmu tentang cerita ini?",Tolong buatkan saya cerita 3 kalimat. Minimal ada 2 emoji di dalamnya.
demo-test-57,1001,124934,2025-08-06 08:10:23.000,19,Seorang raja ? menemukan sebuah peta. Peta itu menunjukkan lokasi harta karun ? yang tersembunyi. Raja dan pasukannya pergi untuk mencarinya!,Tolong buatkan saya cerita 3 kalimat. Minimal ada 2 emoji di dalamnya.
demo-test-58,1001,124962,2025-08-06 08:10:23.000,15,"Sebuah kucing ? melihat burung di pohon. Kucing itu melompat tinggi, tetapi burung itu terbang jauh. Kucing itu merasa kecewa, tetapi tetap lucu! ?\n\nApa kamu suka kucing atau burung?",Tolong buatkan saya cerita 3 kalimat. Minimal ada 2 emoji di dalamnya.
demo-test-59,1001,124935,2025-08-06 08:10:23.000,15,Seorang anak kecil menemukan kucing ? di taman. Mereka bermain bersama dan menjadi sahabat. Kucing itu membawa kebahagiaan ? dalam hidupnya. \n\nApa kamu punya hewan peliharaan?,Tolong buatkan saya cerita 3 kalimat. Minimal ada 2 emoji di dalamnya.
demo-test-60,1001,124923,2025-08-06 08:10:23.000,15,Si kucing ? berjalan di taman. Ia melihat burung ? terbang tinggi. Kucing itu ingin terbang juga! \n\nApa kamu suka kucing atau burung?,Tolong buatkan saya cerita 3 kalimat. Minimal ada 2 emoji di dalamnya.
demo-test-85,1001,124927,2025-08-06 08:10:23.000,12,"Di taman, ada seekor kucing ? yang bermain dengan bola. Tiba-tiba, anjing datang dan ikut bermain ?. Mereka berdua menjadi teman baik dan bermain bersama setiap hari!",Tolong buatkan saya cerita 3 kalimat. Minimal ada 2 emoji di dalamnya.
demo-test-86,1001,124958,2025-08-06 08:10:23.000,15,"Suatu hari, seorang anak menemukan kucing kecil ? di taman. Ia memberi makan kucing itu dan menamainya ""Mimi"". Mereka menjadi teman baik dan bermain setiap hari ?.",Tolong buatkan saya cerita 3 kalimat. Minimal ada 2 emoji di dalamnya.
demo-test-87,1001,124952,2025-08-06 08:10:23.000,12,"Di sebuah desa kecil, ada seorang anak bernama Budi. Dia suka bermain sepak bola ⚽ dan bermimpi menjadi pemain terkenal. Suatu hari, dia melihat pertandingan besar di televisi dan bertekad untuk berlatih lebih keras! ?",Tolong buatkan saya cerita 3 kalimat. Minimal ada 2 emoji di dalamnya.
demo-test-89,1001,124924,2025-08-06 08:10:23.000,11,Siti pergi ke pasar ?. Dia membeli buah-buahan segar ?. Siti sangat senang bisa memasak makanan enak!,Tolong buatkan saya cerita 3 kalimat. Minimal ada 2 emoji di dalamnya.
demo-test-90,1001,124926,2025-08-06 08:10:23.000,12,"Hari ini, saya pergi ke taman ? dan melihat banyak bunga yang indah. Saya bermain frisbee dengan teman-teman saya ? dan tertawa bersama. Kami sangat senang dan menikmati waktu itu!",Tolong buatkan saya cerita 3 kalimat. Minimal ada 2 emoji di dalamnya.
demo-test-112,1001,124951,2025-08-06 08:10:23.000,18,"Joni dan teman-temannya pergi berkemah di hutan. ⛺️ Mereka membuat api unggun dan memasak sosis. ? Malamnya, mereka bercerita dan melihat bintang bersama! \n\nKamu suka pergi berkemah?",Tolong buatkan saya cerita 3 kalimat. Minimal ada 2 emoji di dalamnya.
demo-test-116,1001,124930,2025-08-06 08:10:23.000,18,"Saya membuat kue coklat ? di dapur bersama ibu. Kami mencampur bahan-bahan dan mencium aroma sedapnya ?. Setelah matang, kami menikmatinya bersama keluarga! \n\nApa makanan favoritmu yang ingin kamu buat?",Tolong buatkan saya cerita 3 kalimat. Minimal ada 2 emoji di dalamnya.
demo-test-117,1001,124948,2025-08-06 08:10:23.000,18,"Pagi ini, saya membuat pancake untuk sarapan. ? Pancake itu sangat lezat dan saya menambahkan sirup maple. ? Saya sangat senang memulai hari dengan makanan enak!\n\nApa makanan favoritmu untuk sarapan?",Tolong buatkan saya cerita 3 kalimat. Minimal ada 2 emoji di dalamnya.
demo-test-118,1001,124943,2025-08-06 08:10:23.000,18,Sari membuat kue cokelat ? untuk ulang tahunnya. Dia mengundang teman-temannya dan semua orang datang dengan senyuman ?. Mereka merayakan dengan musik dan tawa! \n\nApa makanan favoritmu di pesta?,Tolong buatkan saya cerita 3 kalimat. Minimal ada 2 emoji di dalamnya.
demo-test-119,1001,124937,2025-08-06 08:10:23.000,18,"Di malam hari, bintang-bintang ? bersinar di langit. Seorang anak kecil melihat ke atas dan bermimpi ?. Dia berharap bisa menjadi astronaut suatu hari! \n\nApa impianmu di masa depan?",Tolong buatkan saya cerita 3 kalimat. Minimal ada 2 emoji di dalamnya.
demo-test-120,1001,124949,2025-08-06 08:10:23.000,18,Rina dan teman-temannya pergi piknik di taman. ? Mereka membawa makanan enak dan bermain frisbee. ? Hari itu sangat seru dan penuh tawa! \n\nApa kegiatan favoritmu saat piknik?,Tolong buatkan saya cerita 3 kalimat. Minimal ada 2 emoji di dalamnya.
demo-test-142,1001,124946,2025-08-06 08:10:23.000,16,"Ada seorang raja bijak ? yang mencintai rakyatnya. Suatu hari, dia memberikan pesta besar ? untuk merayakan keberhasilan panen. Semua orang di kerajaan sangat senang dan bersukacita! \n\nApa makanan favoritmu di pesta?",Tolong buatkan saya cerita 3 kalimat. Minimal ada 2 emoji di dalamnya.
demo-test-144,1001,124938,2025-08-06 08:10:23.000,16,"Suatu pagi, saya bangun dan melihat matahari terbit ?. Saya pergi ke luar dan menikmati udara segar ?. Hari itu terasa sangat cerah dan penuh harapan! \n\nApa yang biasanya kamu lakukan di pagi hari?",Tolong buatkan saya cerita 3 kalimat. Minimal ada 2 emoji di dalamnya.
demo-test-145,1001,124947,2025-08-06 08:10:23.000,16,"Di kebun, ada bunga-bunga cantik ? yang mekar di bawah sinar matahari. Seekor kupu-kupu ? terbang di sekitar bunga dan menikmati nektar. Mereka semua merasa bahagia di hari yang cerah!  \n\nApa bunga favoritmu?",Tolong buatkan saya cerita 3 kalimat. Minimal ada 2 emoji di dalamnya.
demo-test-147,1001,124929,2025-08-06 08:10:23.000,16,Budi bermain bola di lapangan ⚽. Teman-temannya juga ikut bermain dan bersenang-senang ?. Mereka semua tertawa dan menikmati waktu bersama! Apa kamu suka bermain olahraga?,Tolong buatkan saya cerita 3 kalimat. Minimal ada 2 emoji di dalamnya.
demo-test-149,1001,124932,2025-08-06 08:10:23.000,15,"Doni menemukan buku misteri di perpustakaan ?. Dia membacanya dengan penuh semangat dan merasa penasaran ?. Setelah selesai, dia menceritakan cerita itu kepada teman-temannya. \n\nApa genre buku favoritmu?",Tolong buatkan saya cerita 3 kalimat. Minimal ada 2 emoji di dalamnya.
demo-test-150,1001,124928,2025-08-06 08:10:23.000,15,Siti pergi ke pesta ulang tahun ?. Dia membawa hadiah dan balon ? untuk teman. Semua orang bersenang-senang dan menari!,Tolong buatkan saya cerita 3 kalimat. Minimal ada 2 emoji di dalamnya.
demo-test-169,1001,124945,2025-08-06 08:10:23.000,9,"Rina memiliki anjing kecil ? yang sangat lucu. Setiap pagi, mereka berjalan-jalan di taman ? dan bermain frisbee. Rina sangat senang karena anjingnya selalu bahagia! \n\nApa yang kamu lakukan dengan hewan peliharaanmu?",Tolong buatkan saya cerita 3 kalimat. Minimal ada 2 emoji di dalamnya.
demo-test-171,1001,124953,2025-08-06 08:10:23.000,9,"Di sebuah hutan, ada burung cantik ? yang bernyanyi. Dia bertemu dengan kelinci ? yang sedang mencari makanan. Mereka menjadi teman baik dan bermain bersama setiap hari! \n\nSiapa teman terbaikmu?",Tolong buatkan saya cerita 3 kalimat. Minimal ada 2 emoji di dalamnya.
demo-test-175,1001,124959,2025-08-06 08:10:23.000,9,"Seekor anjing kecil berlari di pantai. ? Dia menggali pasir dan menemukan kerang. ? Anjing itu sangat senang! \n\nKalau kamu punya hewan peliharaan, apa namanya?",Tolong buatkan saya cerita 3 kalimat. Minimal ada 2 emoji di dalamnya.
demo-test-176,1001,124933,2025-08-06 08:10:23.000,9,Saya pergi ke taman ? bersama teman-teman. Kami bermain frisbee dan tertawa ?. Hari itu sangat menyenangkan dan penuh kebahagiaan! \n\nApa aktivitas favoritmu di luar ruangan?,Tolong buatkan saya cerita 3 kalimat. Minimal ada 2 emoji di dalamnya.
demo-test-177,1001,124925,2025-08-06 08:10:23.000,9,"Hari ini, saya pergi ke pasar ?. Saya membeli buah-buahan segar ? dan sayuran. Pulang ke rumah, saya membuat salad yang enak! \n\nApa makanan favoritmu?",Tolong buatkan saya cerita 3 kalimat. Minimal ada 2 emoji di dalamnya.
demo-test-178,1001,124956,2025-08-06 08:10:23.000,9,Siti pergi ke pasar ? untuk membeli sayur dan buah. Dia melihat banyak warna-warni buah ? yang segar dan lezat. Siti pulang dengan senyum karena belanjaannya banyak! \n\nApa makanan favoritmu dari pasar?,Tolong buatkan saya cerita 3 kalimat. Minimal ada 2 emoji di dalamnya.
demo-test-179,1001,124936,2025-08-06 08:10:23.000,9,"Kucing saya sangat lucu ?. Dia suka bermain bola dan tidur di sinar matahari ☀️. Setiap hari, dia membuat saya tertawa!\n\nApa hewan peliharaan favoritmu?",Tolong buatkan saya cerita 3 kalimat. Minimal ada 2 emoji di dalamnya.
demo-test-180,1001,124961,2025-08-06 08:10:23.000,9,Saya berjalan-jalan di taman ? dan melihat bunga yang indah ?. Saya duduk di bangku dan membaca buku. Suasana sangat tenang dan menyenangkan! \n\nKamu suka membaca buku? Apa judulnya?,Tolong buatkan saya cerita 3 kalimat. Minimal ada 2 emoji di dalamnya.
demo-test-22,1001,124965,2025-08-06 08:10:24.000,35,"Di pagi hari, Mia pergi ke taman. ? Dia melihat burung-burung terbang dan bermain dengan teman-temannya. ? Semua orang tertawa dan bersenang-senang!",Tolong buatkan saya cerita 3 kalimat. Minimal ada 2 emoji di dalamnya.
demo-test-54,1001,124963,2025-08-06 08:10:24.000,15,"Ada seekor kucing ? yang suka bermain bola. Suatu hari, dia menemukan bola ajaib ? yang bisa terbang. Kucing itu sangat senang dan terbang tinggi di langit! \n\nApa kamu suka cerita ini? Kenapa?",Tolong buatkan saya cerita 3 kalimat. Minimal ada 2 emoji di dalamnya.
demo-test-172,1001,124964,2025-08-06 08:10:24.000,9,Ani pergi ke pantai ?️ bersama keluarganya. Mereka bermain pasir dan membuat istana pasir ?. Semua orang sangat bahagia! \n\nApa kamu suka pergi ke pantai?,Tolong buatkan saya cerita 3 kalimat. Minimal ada 2 emoji di dalamnya.
demo-test-115,1001,124966,2025-08-06 08:10:26.000,18,"Saya pergi ke taman bermain ? dan mencoba wahana yang seru. Saya berteriak kegirangan saat meluncur ke bawah ?. Setelah itu, saya makan permen kapas yang manis! \n\nWahana mana yang paling kamu suka di taman bermain?",Tolong buatkan saya cerita 3 kalimat. Minimal ada 2 emoji di dalamnya.
demo-test-6,1001,124967,2025-08-06 08:14:15.000,72,"Suatu hari, Mia menemukan kucing kecil di taman. ? Kucing itu sangat lucu dan menggemaskan! Mia memutuskan untuk membawanya pulang dan memberi nama ""Coco"". ?✨",Tolong buatkan saya cerita 3 kalimat. Minimal ada 2 emoji di dalamnya.
demo-test-69,1001,124973,2025-08-06 08:14:15.000,14,Siti memiliki seekor kucing lucu ?. Kucing itu selalu bermain dan tidur di tempat Siti. Mereka berdua sangat bahagia bersama ?. \n\nApa kamu punya hewan peliharaan?,Tolong buatkan saya cerita 3 kalimat. Minimal ada 2 emoji di dalamnya.
demo-test-75,1001,124970,2025-08-06 08:14:15.000,14,Kucing kecil bermain di halaman ?. Ia mengejar kupu-kupu yang terbang ?. Semua orang tertawa melihatnya! Apa hewan peliharaan yang kamu suka?,Tolong buatkan saya cerita 3 kalimat. Minimal ada 2 emoji di dalamnya.
demo-test-78,1001,124969,2025-08-06 08:14:15.000,13,"Ada seorang gadis bernama Sari ? yang suka menggambar. Suatu hari, dia menggambar pelangi ? yang indah di langit. Semua teman-temannya senang melihat karyanya!",Tolong buatkan saya cerita 3 kalimat. Minimal ada 2 emoji di dalamnya.
demo-test-79,1001,124974,2025-08-06 08:14:15.000,13,"Ali menemukan kucing kecil ? di taman. Dia memberi makan kucing itu dengan susu ?. Sekarang, mereka menjadi teman baik!",Tolong buatkan saya cerita 3 kalimat. Minimal ada 2 emoji di dalamnya.
demo-test-128,1001,124968,2025-08-06 08:14:15.000,16,Saya pergi ke bioskop ? bersama teman-teman. Kami menonton film komedi yang sangat lucu ?. Kami tertawa sampai perut sakit! \n\nFilm apa yang terakhir kamu tonton?,Tolong buatkan saya cerita 3 kalimat. Minimal ada 2 emoji di dalamnya.
demo-test-160,1001,124975,2025-08-06 08:14:15.000,10,"Malam ini, saya melihat bintang-bintang ⭐ di langit. Saya membuat keinginan dan berharap bisa terbang ke bulan ?. Rasanya sangat ajaib! \n\nApa kamu suka melihat bintang?",Tolong buatkan saya cerita 3 kalimat. Minimal ada 2 emoji di dalamnya.
demo-test-163,1001,124972,2025-08-06 08:14:15.000,9,"Rina memiliki kucing lucu ?. Kucing itu suka bermain bola benang ?. Setiap hari, mereka bermain bersama dan tertawa! \n\nPunya hewan peliharaan juga?",Tolong buatkan saya cerita 3 kalimat. Minimal ada 2 emoji di dalamnya.
demo-test-167,1001,124971,2025-08-06 08:14:15.000,10,"Di pagi hari, saya minum kopi ☕ dan membaca buku ?. Tiba-tiba, hujan turun dengan deras! Saya merasa nyaman di dalam rumah. \n\nApa yang kamu lakukan saat hujan?",Tolong buatkan saya cerita 3 kalimat. Minimal ada 2 emoji di dalamnya.
demo-test-12,1001,124995,2025-08-06 08:14:16.000,44,"Rudi pergi ke pantai bersama teman-temannya. ?️ Mereka bermain bola dan berenang di laut. Setelah itu, mereka menikmati es krim yang lezat! ?",Tolong buatkan saya cerita 3 kalimat. Minimal ada 2 emoji di dalamnya.
demo-test-13,1001,125002,2025-08-06 08:14:16.000,45,"Di sebuah desa, ada seorang petani yang menanam banyak bunga. ? Suatu hari, bunga-bunga itu mekar indah dan menarik banyak kupu-kupu. ? Petani itu sangat bahagia melihat taman yang penuh warna!",Tolong buatkan saya cerita 3 kalimat. Minimal ada 2 emoji di dalamnya.
demo-test-14,1001,124990,2025-08-06 08:14:16.000,44,"Di sebuah desa kecil, ada seorang anak bernama Budi. ? Suatu hari, Budi menemukan sebuah buku ajaib yang bisa berbicara! ? Buku itu membawanya ke petualangan seru di dunia lain.",Tolong buatkan saya cerita 3 kalimat. Minimal ada 2 emoji di dalamnya.
demo-test-15,1001,124985,2025-08-06 08:14:16.000,43,"Di pagi hari, saya bangun dan melihat matahari terbit ?. Saya pergi berlari di sekitar taman dan mendengar burung bernyanyi ?. Setelah itu, saya menikmati sarapan yang enak!",Tolong buatkan saya cerita 3 kalimat. Minimal ada 2 emoji di dalamnya.
demo-test-16,1001,124999,2025-08-06 08:14:16.000,44,"Di sebuah desa, ada seorang gadis bernama Sari yang sangat suka bunga. ? Suatu hari, dia menemukan bunga ajaib yang bisa berbicara! ? Bunga itu memberinya petunjuk untuk menemukan harta karun di hutan!",Tolong buatkan saya cerita 3 kalimat. Minimal ada 2 emoji di dalamnya.
demo-test-17,1001,124997,2025-08-06 08:14:16.000,44,"Di sebuah desa, ada seorang pemuda bernama Ardi. ? Suatu hari, dia menemukan harta karun di bawah pohon besar. ? Ardi sangat senang dan membagi harta itu dengan teman-temannya!",Tolong buatkan saya cerita 3 kalimat. Minimal ada 2 emoji di dalamnya.
demo-test-18,1001,124993,2025-08-06 08:14:16.000,46,"Di sebuah desa kecil, ada seorang petani yang menanam banyak sayuran. ? Suatu hari, dia menemukan wortel raksasa di kebunnya! ? Semua orang di desa datang untuk melihatnya dan merayakannya bersama!",Tolong buatkan saya cerita 3 kalimat. Minimal ada 2 emoji di dalamnya.
demo-test-22,1001,124991,2025-08-06 08:14:16.000,36,Rudi pergi ke pantai bersama keluarganya. ?️ Mereka bermain pasir dan membangun istana pasir yang besar. ? Semua orang sangat senang dan menikmati hari itu!,Tolong buatkan saya cerita 3 kalimat. Minimal ada 2 emoji di dalamnya.
demo-test-39,1001,124998,2025-08-06 08:14:16.000,26,"Di pantai yang indah, ada seorang anak bernama Budi. ?️ Dia membangun istana pasir yang besar dan mengundang teman-temannya untuk bermain. ? Semua orang senang dan tertawa bersama!",Tolong buatkan saya cerita 3 kalimat. Minimal ada 2 emoji di dalamnya.
demo-test-45,1001,124986,2025-08-06 08:14:16.000,20,Saya pergi ke pantai ?️ bersama teman-teman. Kami bermain air dan membangun istana pasir ?. Hari itu sangat menyenangkan dan penuh tawa!,Tolong buatkan saya cerita 3 kalimat. Minimal ada 2 emoji di dalamnya.
demo-test-46,1001,125007,2025-08-06 08:14:16.000,25,"Di sebuah desa kecil, ada seorang petani yang menanam banyak bunga. ? Suatu hari, bunga-bunga itu menarik perhatian kupu-kupu yang indah. ? Petani itu sangat senang melihat taman penuh warna!",Tolong buatkan saya cerita 3 kalimat. Minimal ada 2 emoji di dalamnya.
demo-test-48,1001,124987,2025-08-06 08:14:16.000,26,"Di taman, saya melihat burung ? yang indah. Saya memberi mereka makanan ? dan mereka datang dekat. Hari itu sangat menyenangkan!",Tolong buatkan saya cerita 3 kalimat. Minimal ada 2 emoji di dalamnya.
demo-test-49,1001,125005,2025-08-06 08:14:16.000,20,"Suatu hari, kucing kecil bernama Mimi menemukan bola warna-warni. ? Dia bermain dengan bola itu dan melompat-lompat dengan senang. ? Semua teman-temannya datang untuk bermain bersama!",Tolong buatkan saya cerita 3 kalimat. Minimal ada 2 emoji di dalamnya.
demo-test-67,1001,124994,2025-08-06 08:14:16.000,15,"Di pantai, seorang anak bermain dengan pasir ?️ dan membuat istana. Tiba-tiba, dia melihat ikan kecil ? melompat di air. Dia sangat senang dan berlari untuk memberitahu ibunya!",Tolong buatkan saya cerita 3 kalimat. Minimal ada 2 emoji di dalamnya.
demo-test-74,1001,124979,2025-08-06 08:14:16.000,17,"Di pantai, ada seorang anak ?️ yang membangun istana pasir. Tiba-tiba, ombak datang dan menghancurkan istananya! Anak itu tertawa dan membangun lagi dengan teman-temannya ?.",Tolong buatkan saya cerita 3 kalimat. Minimal ada 2 emoji di dalamnya.
demo-test-76,1001,124978,2025-08-06 08:14:16.000,13,"Di sebuah hutan, ada burung cantik ? yang bernyanyi merdu. Setiap pagi, ia bangun dan menyapa bunga-bunga ?. Semua hewan di hutan suka mendengarnya!",Tolong buatkan saya cerita 3 kalimat. Minimal ada 2 emoji di dalamnya.
demo-test-81,1001,125008,2025-08-06 08:14:16.000,13,A little bird ? learned to fly. It saw a beautiful rainbow ? in the sky. The bird felt very happy and sang a sweet song!,Tolong buatkan saya cerita 3 kalimat. Minimal ada 2 emoji di dalamnya.
demo-test-97,1001,124984,2025-08-06 08:14:16.000,12,"Suatu hari, Mia pergi ke taman. ? Dia melihat banyak bunga berwarna-warni dan kupu-kupu terbang. ? Mia sangat senang dan mengambil foto-foto!",Tolong buatkan saya cerita 3 kalimat. Minimal ada 2 emoji di dalamnya.
demo-test-109,1001,125003,2025-08-06 08:14:16.000,26,"Saya membuat pizza di rumah hari ini. ? Saya menambahkan keju, tomat, dan sosis. ? Pizza itu sangat enak dan semua orang menyukainya! \n\nApa topping pizza favoritmu?",Tolong buatkan saya cerita 3 kalimat. Minimal ada 2 emoji di dalamnya.
demo-test-112,1001,125011,2025-08-06 08:14:16.000,19,"Sari pergi ke pasar malam dengan keluarganya. ? Dia mencoba berbagai makanan enak, seperti gorengan dan kue. ? Sari sangat senang dan ingin kembali lagi! \n\nApa makanan favoritmu di pasar malam?",Tolong buatkan saya cerita 3 kalimat. Minimal ada 2 emoji di dalamnya.
demo-test-132,1001,124981,2025-08-06 08:14:16.000,17,"Di sebuah sekolah, anak-anak belajar dengan ceria. ? Suatu hari, mereka mengadakan lomba menggambar. ? Semua anak menunjukkan bakat mereka dan sangat senang! \n\nApa yang kamu suka gambar?",Tolong buatkan saya cerita 3 kalimat. Minimal ada 2 emoji di dalamnya.
demo-test-133,1001,124983,2025-08-06 08:14:16.000,17,"Hari sabtu, saya pergi ke pasar tradisional ?. Saya membeli buah-buahan segar ? dan sayuran. Setelah itu, saya memasak makanan enak untuk keluarga!",Tolong buatkan saya cerita 3 kalimat. Minimal ada 2 emoji di dalamnya.
demo-test-134,1001,124992,2025-08-06 08:14:16.000,17,"Di hutan, saya melihat seekor rusa ? yang cantik. Rusa itu melompat-lompat di antara pepohonan ?. Saya sangat senang melihatnya! \n\nApa hewan favoritmu?",Tolong buatkan saya cerita 3 kalimat. Minimal ada 2 emoji di dalamnya.
demo-test-136,1001,124980,2025-08-06 08:14:16.000,17,Andi bermain bola ⚽ dengan teman-temannya di lapangan. Mereka sangat senang dan tertawa ?. Andi mencetak gol dan semua bersorak! Apa olahraga favoritmu?,Tolong buatkan saya cerita 3 kalimat. Minimal ada 2 emoji di dalamnya.
demo-test-137,1001,124988,2025-08-06 08:14:16.000,17,"Pagi ini, saya bangun dan melihat matahari terbit ?. Saya membuat secangkir kopi ☕ dan duduk di teras. Suasana sangat tenang dan damai! \n\nApa yang biasanya kamu lakukan di pagi hari?",Tolong buatkan saya cerita 3 kalimat. Minimal ada 2 emoji di dalamnya.
demo-test-138,1001,125000,2025-08-06 08:14:16.000,17,"Kemarin, saya pergi bersepeda ? di taman. Saya melihat banyak bunga berwarna-warni ? dan merasakan angin segar. Setelah bersepeda, saya istirahat sambil menikmati minuman dingin. \n\nApa aktivitas favorit kamu di luar ruangan?",Tolong buatkan saya cerita 3 kalimat. Minimal ada 2 emoji di dalamnya.
demo-test-139,1001,125001,2025-08-06 08:14:16.000,17,"Di sore hari, saya pergi ke kebun ?. Saya melihat kupu-kupu berwarna-warni ? terbang di antara bunga-bunga. Rasanya sangat damai dan indah! \n\nApa bunga favoritmu?",Tolong buatkan saya cerita 3 kalimat. Minimal ada 2 emoji di dalamnya.
demo-test-153,1001,125006,2025-08-06 08:14:16.000,9,"Di sebuah desa, ada anjing pintar ? yang suka membantu orang. Suatu hari, dia menemukan seekor kucing ? yang tersesat. Anjing itu membawa kucing itu pulang ke rumahnya! \n\nSiapa yang lebih kamu suka, anjing atau kucing?",Tolong buatkan saya cerita 3 kalimat. Minimal ada 2 emoji di dalamnya.
demo-test-162,1001,124989,2025-08-06 08:14:16.000,10,Ali dan teman-temannya pergi bersepeda ?‍♂️ di taman. Mereka menemukan seekor anjing lucu ? yang sedang bermain. Semua orang senang dan bermain bersama anjing itu! \n\nPernahkah kamu punya hewan peliharaan?,Tolong buatkan saya cerita 3 kalimat. Minimal ada 2 emoji di dalamnya.
demo-test-164,1001,125009,2025-08-06 08:14:16.000,10,"Pagi ini, saya bangun dan melihat matahari terbit ?. Saya minum kopi sambil mendengarkan musik ?. Hari saya dimulai dengan penuh semangat!",Tolong buatkan saya cerita 3 kalimat. Minimal ada 2 emoji di dalamnya.
demo-test-165,1001,125004,2025-08-06 08:14:16.000,10,"Di pagi yang cerah, seorang gadis berjalan di taman. ? Dia melihat kupu-kupu terbang indah di sekitar bunga. ? Gadis itu tersenyum dan merasa sangat senang! \n\nApa warna bunga favoritmu?",Tolong buatkan saya cerita 3 kalimat. Minimal ada 2 emoji di dalamnya.
demo-test-166,1001,125010,2025-08-06 08:14:16.000,10,Lina dan teman-temannya pergi berkemah di gunung. ⛺️ Mereka membuat api unggun dan bercerita sampai larut malam. ? Lina merasa sangat bahagia bisa bersama teman-temannya. \n\nApa kegiatan favoritmu saat berkemah?,Tolong buatkan saya cerita 3 kalimat. Minimal ada 2 emoji di dalamnya.
demo-test-195,1001,124996,2025-08-06 08:14:16.000,10,"Hari ini, saya belajar memasak ?. Saya membuat kue coklat ? yang lezat. Semua teman saya suka kue itu! \n\nApa kue favoritmu?",Tolong buatkan saya cerita 3 kalimat. Minimal ada 2 emoji di dalamnya.
demo-test-197,1001,124977,2025-08-06 08:14:16.000,10,Ali pergi ke pasar ? untuk membeli buah. Dia memilih apel ? dan pisang. Ali pulang dengan senyum bahagia! \n\nBuah apa yang paling kamu suka?,Tolong buatkan saya cerita 3 kalimat. Minimal ada 2 emoji di dalamnya.
demo-test-198,1001,124976,2025-08-06 08:14:16.000,10,Ali dan Mira pergi ke pasar ? untuk membeli buah-buahan. Mereka melihat banyak warna-warni dan mencicipi buah manis ?. Mereka pulang dengan senyum lebar dan tas penuh! \n\nBuah apa yang paling kamu suka?,Tolong buatkan saya cerita 3 kalimat. Minimal ada 2 emoji di dalamnya.
demo-test-199,1001,124982,2025-08-06 08:14:16.000,10,"Di kota, ada seorang gadis bernama Sari ?. Dia suka menggambar dan membuat lukisan indah ?. Suatu hari, lukisannya dipamerkan di galeri seni!",Tolong buatkan saya cerita 3 kalimat. Minimal ada 2 emoji di dalamnya.
demo-test-20,1001,125013,2025-08-06 08:14:17.000,44,"Di sebuah desa, ada seorang petani yang menanam sayur-sayuran. ? Suatu hari, dia menemukan wortel raksasa di kebunnya! ? Petani itu sangat senang dan mengundang semua orang untuk merayakannya!",Tolong buatkan saya cerita 3 kalimat. Minimal ada 2 emoji di dalamnya.
demo-test-21,1001,125023,2025-08-06 08:14:17.000,35,"Di sebuah desa, ada seorang gadis bernama Sari yang suka menari. ? Suatu hari, dia menari di bawah sinar matahari dan semua orang menonton. ? Mereka semua clapping dan tersenyum, sangat senang melihat Sari!",Tolong buatkan saya cerita 3 kalimat. Minimal ada 2 emoji di dalamnya.
demo-test-23,1001,125018,2025-08-06 08:14:17.000,34,"Di sebuah hutan, seekor burung kecil bernama Bibi terbang tinggi. ?? Suatu hari, Bibi melihat pelangi yang indah setelah hujan. Dia terbang mendekat dan merasa sangat bahagia! ?",Tolong buatkan saya cerita 3 kalimat. Minimal ada 2 emoji di dalamnya.
demo-test-26,1001,125033,2025-08-06 08:14:17.000,31,"Di taman, ada seorang gadis bernama Siti. ? Dia melihat kupu-kupu berwarna-warni terbang di sekitar bunga. ? Siti sangat senang dan mencoba menangkapnya dengan lembut!",Tolong buatkan saya cerita 3 kalimat. Minimal ada 2 emoji di dalamnya.
demo-test-50,1001,125021,2025-08-06 08:14:17.000,20,"Di pantai, saya bermain pasir ?️. Saya membuat istana pasir yang besar ?. Semua teman saya datang dan ikut bermain!",Tolong buatkan saya cerita 3 kalimat. Minimal ada 2 emoji di dalamnya.
demo-test-51,1001,125027,2025-08-06 08:14:17.000,29,Seekor kucing ? berjalan di taman dan menemukan bola warna-warni. Kucing itu bermain dengan bola dan melompat-lompat dengan gembira ?. Semua teman-temannya datang untuk bergabung dan bermain bersama. \n\nSiapa teman bermain favoritmu?,Tolong buatkan saya cerita 3 kalimat. Minimal ada 2 emoji di dalamnya.
demo-test-54,1001,125029,2025-08-06 08:14:17.000,16,"Di sebuah hutan, ada seekor burung ? yang bernyanyi merdu. Suatu hari, dia menemukan bunga cantik ? di tepi sungai. Semua hewan datang mendengarkan lagu indahnya!\n\nApa kamu suka burung? Kenapa?",Tolong buatkan saya cerita 3 kalimat. Minimal ada 2 emoji di dalamnya.
demo-test-77,1001,125019,2025-08-06 08:14:17.000,13,Budi bermain bola di taman ⚽. Dia mencetak gol dan teman-temannya bersorak ?. Mereka semua sangat senang!,Tolong buatkan saya cerita 3 kalimat. Minimal ada 2 emoji di dalamnya.
demo-test-80,1001,125015,2025-08-06 08:14:17.000,13,"Di pantai, seorang anak ?️ membangun istana pasir. Dia sangat senang dan berharap istananya bisa tahan lama. Tiba-tiba, ombak datang dan menghancurkan istananya ?, tetapi dia tetap tersenyum!",Tolong buatkan saya cerita 3 kalimat. Minimal ada 2 emoji di dalamnya.
demo-test-101,1001,125030,2025-08-06 08:14:17.000,41,Saya pergi ke festival musik ?. Banyak penampil yang keren dan saya menari dengan teman-teman ?. Suasana sangat meriah dan penuh energi! \n\nApa lagu favoritmu yang ingin kamu dengar?,Tolong buatkan saya cerita 3 kalimat. Minimal ada 2 emoji di dalamnya.
demo-test-105,1001,125020,2025-08-06 08:14:17.000,29,Rizky dan teman-temannya pergi berkemah di hutan ?. Mereka membuat api unggun dan bercerita di malam hari ?. Rizky merasa sangat senang dan ingin berkemah lagi di lain waktu!\n\nApa pengalaman berkemah yang paling kamu ingat?,Tolong buatkan saya cerita 3 kalimat. Minimal ada 2 emoji di dalamnya.
demo-test-106,1001,125012,2025-08-06 08:14:17.000,23,"Di sebuah pulau kecil, ada seekor penguin lucu bernama Pingu ?. Pingu suka bermain di salju dan meluncur di es ❄️. Suatu hari, dia menemukan teman baru, seekor burung camar! \n\nApa hewan favoritmu di pulau?",Tolong buatkan saya cerita 3 kalimat. Minimal ada 2 emoji di dalamnya.
demo-test-107,1001,125025,2025-08-06 08:14:17.000,26,"Di malam hari, ada bulan ? yang bersinar terang di langit. Seorang anak laki-laki ? duduk di luar dan menceritakan cerita kepada teman-temannya. Mereka semua mendengarkan dengan penuh perhatian dan tertawa bersama! \n\nApa cerita favoritmu?",Tolong buatkan saya cerita 3 kalimat. Minimal ada 2 emoji di dalamnya.
demo-test-108,1001,125022,2025-08-06 08:14:17.000,26,"Di malam hari, bintang-bintang ⭐ bersinar di langit. Seorang anak kecil mengamati bintang dan membuat harapan. Tiba-tiba, bulan ? muncul dan menerangi segalanya! \n\nApa harapanmu saat melihat bintang?",Tolong buatkan saya cerita 3 kalimat. Minimal ada 2 emoji di dalamnya.
demo-test-110,1001,125024,2025-08-06 08:14:17.000,26,"Di sebuah taman, ada seorang gadis yang sedang menggambar ?. Ia melihat kupu-kupu cantik terbang di dekatnya ?. Gadis itu tersenyum dan menggambar kupu-kupu di kertasnya!",Tolong buatkan saya cerita 3 kalimat. Minimal ada 2 emoji di dalamnya.
demo-test-111,1001,125026,2025-08-06 08:14:17.000,19,Fajar bangun pagi dan melihat pelangi ? di langit. Dia sangat senang dan berlari ke luar untuk bermain. Fajar mengambil foto pelangi itu ? dan menunjukkan kepada teman-temannya! \n\nApa warna favoritmu dari pelangi?,Tolong buatkan saya cerita 3 kalimat. Minimal ada 2 emoji di dalamnya.
demo-test-135,1001,125017,2025-08-06 08:14:17.000,17,Lina pergi ke festival makanan ? di kota. Dia mencicipi berbagai makanan enak dan membeli kue ? untuk dibawa pulang. Lina sangat bahagia dan ingin kembali lagi!\n\nMakanan apa yang paling kamu suka?,Tolong buatkan saya cerita 3 kalimat. Minimal ada 2 emoji di dalamnya.
demo-test-142,1001,125032,2025-08-06 08:14:17.000,17,"Di sebuah danau, ada ikan cantik ? yang suka berenang. Suatu hari, ikan itu bertemu katak ? yang ingin belajar berenang. Mereka menjadi teman baik dan bermain bersama setiap hari! \n\nSiapa teman baikmu?",Tolong buatkan saya cerita 3 kalimat. Minimal ada 2 emoji di dalamnya.
demo-test-172,1001,125031,2025-08-06 08:14:17.000,10,Rina pergi ke kebun binatang ? dengan temannya. Mereka melihat banyak hewan lucu ? dan mengambil foto bersama. Hari itu sangat menyenangkan! \n\nHewan apa yang paling kamu suka?,Tolong buatkan saya cerita 3 kalimat. Minimal ada 2 emoji di dalamnya.
demo-test-193,1001,125028,2025-08-06 08:14:17.000,10,Budi pergi ke pasar ? bersama ibunya. Mereka membeli sayuran segar dan buah-buahan ?. Budi suka membantu ibunya! \n\nApa makanan favoritmu dari pasar?,Tolong buatkan saya cerita 3 kalimat. Minimal ada 2 emoji di dalamnya.
demo-test-194,1001,125014,2025-08-06 08:14:17.000,10,"Di pantai, ada seorang anak bernama Budi ?️. Budi membangun istana pasir yang sangat besar dan indah. Semua temannya datang bermain dan bersenang-senang bersama ?!\n\nApa kamu suka bermain di pantai?",Tolong buatkan saya cerita 3 kalimat. Minimal ada 2 emoji di dalamnya.
demo-test-196,1001,125016,2025-08-06 08:14:17.000,10,Budi pergi ke kebun binatang bersama keluarganya. ? Dia melihat singa dan gajah yang besar! ? Budi sangat senang dan mengambil banyak foto. \n\nKebun binatang mana yang ingin kamu kunjungi?,Tolong buatkan saya cerita 3 kalimat. Minimal ada 2 emoji di dalamnya.
demo-test-24,1001,125039,2025-08-06 08:14:19.000,35,"Di taman, saya melihat kupu-kupu ?. Kupu-kupu itu terbang dari bunga ke bunga ?. Saya sangat senang melihatnya!",Tolong buatkan saya cerita 3 kalimat. Minimal ada 2 emoji di dalamnya.
demo-test-25,1001,125045,2025-08-06 08:14:19.000,35,"Di sebuah desa, ada seorang petani bernama Budi. ? Suatu hari, dia menemukan telur emas di ladangnya! ? Semua orang sangat terkejut dan datang untuk melihatnya!",Tolong buatkan saya cerita 3 kalimat. Minimal ada 2 emoji di dalamnya.
demo-test-28,1001,125052,2025-08-06 08:14:19.000,31,"Di pantai, Budi menemukan kerang cantik ?. Dia bermain air dan membuat istana pasir ?. Semua teman-temannya bergabung dan bersenang-senang!",Tolong buatkan saya cerita 3 kalimat. Minimal ada 2 emoji di dalamnya.
demo-test-57,1001,125037,2025-08-06 08:14:19.000,20,"Di sebuah hutan ?, seekor burung kecil ? belajar terbang. Ia jatuh beberapa kali, tetapi tidak menyerah. Akhirnya, burung itu terbang tinggi dan merasa sangat bahagia!",Tolong buatkan saya cerita 3 kalimat. Minimal ada 2 emoji di dalamnya.
demo-test-58,1001,125053,2025-08-06 08:14:19.000,16,Seorang raja ? memiliki seekor kuda yang sangat cepat. Mereka balapan setiap pagi di taman ?. Raja selalu tersenyum saat menang!\n\nSiapa karakter favoritmu dalam cerita?,Tolong buatkan saya cerita 3 kalimat. Minimal ada 2 emoji di dalamnya.
demo-test-88,1001,125049,2025-08-06 08:14:19.000,13,"Di taman, ada burung cantik ? yang bernyanyi. Seorang anak kecil mendengarnya dan tersenyum ?. Mereka berdua menjadi teman baik!",Tolong buatkan saya cerita 3 kalimat. Minimal ada 2 emoji di dalamnya.
demo-test-89,1001,125042,2025-08-06 08:14:19.000,12,"Andi bermain sepak bola ⚽ dengan teman-temannya. Mereka sangat bersenang-senang di lapangan ?. Setelah bermain, mereka minum es teh bersama!",Tolong buatkan saya cerita 3 kalimat. Minimal ada 2 emoji di dalamnya.
demo-test-114,1001,125046,2025-08-06 08:14:19.000,19,Siti pergi ke taman bermain dan bermain ayunan ?. Dia sangat senang bermain dengan teman-temannya ?. Siti berjanji akan datang lagi besok! \n\nApa permainan favoritmu di taman?,Tolong buatkan saya cerita 3 kalimat. Minimal ada 2 emoji di dalamnya.
demo-test-117,1001,125055,2025-08-06 08:14:19.000,19,"Di sore hari, saya pergi ke kebun. ? Saya melihat kupu-kupu terbang di antara bunga. ? Suasana sangat indah dan menenangkan!\n\nApa jenis bunga favoritmu?",Tolong buatkan saya cerita 3 kalimat. Minimal ada 2 emoji di dalamnya.
demo-test-143,1001,125047,2025-08-06 08:14:19.000,17,"Di sebuah kebun, ada seekor kucing ? yang tidur di bawah pohon. Tiba-tiba, seekor kupu-kupu ? datang dan mengganggunya. Kucing itu terbangun dan berusaha menangkap kupu-kupu dengan lucu!",Tolong buatkan saya cerita 3 kalimat. Minimal ada 2 emoji di dalamnya.
demo-test-144,1001,125043,2025-08-06 08:14:19.000,17,"Di suatu sore, saya pergi ke pasar ?. Saya membeli buah-buahan segar ? dan sayuran. Setelah itu, saya pulang dan memasak makanan enak! \n\nApa makanan favorit kamu?",Tolong buatkan saya cerita 3 kalimat. Minimal ada 2 emoji di dalamnya.
demo-test-145,1001,125035,2025-08-06 08:14:19.000,17,"Di sebuah desa, ada seorang petani ? yang menanam sayuran segar. Suatu hari, dia menemukan seekor kelinci ? yang suka mencuri wortel. Mereka akhirnya menjadi teman dan berbagi sayuran!  \n\nApa sayuran favoritmu?",Tolong buatkan saya cerita 3 kalimat. Minimal ada 2 emoji di dalamnya.
demo-test-150,1001,125040,2025-08-06 08:14:19.000,16,Rudi membuat kue coklat ? di dapur. Dia menghias kue dengan buah-buahan ?. Semua keluarga sangat suka dan memuji Rudi!,Tolong buatkan saya cerita 3 kalimat. Minimal ada 2 emoji di dalamnya.
demo-test-168,1001,125038,2025-08-06 08:14:19.000,10,"Budi menemukan kucing kecil ? di jalan. Dia membawanya pulang dan memberi makan. Sekarang, mereka bermain bersama setiap hari! ?",Tolong buatkan saya cerita 3 kalimat. Minimal ada 2 emoji di dalamnya.
demo-test-169,1001,125044,2025-08-06 08:14:19.000,10,"Budi dan teman-temannya pergi ke bioskop ? untuk menonton film baru. Mereka membeli popcorn ? dan tertawa selama film. Setelah itu, mereka pergi makan bersama! \n\nFilm apa yang kamu suka tonton?",Tolong buatkan saya cerita 3 kalimat. Minimal ada 2 emoji di dalamnya.
demo-test-171,1001,125050,2025-08-06 08:14:19.000,10,"Di pagi hari, matahari bersinar ☀️ di langit biru. Seorang anak laki-laki berlari ke sekolah dengan tasnya ?. Dia sangat senang bertemu teman-temannya di kelas! \n\nApa yang kamu lakukan di sekolah?",Tolong buatkan saya cerita 3 kalimat. Minimal ada 2 emoji di dalamnya.
demo-test-173,1001,125034,2025-08-06 08:14:19.000,10,"Budi menemukan kucing lucu di jalan ?. Dia membawanya pulang dan memberi nama ""Mimi"" ?. Sekarang, Budi dan Mimi adalah teman baik! \n\nApa hewan peliharaan yang kamu suka?",Tolong buatkan saya cerita 3 kalimat. Minimal ada 2 emoji di dalamnya.
demo-test-175,1001,125051,2025-08-06 08:14:19.000,10,Seorang gadis sedang membaca buku di taman. ? Dia melihat kupu-kupu terbang di sekitar bunga. ? Gadis itu tersenyum dan merasa bahagia! \n\nApa jenis buku yang kamu suka baca?,Tolong buatkan saya cerita 3 kalimat. Minimal ada 2 emoji di dalamnya.
demo-test-176,1001,125054,2025-08-06 08:14:19.000,10,"Pada suatu hari, saya pergi ke pasar ?. Saya membeli buah-buahan segar ? dan sayuran. Setelah itu, saya pulang dan membuat salad yang enak! \n\nApa makanan favoritmu?",Tolong buatkan saya cerita 3 kalimat. Minimal ada 2 emoji di dalamnya.
demo-test-177,1001,125041,2025-08-06 08:14:19.000,10,"Pagi ini, saya berjalan di pantai ?. Saya menemukan kerang cantik ? dan mengambil foto. Rasanya sangat menyenangkan! \n\nApa yang kamu suka lakukan di pantai?",Tolong buatkan saya cerita 3 kalimat. Minimal ada 2 emoji di dalamnya.
demo-test-179,1001,125036,2025-08-06 08:14:19.000,10,Saya pergi ke pasar ? dan membeli buah-buahan segar ?. Ada banyak orang dan warna-warni sayuran. Saya senang melihat semua makanan!\n\nApa makanan favoritmu di pasar?,Tolong buatkan saya cerita 3 kalimat. Minimal ada 2 emoji di dalamnya.
demo-test-200,1001,125048,2025-08-06 08:14:19.000,4,"Tentu! Ini ceritanya:\n\nKemarin, saya pergi ke pantai ?️. Saya bermain pasir dan membangun istana pasir ?. Saya sangat senang melihat ombak!\n\nApakah kamu suka pergi ke pantai?",Tolong buatkan saya cerita 3 kalimat. Minimal ada 2 emoji di dalamnya.
demo-test-27,1001,125082,2025-08-06 08:14:20.000,35,"Di taman, ada seorang anak bernama Budi yang sedang terbang layang-layang. ? Angin bertiup kencang dan layang-layangnya terbang tinggi di langit biru. ☀️ Budi sangat senang dan tertawa bahagia!",Tolong buatkan saya cerita 3 kalimat. Minimal ada 2 emoji di dalamnya.
demo-test-29,1001,125078,2025-08-06 08:14:20.000,35,"Di sebuah desa kecil, ada seorang anak bernama Budi ? yang suka bermain di sungai. Suatu hari, dia menemukan ikan berwarna-warni ? yang melompat-lompat. Budi sangat senang dan berjanji untuk menjaga sungai itu!",Tolong buatkan saya cerita 3 kalimat. Minimal ada 2 emoji di dalamnya.
demo-test-30,1001,125067,2025-08-06 08:14:20.000,32,"Di taman, ada burung berwarna cerah yang bernyanyi. ? Semua orang berhenti dan mendengarkan suara indahnya. Setelah itu, mereka semua tersenyum dan bertepuk tangan! ?",Tolong buatkan saya cerita 3 kalimat. Minimal ada 2 emoji di dalamnya.
demo-test-47,1001,125083,2025-08-06 08:14:20.000,25,"Di sebuah desa, ada burung cantik bernama Bella. ? Setiap pagi, Bella bernyanyi indah dan membuat semua orang tersenyum. ? Suara Bella membuat hari mereka lebih ceria!",Tolong buatkan saya cerita 3 kalimat. Minimal ada 2 emoji di dalamnya.
demo-test-52,1001,125073,2025-08-06 08:14:20.000,20,"Di sebuah desa, ada seorang raja ? yang baik hati. Dia memberi makanan kepada semua orang yang lapar ?. Semua penduduk sangat senang dan mencintainya!",Tolong buatkan saya cerita 3 kalimat. Minimal ada 2 emoji di dalamnya.
demo-test-53,1001,125064,2025-08-06 08:14:20.000,14,"Di sebuah hutan, ada seekor burung ? yang bernyanyi indah. Semua hewan mendengarkan dan merasa bahagia ?. Burung itu menjadi bintang hutan! \n\nCerita ini menarik, bukan? Apa kamu suka burung?",Tolong buatkan saya cerita 3 kalimat. Minimal ada 2 emoji di dalamnya.
demo-test-55,1001,125068,2025-08-06 08:14:20.000,16,Seorang anak kecil ? menemukan kucing lucu di taman. Kucing itu sangat manja dan suka bermain. Mereka menjadi teman baik dan bermain setiap hari ?.  \n\nSiapa teman baikmu?,Tolong buatkan saya cerita 3 kalimat. Minimal ada 2 emoji di dalamnya.
demo-test-56,1001,125079,2025-08-06 08:14:20.000,19,"Di sebuah desa, seorang anak ? menemukan sebutir telur ajaib. Dari telur itu, muncul seekor ? naga kecil yang lucu. Mereka berdua menjadi sahabat dan berpetualang bersama! \n\nSuka cerita ini?",Tolong buatkan saya cerita 3 kalimat. Minimal ada 2 emoji di dalamnya.
demo-test-59,1001,125074,2025-08-06 08:14:20.000,16,"Di pantai, seorang gadis melihat ikan ? yang berwarna-warni. Ia sangat senang dan mulai bermain di air ?. Ikan-ikan itu menari di sekitar kakinya. \n\nApa kamu suka pergi ke pantai?",Tolong buatkan saya cerita 3 kalimat. Minimal ada 2 emoji di dalamnya.
demo-test-60,1001,125070,2025-08-06 08:14:20.000,16,Anak-anak bermain di pantai ?️. Mereka membuat istana pasir ? yang besar. Semua orang senang dan tertawa!\n\nApa aktivitas favoritmu di pantai?,Tolong buatkan saya cerita 3 kalimat. Minimal ada 2 emoji di dalamnya.
demo-test-82,1001,125056,2025-08-06 08:14:20.000,13,"Di sebuah taman, ada anjing ceria ? yang suka berlari. Ia bertemu dengan teman barunya, seekor burung cantik ?. Mereka bermain bersama dan sangat bahagia!",Tolong buatkan saya cerita 3 kalimat. Minimal ada 2 emoji di dalamnya.
demo-test-83,1001,125071,2025-08-06 08:14:20.000,13,"Ada seorang gadis bernama Lina yang suka menggambar. ? Suatu hari, dia menggambar pelangi yang indah di langit. ? Semua teman-temannya datang dan senang melihat karyanya!",Tolong buatkan saya cerita 3 kalimat. Minimal ada 2 emoji di dalamnya.
demo-test-84,1001,125058,2025-08-06 08:14:20.000,13,"Budi has a colorful kite ?. Every Sunday, he flies it in the park ?. He feels happy when the kite is high!",Tolong buatkan saya cerita 3 kalimat. Minimal ada 2 emoji di dalamnya.
demo-test-85,1001,125061,2025-08-06 08:14:20.000,13,"Di sebuah desa, ada seorang gadis ? yang suka menari. Setiap pagi, dia menari di bawah sinar matahari ☀️. Semua orang di desa senang melihatnya dan ikut menari!",Tolong buatkan saya cerita 3 kalimat. Minimal ada 2 emoji di dalamnya.
demo-test-86,1001,125077,2025-08-06 08:14:20.000,16,"Di sebuah desa, ada burung cantik ? yang bernyanyi setiap pagi. Semua orang datang untuk mendengarnya dan merasa bahagia ?. Suatu hari, burung itu terbang jauh, tetapi kenangannya selalu ada.",Tolong buatkan saya cerita 3 kalimat. Minimal ada 2 emoji di dalamnya.
demo-test-87,1001,125059,2025-08-06 08:14:20.000,13,"Di taman, Siti menemukan kucing lucu ?. Dia memberi makan kucing itu dengan ikan. Sekarang, Siti dan kucing itu adalah teman baik! ?",Tolong buatkan saya cerita 3 kalimat. Minimal ada 2 emoji di dalamnya.
demo-test-90,1001,125062,2025-08-06 08:14:20.000,13,Saya pergi ke pantai ?️ dan bermain di pasir. Saya melihat banyak ikan ? yang berwarna-warni di laut. Hari itu sangat menyenangkan dan saya ingin kembali!,Tolong buatkan saya cerita 3 kalimat. Minimal ada 2 emoji di dalamnya.
demo-test-113,1001,125081,2025-08-06 08:14:20.000,18,"Saya pergi berkemah di hutan ?. Malamnya, saya melihat bintang-bintang yang bersinar ⭐. Kami membuat api unggun dan bercerita! \n\nApa aktivitas outdoor favoritmu?",Tolong buatkan saya cerita 3 kalimat. Minimal ada 2 emoji di dalamnya.
demo-test-118,1001,125069,2025-08-06 08:14:20.000,19,"Ali pergi ke taman bermain ? dengan keluarganya. Dia sangat senang naik wahana dan tertawa bersama adiknya ?. Setelah itu, mereka makan es krim untuk menyegarkan diri! \n\nWahana apa yang paling kamu suka?",Tolong buatkan saya cerita 3 kalimat. Minimal ada 2 emoji di dalamnya.
demo-test-119,1001,125072,2025-08-06 08:14:20.000,19,"Di kebun, ada seekor ayam ? yang bertelur. Telur-telur itu berwarna kuning dan sangat lucu ?. Semua orang datang untuk melihatnya! \n\nApa hewan peliharaan yang kamu suka?",Tolong buatkan saya cerita 3 kalimat. Minimal ada 2 emoji di dalamnya.
demo-test-120,1001,125066,2025-08-06 08:14:20.000,19,"Toni menemukan telur burung di taman. ? Dia merawat telur itu dengan penuh kasih sayang. ❤️ Suatu hari, telur itu menetas dan burung kecil keluar! \n\nPernahkah kamu melihat telur burung?",Tolong buatkan saya cerita 3 kalimat. Minimal ada 2 emoji di dalamnya.
demo-test-140,1001,125075,2025-08-06 08:14:20.000,17,"Di sebuah kota, ada seorang gadis ? yang suka melukis. Suatu hari, dia melukis pelangi ? di dinding taman. Semua orang yang lewat tersenyum melihat karyanya! \n\nApa warna favoritmu untuk melukis?",Tolong buatkan saya cerita 3 kalimat. Minimal ada 2 emoji di dalamnya.
demo-test-141,1001,125065,2025-08-06 08:14:20.000,15,"Budi pergi ke bioskop bersama teman-temannya. ? Mereka menonton film aksi yang seru dan penuh petualangan. ? Setelah itu, mereka makan popcorn dan tertawa bersama! \n\nFilm apa yang terakhir kamu tonton?",Tolong buatkan saya cerita 3 kalimat. Minimal ada 2 emoji di dalamnya.
demo-test-147,1001,125060,2025-08-06 08:14:20.000,17,"Siti pergi ke pasar pagi ini ? dan membeli buah-buahan ?. Dia sangat senang karena ada banyak pilihan. Setelah belanja, Siti pulang dan membuat smoothie! Apa kamu suka minuman buah?",Tolong buatkan saya cerita 3 kalimat. Minimal ada 2 emoji di dalamnya.
demo-test-148,1001,125080,2025-08-06 08:14:20.000,17,"Di taman, ada seekor anjing ? yang berlari-lari. Ia bermain frisbee dengan pemiliknya ?. Semua orang tersenyum melihat mereka bersenang-senang! \n\nApakah kamu punya hewan peliharaan?",Tolong buatkan saya cerita 3 kalimat. Minimal ada 2 emoji di dalamnya.
demo-test-149,1001,125076,2025-08-06 08:14:20.000,16,"Rina membuat kue coklat di dapur ?. Dia menambahkan banyak coklat dan taburan warna-warni ?. Setelah matang, kue itu terlihat sangat lezat dan siap untuk dimakan! \n\nKamu suka membuat kue juga?",Tolong buatkan saya cerita 3 kalimat. Minimal ada 2 emoji di dalamnya.
demo-test-170,1001,125084,2025-08-06 08:14:20.000,10,"Kemarin, saya pergi ke pasar ?. Saya membeli buah-buahan segar ? dan sayuran. Di rumah, saya membuat salad yang lezat! \n\nApa makanan favorit kamu?",Tolong buatkan saya cerita 3 kalimat. Minimal ada 2 emoji di dalamnya.
demo-test-174,1001,125063,2025-08-06 08:14:20.000,10,"Di pagi hari, saya melihat matahari terbit. ? Warnanya sangat indah dan membuat saya merasa bahagia. ? Saya menikmati secangkir kopi sambil mendengarkan burung bernyanyi. \n\nApa yang kamu lakukan di pagi hari?",Tolong buatkan saya cerita 3 kalimat. Minimal ada 2 emoji di dalamnya.
demo-test-180,1001,125057,2025-08-06 08:14:20.000,10,"Hari ini, saya pergi ke kafe ☕ dan pesan kopi. Sambil menunggu, saya melihat teman lama saya ?. Kami berbincang dan tertawa bersama! \n\nSiapa teman terbaik kamu?",Tolong buatkan saya cerita 3 kalimat. Minimal ada 2 emoji di dalamnya.
demo-test-19,1001,125085,2025-08-06 08:14:21.000,44,"Di sebuah desa, ada seorang gadis bernama Siti yang suka melukis. ? Suatu hari, dia melukis pemandangan indah dan menunjukkan kepada teman-temannya. ? Semua orang senang dan memuji karyanya!",Tolong buatkan saya cerita 3 kalimat. Minimal ada 2 emoji di dalamnya.
demo-test-115,1001,125087,2025-08-06 08:14:21.000,19,"Saya pergi ke kafe ☕ dan memesan kopi favorit saya. Sambil menunggu, saya membaca buku ? yang menarik. Setelah kopi datang, saya merasa sangat bahagia! \n\nApa jenis buku yang kamu suka?",Tolong buatkan saya cerita 3 kalimat. Minimal ada 2 emoji di dalamnya.
demo-test-116,1001,125086,2025-08-06 08:14:21.000,19,"Hari ini, saya pergi ke taman ? dan bermain frisbee. Saya bertemu teman-teman dan kami tertawa bersama ?. Sore itu sangat menyenangkan dan penuh keceriaan! \n\nApa aktivitas favoritmu di taman?",Tolong buatkan saya cerita 3 kalimat. Minimal ada 2 emoji di dalamnya.
demo-test-146,1001,125088,2025-08-06 08:14:21.000,17,"Di hutan, ada seekor beruang ? yang sangat suka madu. Suatu hari, dia menemukan sarang lebah ? dan sangat senang. Dia menikmati madu itu sambil menari di bawah sinar matahari! \n\nApa makanan favoritmu?",Tolong buatkan saya cerita 3 kalimat. Minimal ada 2 emoji di dalamnya.
demo-test-178,1001,125089,2025-08-06 08:14:21.000,10,"Doni dan temannya, Budi, pergi ke pantai ?️ untuk bermain pasir. Mereka membuat istana pasir yang sangat besar ? dan lucu. Setelah itu, mereka berenang dan bersenang-senang di laut! \n\nApa kegiatan favoritmu di pantai?",Tolong buatkan saya cerita 3 kalimat. Minimal ada 2 emoji di dalamnya.
demo-test-91,1001,125090,2025-08-06 08:15:36.000,12,"Hari ini, saya pergi ke taman ?. Di sana, saya melihat banyak burung terbang ?. Saya sangat senang dan mengambil foto!",Tolong buatkan saya cerita 3 kalimat. Minimal ada 2 emoji di dalamnya.
demo-test-92,1001,125091,2025-08-06 08:15:36.000,12,"Ada seekor kucing lucu ? yang suka bermain bola. Suatu hari, dia bertemu anjing besar ? di taman. Mereka menjadi teman baik dan bermain bersama setiap hari!",Tolong buatkan saya cerita 3 kalimat. Minimal ada 2 emoji di dalamnya.
demo-test-35,1001,125093,2025-08-06 08:15:37.000,17,"Suatu hari, Rina pergi ke taman. ? Di sana, dia melihat banyak bunga warna-warni dan kupu-kupu terbang. ? Rina sangat senang dan mengambil foto untuk diingat!",Tolong buatkan saya cerita 3 kalimat. Minimal ada 2 emoji di dalamnya.
demo-test-64,1001,125092,2025-08-06 08:15:37.000,15,"Di hutan, ada seekor burung ? yang bernyanyi merdu. Semua hewan berkumpul dan mendengarkan lagu indahnya ?. Burung itu membuat semua orang bahagia! Apa kamu suka mendengarkan musik?",Tolong buatkan saya cerita 3 kalimat. Minimal ada 2 emoji di dalamnya.
demo-test-66,1001,125095,2025-08-06 08:15:37.000,17,"Once upon a time, a cat ? found a big fish ? in the river. The cat was very happy and shared it with its friends. They all had a fun picnic by the river! What is your favorite animal?",Tolong buatkan saya cerita 3 kalimat. Minimal ada 2 emoji di dalamnya.
demo-test-97,1001,125094,2025-08-06 08:15:37.000,13,"Ali dan teman-temannya bermain sepak bola di lapangan. ⚽ Mereka sangat menikmati permainan dan tertawa bersama. ? Setelah bermain, mereka makan es krim!",Tolong buatkan saya cerita 3 kalimat. Minimal ada 2 emoji di dalamnya.
demo-test-1,1001,125118,2025-08-06 08:15:38.000,23,"Suatu hari, saya pergi ke pantai ?️. Saya melihat banyak orang bermain bola dan bersenang-senang. Saya juga membangun istana pasir dengan teman-teman saya ?!",Tolong buatkan saya cerita 3 kalimat. Minimal ada 2 emoji di dalamnya.
demo-test-2,1001,125096,2025-08-06 08:15:38.000,2,"Once upon a time, a little cat ? found a big fish ? in the river. The cat was very happy and danced around! Everyone in the village smiled at the cat's fun dance! ?",Tolong buatkan saya cerita 3 kalimat. Minimal ada 2 emoji di dalamnya.
demo-test-3,1001,125122,2025-08-06 08:15:38.000,18,"Suatu hari, seekor kucing kecil ? menemukan bola berwarna-warni ? di taman. Kucing itu bermain dengan bola dan sangat senang! Semua teman-temannya datang untuk bermain bersama!",Tolong buatkan saya cerita 3 kalimat. Minimal ada 2 emoji di dalamnya.
demo-test-4,1001,125115,2025-08-06 08:15:38.000,85,"Suatu hari, Mia menemukan kucing kecil di taman. ? Kucing itu sangat lucu dan mengikutinya pulang. Mereka menjadi teman baik dan bermain setiap hari! ?",Tolong buatkan saya cerita 3 kalimat. Minimal ada 2 emoji di dalamnya.
demo-test-5,1001,125110,2025-08-06 08:15:38.000,88,"Suatu hari, Rina pergi ke taman ? dan melihat banyak bunga berwarna-warni. Dia sangat senang dan mengambil foto dengan teman-temannya ?. Mereka bermain dan tertawa sampai sore datang!",Tolong buatkan saya cerita 3 kalimat. Minimal ada 2 emoji di dalamnya.
demo-test-7,1001,125102,2025-08-06 08:15:38.000,73,"Di sebuah desa, ada seorang petani bernama Budi. ? Suatu pagi, dia menemukan burung cantik yang terjatuh dari sarangnya. ? Budi merawat burung itu sampai bisa terbang kembali!",Tolong buatkan saya cerita 3 kalimat. Minimal ada 2 emoji di dalamnya.
demo-test-8,1001,125099,2025-08-06 08:15:38.000,71,"Suatu hari, Mia menemukan kucing kecil di taman. ? Dia memberinya makan dan menamainya ""Coco"". Mereka menjadi teman baik dan selalu bermain bersama. ?",Tolong buatkan saya cerita 3 kalimat. Minimal ada 2 emoji di dalamnya.
demo-test-12,1001,125103,2025-08-06 08:15:38.000,45,"Siti menemukan buku ajaib di perpustakaan. ? Setiap kali dia membacanya, cerita-cerita di dalamnya menjadi hidup! ? Siti sangat senang menjelajahi dunia baru itu.",Tolong buatkan saya cerita 3 kalimat. Minimal ada 2 emoji di dalamnya.
demo-test-13,1001,125123,2025-08-06 08:15:38.000,46,"Di tepi laut, ada seorang anak yang suka bermain pasir. ?️ Suatu hari, dia membangun kastil pasir yang sangat besar. ? Semua teman-temannya datang untuk melihat dan bermain bersama!",Tolong buatkan saya cerita 3 kalimat. Minimal ada 2 emoji di dalamnya.
demo-test-23,1001,125121,2025-08-06 08:15:38.000,35,Ada seorang raja yang sangat baik hati. ?❤️ Dia selalu membantu rakyatnya dan membuat pesta setiap tahun. Semua orang sangat senang dan merayakan bersama! ?,Tolong buatkan saya cerita 3 kalimat. Minimal ada 2 emoji di dalamnya.
demo-test-31,1001,125117,2025-08-06 08:15:38.000,26,"Di sebuah desa, ada seekor burung cantik bernama Lala. ? Suatu hari, Lala menyanyikan lagu indah dan semua hewan datang untuk mendengarkan. ? Mereka berdansa dan merayakan kebahagiaan bersama!",Tolong buatkan saya cerita 3 kalimat. Minimal ada 2 emoji di dalamnya.
demo-test-32,1001,125114,2025-08-06 08:15:38.000,20,"Di taman, saya melihat kupu-kupu berwarna-warni. ? Saya juga memberi makan burung dengan biji. ? Hari itu sangat menyenangkan dan ceria!",Tolong buatkan saya cerita 3 kalimat. Minimal ada 2 emoji di dalamnya.
demo-test-40,1001,125108,2025-08-06 08:15:38.000,20,"Hari ini, saya pergi ke pantai ?️ dan melihat banyak ikan berwarna-warni ?. Saya bermain di air dan membuat istana pasir yang besar. Sangat menyenangkan dan saya ingin kembali lagi!",Tolong buatkan saya cerita 3 kalimat. Minimal ada 2 emoji di dalamnya.
demo-test-42,1001,125113,2025-08-06 08:15:38.000,20,"Di pagi hari yang cerah, seorang gadis kecil ? pergi ke kebun. Dia melihat kupu-kupu ? berwarna-warni terbang di sekitar bunga. Gadis itu tersenyum dan mulai mengejar kupu-kupu itu dengan gembira!",Tolong buatkan saya cerita 3 kalimat. Minimal ada 2 emoji di dalamnya.
demo-test-46,1001,125097,2025-08-06 08:15:38.000,26,Anna pergi ke pantai bersama teman-temannya. ?️ Mereka bermain voli dan membangun istana pasir yang besar. ? Semua orang sangat senang dan tertawa!,Tolong buatkan saya cerita 3 kalimat. Minimal ada 2 emoji di dalamnya.
demo-test-47,1001,125107,2025-08-06 08:15:38.000,26,Ada seorang raja yang sangat baik. ? Dia selalu membantu rakyatnya dan memberikan makanan. ? Semua orang mencintai raja dan hidup bahagia!,Tolong buatkan saya cerita 3 kalimat. Minimal ada 2 emoji di dalamnya.
demo-test-54,1001,125120,2025-08-06 08:15:38.000,17,"Ada seekor anjing ? yang sangat setia kepada pemiliknya. Suatu hari, mereka pergi ke taman ? dan bermain frisbee bersama. Mereka tertawa dan sangat bahagia!\n\nApa kamu punya hewan peliharaan? Ceritakan!",Tolong buatkan saya cerita 3 kalimat. Minimal ada 2 emoji di dalamnya.
demo-test-61,1001,125098,2025-08-06 08:15:38.000,14,"Ada seekor kucing bernama Mia. ? Mia suka bermain bola dan berlari di taman. Suatu hari, Mia menemukan teman baru, seekor anjing bernama Max! ? Apa kamu suka kucing atau anjing?",Tolong buatkan saya cerita 3 kalimat. Minimal ada 2 emoji di dalamnya.
demo-test-63,1001,125100,2025-08-06 08:15:38.000,14,"Di sebuah taman, seorang anak bermain dengan anjingnya ?. Mereka berlari dan tertawa di bawah sinar matahari ☀️. Tiba-tiba, mereka menemukan bola warna-warni yang tergeletak di rumput! Apa yang ingin kamu lakukan jika kamu menemukan bola itu?",Tolong buatkan saya cerita 3 kalimat. Minimal ada 2 emoji di dalamnya.
demo-test-67,1001,125112,2025-08-06 08:15:38.000,16,"Di hutan, seekor kelinci ? berlari cepat mencari wortel. Ia bertemu dengan kura-kura ? yang berjalan pelan. Kelinci berkata, ""Ayo kita bermain bersama!""",Tolong buatkan saya cerita 3 kalimat. Minimal ada 2 emoji di dalamnya.
demo-test-69,1001,125111,2025-08-06 08:15:38.000,15,Doni pergi ke taman ? dan melihat banyak bunga berwarna-warni. Dia bermain frisbee dengan teman-temannya ? dan tertawa sangat keras. Mereka menikmati hari yang cerah! \n\nApa yang kamu suka lakukan di taman?,Tolong buatkan saya cerita 3 kalimat. Minimal ada 2 emoji di dalamnya.
demo-test-71,1001,125101,2025-08-06 08:15:38.000,13,Ali suka bersepeda ? di taman setiap sore. Dia melihat banyak bunga berwarna-warni ? di sekelilingnya. Bersepeda membuat Ali merasa bahagia! Apa kamu suka berolahraga?,Tolong buatkan saya cerita 3 kalimat. Minimal ada 2 emoji di dalamnya.
demo-test-72,1001,125119,2025-08-06 08:15:38.000,11,"Di taman, ada anjing ceria ? yang berlari-lari. Dia menemukan teman baru, kucing kecil ? yang malu. Mereka bermain bersama hingga senja! Siapa teman bermainmu?",Tolong buatkan saya cerita 3 kalimat. Minimal ada 2 emoji di dalamnya.
demo-test-76,1001,125104,2025-08-06 08:15:38.000,14,"Di pantai yang indah, ada seorang anak kecil yang membangun istana pasir ?. Ia sangat senang dan mengundang teman-temannya untuk bermain ?. Semua orang tertawa dan menikmati hari yang cerah!",Tolong buatkan saya cerita 3 kalimat. Minimal ada 2 emoji di dalamnya.
demo-test-81,1001,125109,2025-08-06 08:15:38.000,14,A playful dog ? found a ball in the park. It ran fast and played with its owner. They both had so much fun! ?,Tolong buatkan saya cerita 3 kalimat. Minimal ada 2 emoji di dalamnya.
demo-test-83,1001,125116,2025-08-06 08:15:38.000,14,"Di hutan, ada seekor burung cantik bernama Bella. ? Suatu pagi, Bella menemukan bunga berwarna-warni yang wangi. ? Dia sangat senang dan bernyanyi untuk merayakan keindahan bunga itu!",Tolong buatkan saya cerita 3 kalimat. Minimal ada 2 emoji di dalamnya.
demo-test-93,1001,125124,2025-08-06 08:15:38.000,12,"Ada seekor kucing lucu ? yang suka bermain bola. Suatu hari, kucing itu menemukan teman baru, seekor anjing ?. Mereka bermain bersama dan sangat bahagia!",Tolong buatkan saya cerita 3 kalimat. Minimal ada 2 emoji di dalamnya.
demo-test-95,1001,125105,2025-08-06 08:15:38.000,13,"Di taman, ada anjing lucu ? yang berlari cepat. Dia melihat seekor kupu-kupu cantik ? dan mengikuti terbangnya. Anjing itu sangat senang bermain di taman!",Tolong buatkan saya cerita 3 kalimat. Minimal ada 2 emoji di dalamnya.
demo-test-96,1001,125106,2025-08-06 08:15:38.000,12,"Ada seorang kucing lucu ? yang suka bermain bola. Suatu hari, ia menemukan bola berwarna merah ? dan mulai berlari. Semua teman-temannya ikut bermain dan sangat senang!",Tolong buatkan saya cerita 3 kalimat. Minimal ada 2 emoji di dalamnya.
demo-test-33,1001,125133,2025-08-06 08:15:39.000,19,"Suatu hari, Mia melihat kucing lucu di taman. ? Kucing itu berlari ke arahnya dan mengedipkan mata. Mia sangat senang dan bermain dengannya! ?",Tolong buatkan saya cerita 3 kalimat. Minimal ada 2 emoji di dalamnya.
demo-test-34,1001,125128,2025-08-06 08:15:39.000,18,"Suatu hari, Mia menemukan kucing kecil ? di taman. Kucing itu tampak lapar, jadi Mia memberinya makanan. Sekarang, Mia dan kucing itu menjadi teman baik! ❤️",Tolong buatkan saya cerita 3 kalimat. Minimal ada 2 emoji di dalamnya.
demo-test-38,1001,125126,2025-08-06 08:15:39.000,19,"Suatu hari, seorang kucing bernama Mimi menemukan bola benang yang berwarna-warni. ? Dia bermain dengan gembira, melompat dan berputar di halaman. ? Semua teman-temannya datang untuk bergabung dan mereka bersenang-senang bersama!",Tolong buatkan saya cerita 3 kalimat. Minimal ada 2 emoji di dalamnya.
demo-test-51,1001,125127,2025-08-06 08:15:39.000,30,Seorang raja ? mengadakan pesta besar di istana. Semua orang di desa datang untuk merayakan ? dan menikmati makanan lezat. Mereka menari dan bernyanyi sampai malam tiba. \n\nApa makanan favoritmu di pesta?,Tolong buatkan saya cerita 3 kalimat. Minimal ada 2 emoji di dalamnya.
demo-test-65,1001,125129,2025-08-06 08:15:39.000,15,"Di sebuah taman ?, ada seorang anak bernama Budi. Dia suka bermain bola ⚽ dengan teman-temannya setiap sore. Mereka selalu tertawa dan bersenang-senang! Apa permainan favoritmu?",Tolong buatkan saya cerita 3 kalimat. Minimal ada 2 emoji di dalamnya.
demo-test-88,1001,125125,2025-08-06 08:15:39.000,14,"Di pantai, ada seorang gadis yang membangun istana pasir ?. Dia menemukan kerang cantik ? dan sangat senang. Teman-temannya datang untuk bermain bersama!",Tolong buatkan saya cerita 3 kalimat. Minimal ada 2 emoji di dalamnya.
demo-test-94,1001,125131,2025-08-06 08:15:39.000,12,"Once upon a time, a cat ? found a big fish in the river. The cat was very happy and shared the fish with its friend, the dog ?. They enjoyed a delicious meal together!",Tolong buatkan saya cerita 3 kalimat. Minimal ada 2 emoji di dalamnya.
demo-test-98,1001,125132,2025-08-06 08:15:39.000,12,"Sebuah kucing kecil ? berjalan di taman. Ia melihat burung terbang ? dan ingin bermain. Kucing itu melompat tinggi untuk menangkap burung, tetapi burung itu terbang jauh!",Tolong buatkan saya cerita 3 kalimat. Minimal ada 2 emoji di dalamnya.
demo-test-99,1001,125130,2025-08-06 08:15:39.000,15,"Ada seekor kucing bernama Mimi. ? Mimi suka bermain bola dan berlari di taman. Suatu hari, dia bertemu anjing lucu dan mereka jadi teman! ?",Tolong buatkan saya cerita 3 kalimat. Minimal ada 2 emoji di dalamnya.
demo-test-37,1001,125134,2025-08-06 08:15:40.000,24,"Suatu hari, seorang kucing lucu bernama Mia menemukan bola berwarna-warni. ?? Dia bermain dengan bola itu dan sangat senang! Semua teman-temannya datang untuk bergabung dan bermain bersama. ?",Tolong buatkan saya cerita 3 kalimat. Minimal ada 2 emoji di dalamnya.
demo-test-85,1001,125135,2025-08-06 08:15:40.000,14,"Di pantai, anak-anak membangun istana pasir ? yang besar. Mereka bermain air dan bercanda sambil tertawa ?. Hari itu sangat menyenangkan dan penuh kebahagiaan!",Tolong buatkan saya cerita 3 kalimat. Minimal ada 2 emoji di dalamnya.
demo-test-6,1001,125176,2025-08-06 08:15:41.000,73,"Di sebuah desa, ada seorang petani bernama Budi. ? Suatu hari, ia menemukan benih ajaib yang bisa tumbuh cepat. ? Dalam semalam, kebunnya penuh dengan sayuran segar!",Tolong buatkan saya cerita 3 kalimat. Minimal ada 2 emoji di dalamnya.
demo-test-10,1001,125142,2025-08-06 08:15:41.000,3,"Sure! Here it is:\n\nLina loves to read books ?. One day, she found a magic book ✨. The book took her to a wonderful world!",Tolong buatkan saya cerita 3 kalimat. Minimal ada 2 emoji di dalamnya.
demo-test-11,1001,125175,2025-08-06 08:15:41.000,43,"Di pantai, seorang gadis menemukan kerang indah. ? Dia sangat senang dan menunjukkan kepada temannya. ? Mereka berdua bermain di air dan menikmati hari yang cerah!",Tolong buatkan saya cerita 3 kalimat. Minimal ada 2 emoji di dalamnya.
demo-test-14,1001,125156,2025-08-06 08:15:41.000,45,"Lina pergi ke pantai bersama keluarganya. ?️ Mereka bermain pasir dan membangun istana yang besar! ? Saat matahari terbenam, semuanya merasa sangat bahagia.",Tolong buatkan saya cerita 3 kalimat. Minimal ada 2 emoji di dalamnya.
demo-test-16,1001,125147,2025-08-06 08:15:41.000,45,"Di pantai, ada seorang anak bernama Rina yang suka bermain bola. ⚽ Suatu hari, dia menemukan kerang cantik di pasir. ? Rina sangat senang dan menunjukkan kerang itu kepada teman-temannya!",Tolong buatkan saya cerita 3 kalimat. Minimal ada 2 emoji di dalamnya.
demo-test-18,1001,125177,2025-08-06 08:15:41.000,47,"Di tepi laut, ada seorang nelayan yang menangkap ikan setiap pagi. ? Suatu hari, dia menangkap ikan emas yang bisa berbicara! ? Ikan itu memberinya tiga permintaan, dan nelayan sangat bahagia!",Tolong buatkan saya cerita 3 kalimat. Minimal ada 2 emoji di dalamnya.
demo-test-19,1001,125165,2025-08-06 08:15:41.000,45,"Ada seekor burung bernama Lili yang terbang tinggi di langit. ? Suatu hari, dia melihat pelangi yang indah setelah hujan. ? Lili sangat senang dan bernyanyi merdu!",Tolong buatkan saya cerita 3 kalimat. Minimal ada 2 emoji di dalamnya.
demo-test-20,1001,125149,2025-08-06 08:15:41.000,45,Seekor burung kecil terbang tinggi di langit biru. ? Dia melihat taman yang penuh bunga berwarna-warni. ? Burung itu sangat senang dan bernyanyi merdu!,Tolong buatkan saya cerita 3 kalimat. Minimal ada 2 emoji di dalamnya.
demo-test-24,1001,125160,2025-08-06 08:15:41.000,36,"Hari ini, saya pergi ke pasar ?. Saya membeli buah-buahan segar ? dan sayuran. Pulang ke rumah, saya memasak makanan sehat!",Tolong buatkan saya cerita 3 kalimat. Minimal ada 2 emoji di dalamnya.
demo-test-26,1001,125153,2025-08-06 08:15:41.000,32,"Ada seekor anjing bernama Milo yang sangat ceria. ? Suatu hari, Milo menemukan bola merah di taman. ⚽ Dia sangat senang dan mulai berlari mengejar bola itu!",Tolong buatkan saya cerita 3 kalimat. Minimal ada 2 emoji di dalamnya.
demo-test-28,1001,125139,2025-08-06 08:15:41.000,32,Siti pergi ke pasar ?. Dia membeli buah-buahan segar dan sayuran ?. Siti pulang dengan senyuman dan tas penuh!,Tolong buatkan saya cerita 3 kalimat. Minimal ada 2 emoji di dalamnya.
demo-test-29,1001,125174,2025-08-06 08:15:41.000,36,"Di hutan yang rimbun, ada seekor burung cantik ? yang bernyanyi setiap pagi. Suatu hari, burung itu bertemu dengan kupu-kupu ? yang juga suka bernyanyi. Mereka menjadi teman baik dan sering bernyanyi bersama!",Tolong buatkan saya cerita 3 kalimat. Minimal ada 2 emoji di dalamnya.
demo-test-30,1001,125150,2025-08-06 08:15:41.000,33,"Seorang gadis kecil menemukan buku ajaib di perpustakaan. ? Setiap kali dia membuka buku itu, cerita-cerita menari keluar dan mengajaknya berpetualang. ? Dia sangat senang dan tidak sabar untuk membaca lebih banyak!",Tolong buatkan saya cerita 3 kalimat. Minimal ada 2 emoji di dalamnya.
demo-test-36,1001,125155,2025-08-06 08:15:41.000,18,"Di sebuah taman, ada seekor anjing ? yang berlari-lari dengan senang. Dia menemukan teman baru, seekor burung kecil ? yang cantik. Mereka bermain bersama dan menjadi sahabat selamanya!",Tolong buatkan saya cerita 3 kalimat. Minimal ada 2 emoji di dalamnya.
demo-test-39,1001,125161,2025-08-06 08:15:41.000,27,"Di hutan yang rimbun, seekor kelinci bernama Lili suka melompat. ? Suatu hari, dia menemukan bunga cantik yang berwarna-warni. ? Lili mengajak semua teman-temannya untuk melihat keindahan bunga itu!",Tolong buatkan saya cerita 3 kalimat. Minimal ada 2 emoji di dalamnya.
demo-test-44,1001,125178,2025-08-06 08:15:41.000,20,"Di hutan yang indah, seekor burung ? bernyanyi merdu setiap pagi. Suatu hari, burung itu bertemu dengan rusa ? yang sedang mencari makanan. Mereka menjadi teman baik dan bermain bersama setiap hari!",Tolong buatkan saya cerita 3 kalimat. Minimal ada 2 emoji di dalamnya.
demo-test-48,1001,125152,2025-08-06 08:15:41.000,27,"Alice memiliki kucing lucu ?. Setiap pagi, kucing itu mengejar bola benang ?. Mereka selalu bermain bersama dan sangat bahagia!",Tolong buatkan saya cerita 3 kalimat. Minimal ada 2 emoji di dalamnya.
demo-test-49,1001,125162,2025-08-06 08:15:41.000,21,Ada seorang raja yang sangat baik hati. ? Dia selalu membantu rakyatnya dan membuat pesta besar setiap tahun. ? Semua orang sangat bahagia dan mencintainya!,Tolong buatkan saya cerita 3 kalimat. Minimal ada 2 emoji di dalamnya.
demo-test-50,1001,125164,2025-08-06 08:15:41.000,21,Saya pergi ke pasar ? dan melihat buah-buahan segar. Saya membeli apel ? dan pisang. Makan buah-buahan itu membuat saya sehat dan bahagia!,Tolong buatkan saya cerita 3 kalimat. Minimal ada 2 emoji di dalamnya.
demo-test-52,1001,125148,2025-08-06 08:15:41.000,21,Seorang petani menanam sayuran di ladang ?. Sayuran tumbuh subur dan berwarna-warni ?. Dia menjualnya di pasar dan semua orang senang!,Tolong buatkan saya cerita 3 kalimat. Minimal ada 2 emoji di dalamnya.
demo-test-53,1001,125173,2025-08-06 08:15:41.000,15,"Di pantai, ada seorang anak ? yang membangun istana pasir. Dia sangat senang bermain di bawah sinar matahari ☀️. Teman-temannya datang dan ikut membangun istana yang besar! \n\nApa kamu suka bermain di pantai?",Tolong buatkan saya cerita 3 kalimat. Minimal ada 2 emoji di dalamnya.
demo-test-55,1001,125163,2025-08-06 08:15:41.000,17,"Di pantai, seorang gadis ?️ membangun istana pasir yang besar. Tiba-tiba, ombak datang dan menghancurkannya. Gadis itu tertawa dan mulai membangun lagi bersama teman-temannya ?.  \n\nApa kamu suka bermain di pantai?",Tolong buatkan saya cerita 3 kalimat. Minimal ada 2 emoji di dalamnya.
demo-test-56,1001,125171,2025-08-06 08:15:41.000,20,"Suatu hari, seekor kucing ? menemukan bola benang merah. Kucing itu bermain dengan bola dan melompat-lompat dengan gembira. Tiba-tiba, seekor anjing ? datang dan ikut bermain bersamanya! \n\nBagaimana menurutmu tentang cerita ini?",Tolong buatkan saya cerita 3 kalimat. Minimal ada 2 emoji di dalamnya.
demo-test-57,1001,125146,2025-08-06 08:15:41.000,21,"Di pantai ?️, seorang anak membangun istana pasir ?. Ia sangat senang dan mengundang teman-temannya bermain. Mereka semua tertawa dan menikmati hari yang cerah!",Tolong buatkan saya cerita 3 kalimat. Minimal ada 2 emoji di dalamnya.
demo-test-58,1001,125167,2025-08-06 08:15:41.000,17,Seorang gadis kecil ? menemukan sebuah kotak harta karun. Di dalamnya ada perhiasan berkilau ✨ dan peta petualangan. Dia sangat senang dan siap untuk berpetualang!\n\nApa petualangan yang ingin kamu lakukan?,Tolong buatkan saya cerita 3 kalimat. Minimal ada 2 emoji di dalamnya.
demo-test-59,1001,125170,2025-08-06 08:15:41.000,17,"Di hutan, seekor burung ? bernyanyi merdu. Semua hewan mendengarkan dan ikut menari ?. Mereka merayakan kebahagiaan bersama. \n\nApa kamu suka mendengarkan musik?",Tolong buatkan saya cerita 3 kalimat. Minimal ada 2 emoji di dalamnya.
demo-test-60,1001,125145,2025-08-06 08:15:41.000,17,Seekor anjing ? berlari di taman. Ia mengejar bola ⚽ dengan cepat. Semua orang tersenyum melihatnya!\n\nApa kamu punya hewan peliharaan?,Tolong buatkan saya cerita 3 kalimat. Minimal ada 2 emoji di dalamnya.
demo-test-62,1001,125138,2025-08-06 08:15:41.000,14,"Ada seekor kucing lucu ? yang suka bermain bola. Suatu hari, kucing itu menemukan bola berwarna merah ? dan mulai berlari. Semua teman-temannya datang dan bermain bersamanya! Apa hewan peliharaan favoritmu?",Tolong buatkan saya cerita 3 kalimat. Minimal ada 2 emoji di dalamnya.
demo-test-68,1001,125137,2025-08-06 08:15:41.000,15,Budi loves to play football. ⚽ He practices every afternoon with his friends. They have fun and enjoy the game! ?\n\nWhat sport do you like?,Tolong buatkan saya cerita 3 kalimat. Minimal ada 2 emoji di dalamnya.
demo-test-70,1001,125157,2025-08-06 08:15:41.000,31,"Suatu hari, seorang anak bernama Rina menemukan kucing kecil di taman. ? Rina merawat kucing itu dan memberi nama ""Mimi"". Mereka menjadi teman baik dan bermain bersama setiap hari. ? Apa kamu suka hewan peliharaan?",Tolong buatkan saya cerita 3 kalimat. Minimal ada 2 emoji di dalamnya.
demo-test-73,1001,125166,2025-08-06 08:15:41.000,14,"Di suatu desa, ada seorang anak bernama Budi yang suka berlari. ?‍♂️ Suatu hari, dia menemukan kupu-kupu cantik berwarna-warni. ? Budi mengikuti kupu-kupu itu dan menemukan taman rahasia yang indah!",Tolong buatkan saya cerita 3 kalimat. Minimal ada 2 emoji di dalamnya.
demo-test-74,1001,125158,2025-08-06 08:15:41.000,18,"Ada seekor anjing ? yang sangat suka berlari di taman. Suatu hari, dia menemukan bola merah dan mulai bermain. Anjing itu sangat senang dan menggonggong dengan gembira! ?",Tolong buatkan saya cerita 3 kalimat. Minimal ada 2 emoji di dalamnya.
demo-test-75,1001,125172,2025-08-06 08:15:41.000,15,"Di pantai, anak-anak membangun istana pasir ?. Mereka menemukan kerang cantik di tepi laut ?. Semua orang sangat bahagia! Apa kamu suka pantai?",Tolong buatkan saya cerita 3 kalimat. Minimal ada 2 emoji di dalamnya.
demo-test-77,1001,125141,2025-08-06 08:15:41.000,14,Ani pergi ke pantai ?️ bersama keluarga. Mereka bermain pasir dan membuat istana pasir ?. Semua orang sangat bahagia!,Tolong buatkan saya cerita 3 kalimat. Minimal ada 2 emoji di dalamnya.
demo-test-78,1001,125168,2025-08-06 08:15:41.000,14,"Di taman, ada seekor anjing ? yang sangat ceria. Dia bermain frisbee dengan pemiliknya dan melompat tinggi. Semua orang di taman tertawa melihat keceriaannya! ?",Tolong buatkan saya cerita 3 kalimat. Minimal ada 2 emoji di dalamnya.
demo-test-79,1001,125144,2025-08-06 08:15:41.000,14,Rina pergi ke pantai ?️ bersama teman-temannya. Mereka bermain voli dan membuat istana pasir ?. Hari itu sangat menyenangkan!,Tolong buatkan saya cerita 3 kalimat. Minimal ada 2 emoji di dalamnya.
demo-test-80,1001,125154,2025-08-06 08:15:41.000,14,"Di hutan, seekor burung ? bernyanyi indah. Semua hewan berkumpul dan mendengarkan lagu burung itu. Mereka merasa bahagia dan menari bersama di bawah pohon ?.",Tolong buatkan saya cerita 3 kalimat. Minimal ada 2 emoji di dalamnya.
demo-test-82,1001,125140,2025-08-06 08:15:41.000,14,Seorang gadis kecil pergi ke pantai ?️. Dia membangun istana pasir yang sangat besar ?. Semua orang terkesima melihat hasil karyanya!,Tolong buatkan saya cerita 3 kalimat. Minimal ada 2 emoji di dalamnya.
demo-test-84,1001,125136,2025-08-06 08:15:41.000,14,Siti loves to bake cookies ?. She shares them with her friends ?. Everyone enjoys her delicious cookies!,Tolong buatkan saya cerita 3 kalimat. Minimal ada 2 emoji di dalamnya.
demo-test-86,1001,125143,2025-08-06 08:15:41.000,17,"Di pantai, seorang anak menemukan kerang indah ?. Ia menunjukkan kerang itu kepada ibunya dan mereka berdua tersenyum ?. Mereka mengumpulkan lebih banyak kerang untuk dibawa pulang.",Tolong buatkan saya cerita 3 kalimat. Minimal ada 2 emoji di dalamnya.
demo-test-89,1001,125151,2025-08-06 08:15:41.000,13,Rina pergi ke pantai ?️ bersama keluarganya. Mereka bermain pasir dan membangun istana ?. Rina sangat bahagia melihat ombak!,Tolong buatkan saya cerita 3 kalimat. Minimal ada 2 emoji di dalamnya.
demo-test-90,1001,125159,2025-08-06 08:15:41.000,14,"Kemarin, saya pergi ke pasar ? dan membeli buah-buahan segar. Saya melihat banyak orang yang tersenyum dan berbicara. Setelah itu, saya pulang dan membuat smoothie ? yang lezat!",Tolong buatkan saya cerita 3 kalimat. Minimal ada 2 emoji di dalamnya.
demo-test-100,1001,125169,2025-08-06 08:15:41.000,13,Seorang anak bernama Budi pergi ke pantai ?. Dia menemukan kerang cantik dan sangat senang. Budi bermain pasir dan membuat istana ?!,Tolong buatkan saya cerita 3 kalimat. Minimal ada 2 emoji di dalamnya.
demo-test-9,1001,125181,2025-08-06 08:15:42.000,72,"Di sebuah desa kecil, ada seekor kucing bernama Milo yang suka berpetualang. ? Suatu hari, Milo menemukan harta karun di bawah pohon besar! ? Dia sangat senang dan mengundang teman-temannya untuk merayakannya.",Tolong buatkan saya cerita 3 kalimat. Minimal ada 2 emoji di dalamnya.
demo-test-15,1001,125183,2025-08-06 08:15:42.000,44,"Suatu hari, saya pergi ke pantai ?️ dengan teman-teman. Kami bermain voli dan berenang di laut ?. Setelah itu, kami menikmati makan siang bersama!",Tolong buatkan saya cerita 3 kalimat. Minimal ada 2 emoji di dalamnya.
demo-test-17,1001,125184,2025-08-06 08:15:42.000,45,"Siti pergi ke pantai bersama teman-temannya. ?️ Mereka bermain voli dan berenang di laut. ? Setelah seharian bersenang-senang, mereka menikmati es krim yang lezat! ?",Tolong buatkan saya cerita 3 kalimat. Minimal ada 2 emoji di dalamnya.
demo-test-22,1001,125185,2025-08-06 08:15:42.000,37,Siti membeli es krim di toko. ? Dia sangat senang karena ada rasa cokelat favoritnya. ? Siti duduk di taman sambil menikmati es krimnya!,Tolong buatkan saya cerita 3 kalimat. Minimal ada 2 emoji di dalamnya.
demo-test-25,1001,125187,2025-08-06 08:15:42.000,36,"Di tepi pantai, Anisa menemukan kerang cantik. ? Dia sangat senang dan membawanya pulang. ? Kerang itu menjadi kenang-kenangan indah dari liburannya!",Tolong buatkan saya cerita 3 kalimat. Minimal ada 2 emoji di dalamnya.
demo-test-27,1001,125188,2025-08-06 08:15:42.000,36,"Di pantai, Sari membuat istana pasir yang besar. ?️ Ia sangat bangga dengan karyanya dan mengundang teman-temannya untuk bermain. ? Semua orang bersenang-senang di bawah sinar matahari!",Tolong buatkan saya cerita 3 kalimat. Minimal ada 2 emoji di dalamnya.
demo-test-41,1001,125180,2025-08-06 08:15:42.000,20,"Di sebuah desa kecil, ada seekor kucing lucu ?. Kucing itu suka bermain di halaman dan mengejar bola ?. Semua anak-anak di desa mencintainya!",Tolong buatkan saya cerita 3 kalimat. Minimal ada 2 emoji di dalamnya.
demo-test-43,1001,125186,2025-08-06 08:15:42.000,20,"Di pantai, seorang anak kecil ?️ menemukan kerang indah. Ia sangat senang dan menunjukkan kepada ibunya ?‍?. Mereka berdua lalu membuat koleksi kerang bersama!",Tolong buatkan saya cerita 3 kalimat. Minimal ada 2 emoji di dalamnya.
demo-test-45,1001,125179,2025-08-06 08:15:42.000,21,"Hari ini, saya pergi ke pasar ?. Saya melihat banyak sayuran dan buah-buahan yang segar ?. Saya membeli apel dan wortel untuk makan malam!",Tolong buatkan saya cerita 3 kalimat. Minimal ada 2 emoji di dalamnya.
demo-test-87,1001,125182,2025-08-06 08:15:42.000,14,Ali pergi ke pantai dan melihat ombak yang besar ?. Dia bermain pasir dan membangun istana ?. Semua teman-temannya bergabung dan mereka bersenang-senang!,Tolong buatkan saya cerita 3 kalimat. Minimal ada 2 emoji di dalamnya.
demo-test-21,1001,125189,2025-08-06 08:15:45.000,36,"Di hutan, ada seekor kelinci bernama Lili yang suka berlari. ? Suatu hari, Lili menemukan teman baru, seekor burung cantik. ? Mereka bermain bersama dan sangat bahagia!",Tolong buatkan saya cerita 3 kalimat. Minimal ada 2 emoji di dalamnya.
demo-test-2,1001,125199,2025-08-06 22:51:40.000,1,"Hello, demo-test-2! Great to see you again! ? Yesterday, we talked about the importance of learning English. You're making progress! What topic would you like to discuss today? Grammar, vocabulary, or something else? Let me know!",NULL
demo-test-2,1001,125201,2025-08-07 01:42:06.000,2,"It looks like you typed ""p."" No worries! ? Can you tell me what you want to learn today? Maybe a new word or a fun grammar rule? Let's chat!",p
demo-test-2,1001,125202,2025-08-07 01:42:52.000,3,"Oops! Just ""p"" again! ? Maybe you're trying to say something? Don't worry! You can write any word or question. What are you curious about in English?",p
demo-test-2,1001,125203,2025-08-07 01:43:37.000,4,"Hmm, still just ""p""! ? No problem! If you're unsure, how about this: What's your favorite English word? Or do you want to learn a new one? Let’s have some fun!",p
demo-test-2,1024,125204,2025-08-07 01:44:17.000,5,Tentu! Mari kita mulai. Apa hobi kamu akhir-akhir ini? Jawabanmu akan membantu saya memahami minatmu lebih baik!,p
demo-test-2,1001,125205,2025-08-07 01:44:32.000,6,"Menarik! Hobi bisa membuat kita bahagia dan belajar banyak hal baru. ? Sekarang, mari kita kembali ke belajar bahasa Inggris. Apakah kamu ingin belajar kosakata baru atau mungkin cara menggunakan kalimat sederhana?",t
demo-test-2,1001,125217,2025-08-07 02:23:15.000,7,Learning English opens many doors! ?✨ What do you think?,Give me 1 sentence about the importance of learning English. Max 5 words.
demo-test-10,1001,125219,2025-08-07 02:23:15.000,4,Learning English opens many doors.,Give me 1 sentence about the importance of learning English. Max 5 words.
demo-test-19,1001,125218,2025-08-07 02:23:15.000,46,English builds friendships across cultures!,Give me 1 sentence about the importance of learning English. Max 5 words.
demo-test-22,1001,125221,2025-08-07 02:23:15.000,38,English connects you to knowledge! ?,Give me 1 sentence about the importance of learning English. Max 5 words.
demo-test-38,1001,125215,2025-08-07 02:23:15.000,20,English helps you travel easily. Where do you want to go? ✈️,Give me 1 sentence about the importance of learning English. Max 5 words.
demo-test-39,1001,125216,2025-08-07 02:23:15.000,28,English helps you understand others! ? Who do you want to understand better?,Give me 1 sentence about the importance of learning English. Max 5 words.
demo-test-41,1001,125220,2025-08-07 02:23:15.000,21,English is vital for understanding. What do you find challenging in English?,Give me 1 sentence about the importance of learning English. Max 5 words.
demo-test-1,1001,125230,2025-08-07 02:23:16.000,24,English helps you find jobs. What do you want to practice today?,Give me 1 sentence about the importance of learning English. Max 5 words.
demo-test-3,1001,125224,2025-08-07 02:23:16.000,19,English helps you make friends! ??,Give me 1 sentence about the importance of learning English. Max 5 words.
demo-test-5,1001,125226,2025-08-07 02:23:16.000,89,Boosts confidence in communication skills.,Give me 1 sentence about the importance of learning English. Max 5 words.
demo-test-6,1001,125223,2025-08-07 02:23:16.000,74,English is essential for communication!,Give me 1 sentence about the importance of learning English. Max 5 words.
demo-test-8,1001,125227,2025-08-07 02:23:16.000,72,English is essential for education. ?,Give me 1 sentence about the importance of learning English. Max 5 words.
demo-test-9,1001,125222,2025-08-07 02:23:16.000,73,English helps access global information.,Give me 1 sentence about the importance of learning English. Max 5 words.
demo-test-20,1001,125238,2025-08-07 02:23:16.000,46,Enhances understanding of global cultures! ?,Give me 1 sentence about the importance of learning English. Max 5 words.
demo-test-21,1001,125235,2025-08-07 02:23:16.000,37,English allows you to travel! ✈️,Give me 1 sentence about the importance of learning English. Max 5 words.
demo-test-23,1001,125234,2025-08-07 02:23:16.000,36,English is key for travel! ✈️,Give me 1 sentence about the importance of learning English. Max 5 words.
demo-test-24,1001,125231,2025-08-07 02:23:16.000,37,English boosts confidence in communication! ?✨,Give me 1 sentence about the importance of learning English. Max 5 words.
demo-test-37,1001,125228,2025-08-07 02:23:16.000,25,English helps you share ideas! ?? What ideas do you want to share?,Give me 1 sentence about the importance of learning English. Max 5 words.
demo-test-40,1001,125225,2025-08-07 02:23:16.000,21,English helps in global understanding. What do you think about that?,Give me 1 sentence about the importance of learning English. Max 5 words.
demo-test-42,1001,125237,2025-08-07 02:23:16.000,21,English helps you make friends. Do you have friends who speak English?,Give me 1 sentence about the importance of learning English. Max 5 words.
demo-test-43,1001,125232,2025-08-07 02:23:16.000,21,English is essential for travel! Where would you like to go? ✈️,Give me 1 sentence about the importance of learning English. Max 5 words.
demo-test-46,1001,125236,2025-08-07 02:23:16.000,27,English helps you make friends! ?✨,Give me 1 sentence about the importance of learning English. Max 5 words.
demo-test-47,1001,125229,2025-08-07 02:23:16.000,27,English helps you travel better! ✈️ Where do you want to visit?,Give me 1 sentence about the importance of learning English. Max 5 words.
demo-test-50,1001,125233,2025-08-07 02:23:16.000,22,English is key for education. What is your favorite book? ??,Give me 1 sentence about the importance of learning English. Max 5 words.
demo-test-4,1001,125239,2025-08-07 02:23:17.000,86,Essential for career advancement.,Give me 1 sentence about the importance of learning English. Max 5 words.
demo-test-7,1001,125258,2025-08-07 02:23:17.000,74,English connects you to opportunities.,Give me 1 sentence about the importance of learning English. Max 5 words.
demo-test-11,1001,125249,2025-08-07 02:23:17.000,44,English builds friendships across borders! ?,Give me 1 sentence about the importance of learning English. Max 5 words.
demo-test-12,1001,125254,2025-08-07 02:23:17.000,46,Unlocks opportunities for personal growth! ?,Give me 1 sentence about the importance of learning English. Max 5 words.
demo-test-13,1001,125259,2025-08-07 02:23:17.000,47,English enhances global understanding!,Give me 1 sentence about the importance of learning English. Max 5 words.
demo-test-15,1001,125253,2025-08-07 02:23:17.000,45,English connects you to the world!,Give me 1 sentence about the importance of learning English. Max 5 words.
demo-test-16,1001,125261,2025-08-07 02:23:17.000,46,English bridges cultural and language gaps! ?✨,Give me 1 sentence about the importance of learning English. Max 5 words.
demo-test-18,1001,125250,2025-08-07 02:23:17.000,48,English enables global friendships easily! ?,Give me 1 sentence about the importance of learning English. Max 5 words.
demo-test-25,1001,125252,2025-08-07 02:23:17.000,37,English helps you travel better! ✈️?,Give me 1 sentence about the importance of learning English. Max 5 words.
demo-test-26,1001,125256,2025-08-07 02:23:17.000,33,English enhances travel experiences greatly! ✈️,Give me 1 sentence about the importance of learning English. Max 5 words.
demo-test-28,1001,125246,2025-08-07 02:23:17.000,33,English is vital for travel!,Give me 1 sentence about the importance of learning English. Max 5 words.
demo-test-29,1001,125251,2025-08-07 02:23:17.000,37,English is key for communication! ?,Give me 1 sentence about the importance of learning English. Max 5 words.
demo-test-30,1001,125241,2025-08-07 02:23:17.000,34,English bridges cultures and friendships. ??,Give me 1 sentence about the importance of learning English. Max 5 words.
demo-test-31,1001,125260,2025-08-07 02:23:17.000,27,English is vital for communication! ? Who do you want to talk to in English?,Give me 1 sentence about the importance of learning English. Max 5 words.
demo-test-32,1001,125240,2025-08-07 02:23:17.000,21,English enhances understanding of cultures. What culture do you want to explore? ?,Give me 1 sentence about the importance of learning English. Max 5 words.
demo-test-33,1001,125247,2025-08-07 02:23:17.000,20,English connects cultures and people. What is your favorite book? ?,Give me 1 sentence about the importance of learning English. Max 5 words.
demo-test-34,1001,125242,2025-08-07 02:23:17.000,19,English opens doors to knowledge. What do you want to learn next? ?,Give me 1 sentence about the importance of learning English. Max 5 words.
demo-test-35,1001,125243,2025-08-07 02:23:17.000,18,English opens doors to success. What success do you dream of? ?,Give me 1 sentence about the importance of learning English. Max 5 words.
demo-test-36,1001,125248,2025-08-07 02:23:17.000,19,English helps you understand others. What do you like to learn about?,Give me 1 sentence about the importance of learning English. Max 5 words.
demo-test-44,1001,125257,2025-08-07 02:23:17.000,21,English helps you find friends. Who is your favorite friend?,Give me 1 sentence about the importance of learning English. Max 5 words.
demo-test-45,1001,125244,2025-08-07 02:23:17.000,22,English helps you understand cultures. What culture interests you the most? ?,Give me 1 sentence about the importance of learning English. Max 5 words.
demo-test-48,1001,125245,2025-08-07 02:23:17.000,28,English helps you make friends! ?? Who is your best friend?,Give me 1 sentence about the importance of learning English. Max 5 words.
demo-test-49,1001,125255,2025-08-07 02:23:17.000,22,English is key for success. What does success mean to you? ?,Give me 1 sentence about the importance of learning English. Max 5 words.
demo-test-14,1001,125264,2025-08-07 02:23:18.000,46,Enhances communication with diverse cultures! ?✨,Give me 1 sentence about the importance of learning English. Max 5 words.
demo-test-17,1001,125263,2025-08-07 02:23:18.000,46,Connects cultures and people globally!,Give me 1 sentence about the importance of learning English. Max 5 words.
demo-test-27,1001,125262,2025-08-07 02:23:18.000,37,English enhances your communication skills! ?️,Give me 1 sentence about the importance of learning English. Max 5 words.
demo-test-38,1001,125265,2025-08-07 02:23:18.000,21,English is vital for education. What subject do you enjoy most? ?,Give me 1 sentence about the importance of learning English. Max 5 words.
demo-test-6,1001,125266,2025-08-07 02:23:19.000,75,English broadens your knowledge horizons!,Give me 1 sentence about the importance of learning English. Max 5 words.
demo-test-47,1001,125267,2025-08-07 02:23:19.000,28,English allows you to connect! ? Who would you like to connect with?,Give me 1 sentence about the importance of learning English. Max 5 words.
demo-test-1,1001,125272,2025-08-07 02:23:20.000,25,English connects you to the world. What is your favorite English activity?,Give me 1 sentence about the importance of learning English. Max 5 words.
demo-test-2,1001,125269,2025-08-07 02:23:20.000,8,English connects people around world! ? What do you feel about that?,Give me 1 sentence about the importance of learning English. Max 5 words.
demo-test-8,1001,125274,2025-08-07 02:23:20.000,73,English connects people around world. ?,Give me 1 sentence about the importance of learning English. Max 5 words.
demo-test-24,1001,125273,2025-08-07 02:23:20.000,38,English enhances your career prospects! ??,Give me 1 sentence about the importance of learning English. Max 5 words.
demo-test-39,1001,125268,2025-08-07 02:23:20.000,29,English connects you to opportunities! ? What opportunity do you dream of?,Give me 1 sentence about the importance of learning English. Max 5 words.
demo-test-43,1001,125271,2025-08-07 02:23:20.000,22,English helps share ideas globally! What ideas do you want to share? ?,Give me 1 sentence about the importance of learning English. Max 5 words.
demo-test-10,1024,125270,2025-08-07 02:23:20.000,5,English connects people globally. What is your favorite topic to discuss? Your answer helps me understand you better for future chats!,Give me 1 sentence about the importance of learning English. Max 5 words.
demo-test-3,1001,125275,2025-08-07 02:23:21.000,20,English is useful for travel! ✈️?,Give me 1 sentence about the importance of learning English. Max 5 words.
demo-test-4,1001,125288,2025-08-07 02:23:21.000,87,Connects you with the world.,Give me 1 sentence about the importance of learning English. Max 5 words.
demo-test-5,1001,125276,2025-08-07 02:23:21.000,90,Essential for global job opportunities.,Give me 1 sentence about the importance of learning English. Max 5 words.
demo-test-11,1001,125280,2025-08-07 02:23:21.000,45,English is crucial for travel! ✈️,Give me 1 sentence about the importance of learning English. Max 5 words.
demo-test-15,1001,125286,2025-08-07 02:23:21.000,46,English enhances your social skills!,Give me 1 sentence about the importance of learning English. Max 5 words.
demo-test-19,1001,125278,2025-08-07 02:23:21.000,47,English is vital for travel!,Give me 1 sentence about the importance of learning English. Max 5 words.
demo-test-21,1001,125291,2025-08-07 02:23:21.000,38,English connects cultures around world! ?,Give me 1 sentence about the importance of learning English. Max 5 words.
demo-test-22,1001,125281,2025-08-07 02:23:21.000,39,English is vital for communication! ?️,Give me 1 sentence about the importance of learning English. Max 5 words.
demo-test-30,1001,125279,2025-08-07 02:23:21.000,35,English opens global communication doors. ??,Give me 1 sentence about the importance of learning English. Max 5 words.
demo-test-32,1001,125284,2025-08-07 02:23:21.000,22,English is key for success. What success do you dream of? ?,Give me 1 sentence about the importance of learning English. Max 5 words.
demo-test-35,1001,125283,2025-08-07 02:23:21.000,19,English is key for opportunities. What opportunity do you want? ?,Give me 1 sentence about the importance of learning English. Max 5 words.
demo-test-36,1001,125289,2025-08-07 02:23:21.000,20,English is useful for travel. What is your favorite travel destination?,Give me 1 sentence about the importance of learning English. Max 5 words.
demo-test-37,1001,125277,2025-08-07 02:23:21.000,26,English is vital for travel! ✈️? Where would you like to visit?,Give me 1 sentence about the importance of learning English. Max 5 words.
demo-test-40,1001,125282,2025-08-07 02:23:21.000,22,English connects people and cultures. What culture do you find interesting?,Give me 1 sentence about the importance of learning English. Max 5 words.
demo-test-41,1001,125290,2025-08-07 02:23:21.000,22,English is important for communication. What is your favorite English phrase?,Give me 1 sentence about the importance of learning English. Max 5 words.
demo-test-42,1001,125292,2025-08-07 02:23:21.000,22,English opens doors to knowledge. What do you want to learn in English?,Give me 1 sentence about the importance of learning English. Max 5 words.
demo-test-44,1001,125285,2025-08-07 02:23:21.000,22,English is vital for understanding. What do you want to understand better?,Give me 1 sentence about the importance of learning English. Max 5 words.
demo-test-46,1001,125287,2025-08-07 02:23:21.000,28,English is key for travel! ✈️?,Give me 1 sentence about the importance of learning English. Max 5 words.
demo-test-7,1001,125298,2025-08-07 02:23:22.000,75,English is key for success.,Give me 1 sentence about the importance of learning English. Max 5 words.
demo-test-9,1001,125304,2025-08-07 02:23:22.000,74,English connects diverse cultures together.,Give me 1 sentence about the importance of learning English. Max 5 words.
demo-test-12,1001,125300,2025-08-07 02:23:22.000,47,Connects cultures and builds friendships! ?,Give me 1 sentence about the importance of learning English. Max 5 words.
demo-test-13,1001,125305,2025-08-07 02:23:22.000,48,English connects cultures and people!,Give me 1 sentence about the importance of learning English. Max 5 words.
demo-test-16,1001,125301,2025-08-07 02:23:22.000,47,English helps in global communication! ?,Give me 1 sentence about the importance of learning English. Max 5 words.
demo-test-18,1001,125299,2025-08-07 02:23:22.000,49,English bridges cultures and ideas! ?,Give me 1 sentence about the importance of learning English. Max 5 words.
demo-test-20,1001,125297,2025-08-07 02:23:22.000,47,Connects you with the world! ?,Give me 1 sentence about the importance of learning English. Max 5 words.
demo-test-23,1001,125308,2025-08-07 02:23:22.000,37,English builds friendships across borders! ?,Give me 1 sentence about the importance of learning English. Max 5 words.
demo-test-25,1001,125295,2025-08-07 02:23:22.000,38,English is vital for success! ?,Give me 1 sentence about the importance of learning English. Max 5 words.
demo-test-28,1001,125309,2025-08-07 02:23:22.000,34,English helps you understand cultures!,Give me 1 sentence about the importance of learning English. Max 5 words.
demo-test-29,1001,125303,2025-08-07 02:23:22.000,38,English helps you understand cultures! ?,Give me 1 sentence about the importance of learning English. Max 5 words.
demo-test-31,1001,125293,2025-08-07 02:23:22.000,28,English helps share ideas globally! ? What ideas do you want to share?,Give me 1 sentence about the importance of learning English. Max 5 words.
demo-test-33,1001,125302,2025-08-07 02:23:22.000,21,English is vital for success. What sport do you like? ⚽️,Give me 1 sentence about the importance of learning English. Max 5 words.
demo-test-34,1001,125296,2025-08-07 02:23:22.000,20,English connects you with others. Who do you want to talk to? ?,Give me 1 sentence about the importance of learning English. Max 5 words.
demo-test-48,1001,125306,2025-08-07 02:23:22.000,29,English opens doors to travel! ✈️? Where do you want to explore?,Give me 1 sentence about the importance of learning English. Max 5 words.
demo-test-49,1001,125307,2025-08-07 02:23:22.000,23,English helps you connect globally. Who do you want to connect with? ?✨,Give me 1 sentence about the importance of learning English. Max 5 words.
demo-test-50,1001,125294,2025-08-07 02:23:22.000,23,English builds confidence in speaking. What do you like to do? ?✨,Give me 1 sentence about the importance of learning English. Max 5 words.
demo-test-17,1001,125310,2025-08-07 02:23:23.000,47,Key to understanding global perspectives!,Give me 1 sentence about the importance of learning English. Max 5 words.
demo-test-26,1001,125311,2025-08-07 02:23:23.000,34,English is key for communication! ?,Give me 1 sentence about the importance of learning English. Max 5 words.
demo-test-27,1001,125312,2025-08-07 02:23:23.000,38,English is essential for travel! ✈️,Give me 1 sentence about the importance of learning English. Max 5 words.
demo-test-14,1001,125313,2025-08-07 02:23:24.000,47,Supports personal and professional growth! ??,Give me 1 sentence about the importance of learning English. Max 5 words.
demo-test-45,1001,125314,2025-08-07 02:23:25.000,23,English opens doors to knowledge. What do you want to learn? ?,Give me 1 sentence about the importance of learning English. Max 5 words.
demo-test-9,1001,125318,2025-08-07 02:24:57.000,75,English enhances travel and exploration.,Give me 1 sentence about the importance of learning English. Max 5 words.
demo-test-19,1001,125316,2025-08-07 02:24:57.000,48,English helps you gain knowledge!,Give me 1 sentence about the importance of learning English. Max 5 words.
demo-test-20,1001,125319,2025-08-07 02:24:57.000,48,Boosts confidence in professional settings! ?,Give me 1 sentence about the importance of learning English. Max 5 words.
demo-test-37,1001,125315,2025-08-07 02:24:57.000,27,English allows access to knowledge! ?? What do you like to learn?,Give me 1 sentence about the importance of learning English. Max 5 words.
demo-test-45,1001,125317,2025-08-07 02:24:57.000,24,English allows global communication easily. What is your favorite language? ?,Give me 1 sentence about the importance of learning English. Max 5 words.
demo-test-1,1001,125321,2025-08-07 02:24:58.000,26,English helps you understand others. What do you like about English?,Give me 1 sentence about the importance of learning English. Max 5 words.
demo-test-2,1001,125326,2025-08-07 02:24:58.000,9,English helps in global communication! ? Do you agree?,Give me 1 sentence about the importance of learning English. Max 5 words.
demo-test-5,1001,125324,2025-08-07 02:24:58.000,91,Enhances travel experiences and connections.,Give me 1 sentence about the importance of learning English. Max 5 words.
demo-test-8,1001,125329,2025-08-07 02:24:58.000,74,English bridges cultural and language gaps. ?,Give me 1 sentence about the importance of learning English. Max 5 words.
demo-test-14,1001,125333,2025-08-07 02:24:58.000,48,Essential for global travel experiences! ✈️?,Give me 1 sentence about the importance of learning English. Max 5 words.
demo-test-21,1001,125328,2025-08-07 02:24:58.000,39,English helps you understand others! ?,Give me 1 sentence about the importance of learning English. Max 5 words.
demo-test-22,1001,125335,2025-08-07 02:24:58.000,40,English helps you understand media! ?,Give me 1 sentence about the importance of learning English. Max 5 words.
demo-test-27,1001,125323,2025-08-07 02:24:58.000,39,English opens doors to opportunities! ?✨,Give me 1 sentence about the importance of learning English. Max 5 words.
demo-test-31,1001,125320,2025-08-07 02:24:58.000,29,English is important for travel! ✈️ Where would you like to explore?,Give me 1 sentence about the importance of learning English. Max 5 words.
demo-test-32,1001,125332,2025-08-07 02:24:58.000,23,English is crucial for education. What subject do you enjoy most? ?,Give me 1 sentence about the importance of learning English. Max 5 words.
demo-test-36,1001,125327,2025-08-07 02:24:58.000,21,English opens doors to knowledge. What hobbies do you enjoy?,Give me 1 sentence about the importance of learning English. Max 5 words.
demo-test-39,1001,125330,2025-08-07 02:24:58.000,30,English is vital for travel! ✈️ What place do you want to visit?,Give me 1 sentence about the importance of learning English. Max 5 words.
demo-test-41,1001,125322,2025-08-07 02:24:58.000,23,English helps with global connections. What do you enjoy most about English?,Give me 1 sentence about the importance of learning English. Max 5 words.
demo-test-42,1001,125325,2025-08-07 02:24:58.000,23,English is crucial for communication. What do you enjoy most about learning it?,Give me 1 sentence about the importance of learning English. Max 5 words.
demo-test-43,1001,125331,2025-08-07 02:24:58.000,23,English bridges cultures and understanding! What culture do you find interesting? ?,Give me 1 sentence about the importance of learning English. Max 5 words.
demo-test-44,1001,125334,2025-08-07 02:24:58.000,23,English is important for travel. Where do you want to go?,Give me 1 sentence about the importance of learning English. Max 5 words.
demo-test-3,1001,125343,2025-08-07 02:24:59.000,21,English enhances job opportunities worldwide! ??,Give me 1 sentence about the importance of learning English. Max 5 words.
demo-test-4,1001,125350,2025-08-07 02:24:59.000,88,Key for international communication success.,Give me 1 sentence about the importance of learning English. Max 5 words.
demo-test-6,1001,125351,2025-08-07 02:24:59.000,76,English helps you connect globally!,Give me 1 sentence about the importance of learning English. Max 5 words.
demo-test-7,1001,125347,2025-08-07 02:24:59.000,76,English bridges cultural and language gaps.,Give me 1 sentence about the importance of learning English. Max 5 words.
demo-test-12,1001,125344,2025-08-07 02:24:59.000,48,Essential for global communication skills! ?,Give me 1 sentence about the importance of learning English. Max 5 words.
demo-test-13,1001,125354,2025-08-07 02:24:59.000,49,English boosts your confidence daily!,Give me 1 sentence about the importance of learning English. Max 5 words.
demo-test-15,1001,125341,2025-08-07 02:24:59.000,47,English is key for education!,Give me 1 sentence about the importance of learning English. Max 5 words.
demo-test-18,1001,125338,2025-08-07 02:24:59.000,50,English is crucial for travel! ✈️,Give me 1 sentence about the importance of learning English. Max 5 words.
demo-test-24,1001,125346,2025-08-07 02:24:59.000,39,English is vital for travel! ✈️?,Give me 1 sentence about the importance of learning English. Max 5 words.
demo-test-26,1001,125339,2025-08-07 02:24:59.000,35,English expands your career options! ??,Give me 1 sentence about the importance of learning English. Max 5 words.
demo-test-29,1001,125345,2025-08-07 02:24:59.000,39,English expands your knowledge base! ?,Give me 1 sentence about the importance of learning English. Max 5 words.
demo-test-30,1001,125342,2025-08-07 02:24:59.000,36,English helps you understand others. ?✨,Give me 1 sentence about the importance of learning English. Max 5 words.
demo-test-33,1001,125348,2025-08-07 02:24:59.000,22,English helps you understand others. What is your favorite hobby?,Give me 1 sentence about the importance of learning English. Max 5 words.
demo-test-34,1001,125352,2025-08-07 02:24:59.000,21,English helps in global communication. What do you think about that? ?,Give me 1 sentence about the importance of learning English. Max 5 words.
demo-test-35,1001,125349,2025-08-07 02:24:59.000,20,English helps you connect globally. What country do you want to visit? ?,Give me 1 sentence about the importance of learning English. Max 5 words.
demo-test-38,1001,125337,2025-08-07 02:24:59.000,22,English connects people around world. Who would you like to meet? ?,Give me 1 sentence about the importance of learning English. Max 5 words.
demo-test-40,1001,125336,2025-08-07 02:24:59.000,23,English enables travel and adventure. Where would you like to travel?,Give me 1 sentence about the importance of learning English. Max 5 words.
demo-test-47,1001,125353,2025-08-07 02:24:59.000,29,English helps you understand technology! ? What technology do you use?,Give me 1 sentence about the importance of learning English. Max 5 words.
demo-test-50,1001,125340,2025-08-07 02:24:59.000,24,English helps you understand movies. What’s your favorite movie? ??,Give me 1 sentence about the importance of learning English. Max 5 words.
demo-test-10,1001,125358,2025-08-07 02:25:00.000,6,English helps in many jobs. What job do you want in the future?,Give me 1 sentence about the importance of learning English. Max 5 words.
demo-test-11,1001,125360,2025-08-07 02:25:00.000,46,English fosters international connections easily! ?,Give me 1 sentence about the importance of learning English. Max 5 words.
demo-test-16,1001,125359,2025-08-07 02:25:00.000,48,English is crucial for travel! ✈️,Give me 1 sentence about the importance of learning English. Max 5 words.
demo-test-17,1001,125361,2025-08-07 02:25:00.000,48,Essential for travel and adventure!,Give me 1 sentence about the importance of learning English. Max 5 words.
demo-test-23,1001,125357,2025-08-07 02:25:00.000,38,English helps share ideas globally! ?,Give me 1 sentence about the importance of learning English. Max 5 words.
demo-test-25,1001,125362,2025-08-07 02:25:00.000,39,English connects diverse cultures together! ?✨,Give me 1 sentence about the importance of learning English. Max 5 words.
demo-test-28,1001,125355,2025-08-07 02:25:00.000,35,English is important for communication!,Give me 1 sentence about the importance of learning English. Max 5 words.
demo-test-46,1001,125356,2025-08-07 02:25:00.000,29,English enhances your global connections! ??,Give me 1 sentence about the importance of learning English. Max 5 words.
demo-test-48,1001,125364,2025-08-07 02:25:00.000,30,English allows access to information! ?✨ What information do you like?,Give me 1 sentence about the importance of learning English. Max 5 words.
demo-test-49,1001,125363,2025-08-07 02:25:00.000,24,English opens doors to knowledge. What do you want to learn? ?✨,Give me 1 sentence about the importance of learning English. Max 5 words.
demo-test-8,1001,125365,2025-08-07 02:25:02.000,75,English is crucial for travel. ✈️,Give me 1 sentence about the importance of learning English. Max 5 words.
demo-test-20,1001,125368,2025-08-07 02:25:02.000,49,Expands knowledge and cultural understanding! ?,Give me 1 sentence about the importance of learning English. Max 5 words.
demo-test-37,1001,125366,2025-08-07 02:25:02.000,28,English opens doors to understanding! ?? What do you want to understand better?,Give me 1 sentence about the importance of learning English. Max 5 words.
demo-test-45,1001,125367,2025-08-07 02:25:02.000,25,English is essential for travel. Where do you want to visit? ✈️,Give me 1 sentence about the importance of learning English. Max 5 words.
demo-test-5,1001,125372,2025-08-07 02:25:03.000,92,Crucial for understanding global culture.,Give me 1 sentence about the importance of learning English. Max 5 words.
demo-test-9,1001,125371,2025-08-07 02:25:03.000,76,English is essential for education.,Give me 1 sentence about the importance of learning English. Max 5 words.
demo-test-19,1001,125370,2025-08-07 02:25:03.000,49,English connects you with others!,Give me 1 sentence about the importance of learning English. Max 5 words.
demo-test-21,1001,125373,2025-08-07 02:25:03.000,40,English is essential for communication! ?️,Give me 1 sentence about the importance of learning English. Max 5 words.
demo-test-41,1001,125369,2025-08-07 02:25:03.000,24,English is essential for travel. Where would you like to go?,Give me 1 sentence about the importance of learning English. Max 5 words.
demo-test-2,1001,125375,2025-08-07 02:25:04.000,10,English is key for opportunities! ? What opportunities do you want?,Give me 1 sentence about the importance of learning English. Max 5 words.
demo-test-3,1001,125385,2025-08-07 02:25:04.000,22,English opens doors to knowledge! ??,Give me 1 sentence about the importance of learning English. Max 5 words.
demo-test-7,1001,125383,2025-08-07 02:25:04.000,77,English opens doors to understanding.,Give me 1 sentence about the importance of learning English. Max 5 words.
demo-test-13,1001,125387,2025-08-07 02:25:04.000,50,English helps in global communication!,Give me 1 sentence about the importance of learning English. Max 5 words.
demo-test-14,1001,125379,2025-08-07 02:25:04.000,49,Bridges cultural gaps and understanding! ??,Give me 1 sentence about the importance of learning English. Max 5 words.
demo-test-15,1001,125380,2025-08-07 02:25:04.000,48,English helps you make friends!,Give me 1 sentence about the importance of learning English. Max 5 words.
demo-test-18,1001,125376,2025-08-07 02:25:04.000,51,English expands your career options! ?,Give me 1 sentence about the importance of learning English. Max 5 words.
demo-test-27,1001,125382,2025-08-07 02:25:04.000,40,English helps you make friends! ?,Give me 1 sentence about the importance of learning English. Max 5 words.
demo-test-31,1001,125377,2025-08-07 02:25:04.000,30,English connects people around the world! ? What country do you want to visit?,Give me 1 sentence about the importance of learning English. Max 5 words.
demo-test-32,1001,125386,2025-08-07 02:25:04.000,24,English helps share ideas globally. What ideas do you want to share? ??,Give me 1 sentence about the importance of learning English. Max 5 words.
demo-test-34,1001,125384,2025-08-07 02:25:04.000,22,English is key for understanding. What’s your favorite way to learn? ?,Give me 1 sentence about the importance of learning English. Max 5 words.
demo-test-35,1001,125381,2025-08-07 02:25:04.000,21,English is vital for travel. Where would you like to go? ✈️,Give me 1 sentence about the importance of learning English. Max 5 words.
demo-test-46,1001,125374,2025-08-07 02:25:04.000,30,English is important for understanding! ?✨,Give me 1 sentence about the importance of learning English. Max 5 words.
demo-test-50,1001,125378,2025-08-07 02:25:04.000,25,English connects people from everywhere. What is your favorite food? ??,Give me 1 sentence about the importance of learning English. Max 5 words.
demo-test-6,1001,125390,2025-08-07 02:25:05.000,77,English enables better career prospects!,Give me 1 sentence about the importance of learning English. Max 5 words.
demo-test-12,1001,125388,2025-08-07 02:25:05.000,49,Opens doors to new experiences! ?,Give me 1 sentence about the importance of learning English. Max 5 words.
demo-test-17,1001,125391,2025-08-07 02:25:05.000,49,Vital for effective communication worldwide!,Give me 1 sentence about the importance of learning English. Max 5 words.
demo-test-22,1001,125392,2025-08-07 02:25:05.000,41,English is key for understanding! ?,Give me 1 sentence about the importance of learning English. Max 5 words.
demo-test-25,1001,125395,2025-08-07 02:25:05.000,40,English is important for understanding! ?✨,Give me 1 sentence about the importance of learning English. Max 5 words.
demo-test-30,1001,125394,2025-08-07 02:25:05.000,37,English is vital for travel. ?✈️,Give me 1 sentence about the importance of learning English. Max 5 words.
demo-test-40,1001,125389,2025-08-07 02:25:05.000,24,English is vital for success. What success means to you?,Give me 1 sentence about the importance of learning English. Max 5 words.
demo-test-42,1001,125393,2025-08-07 02:25:05.000,24,English helps you understand cultures. Which culture interests you the most?,Give me 1 sentence about the importance of learning English. Max 5 words.
demo-test-1,1001,125400,2025-08-07 02:25:06.000,27,English is key for global communication. What’s your favorite English word?,Give me 1 sentence about the importance of learning English. Max 5 words.
demo-test-11,1001,125399,2025-08-07 02:25:06.000,47,English enriches personal and professional life! ?,Give me 1 sentence about the importance of learning English. Max 5 words.
demo-test-23,1001,125396,2025-08-07 02:25:06.000,39,English is important for communication! ?️,Give me 1 sentence about the importance of learning English. Max 5 words.
demo-test-24,1001,125401,2025-08-07 02:25:06.000,40,English connects you to opportunities! ?✨,Give me 1 sentence about the importance of learning English. Max 5 words.
demo-test-26,1001,125405,2025-08-07 02:25:06.000,36,English helps understand global culture! ?✨,Give me 1 sentence about the importance of learning English. Max 5 words.
demo-test-33,1001,125398,2025-08-07 02:25:06.000,23,English builds friendships around world. What is your favorite animal? ?,Give me 1 sentence about the importance of learning English. Max 5 words.
demo-test-36,1001,125406,2025-08-07 02:25:06.000,22,English connects people around the world. What is your favorite activity?,Give me 1 sentence about the importance of learning English. Max 5 words.
demo-test-38,1001,125403,2025-08-07 02:25:06.000,23,English is important for travel. Where do you want to travel? ✈️,Give me 1 sentence about the importance of learning English. Max 5 words.
demo-test-39,1001,125402,2025-08-07 02:25:06.000,31,English is essential for work! ? What job do you want?,Give me 1 sentence about the importance of learning English. Max 5 words.
demo-test-43,1001,125407,2025-08-07 02:25:06.000,24,English is key for knowledge! What knowledge do you want to gain? ?,Give me 1 sentence about the importance of learning English. Max 5 words.
demo-test-44,1001,125397,2025-08-07 02:25:06.000,24,English opens doors to knowledge. What knowledge do you want to gain?,Give me 1 sentence about the importance of learning English. Max 5 words.
demo-test-48,1001,125404,2025-08-07 02:25:06.000,31,English is important for communication! ?? What do you like to communicate about?,Give me 1 sentence about the importance of learning English. Max 5 words.
demo-test-49,1001,125408,2025-08-07 02:25:06.000,25,English bridges cultures and understanding. What culture fascinates you the most? ??,Give me 1 sentence about the importance of learning English. Max 5 words.
demo-test-4,1001,125412,2025-08-07 02:25:07.000,89,Enables access to global information.,Give me 1 sentence about the importance of learning English. Max 5 words.
demo-test-16,1001,125409,2025-08-07 02:25:07.000,49,English opens doors to knowledge! ?,Give me 1 sentence about the importance of learning English. Max 5 words.
demo-test-28,1001,125410,2025-08-07 02:25:07.000,36,English connects people around world!,Give me 1 sentence about the importance of learning English. Max 5 words.
demo-test-29,1001,125411,2025-08-07 02:25:07.000,40,English is important for travel! ✈️,Give me 1 sentence about the importance of learning English. Max 5 words.
demo-test-10,1001,125414,2025-08-07 02:25:08.000,7,English is key for communication. What do you like to talk about in English?,Give me 1 sentence about the importance of learning English. Max 5 words.
demo-test-47,1001,125415,2025-08-07 02:25:16.000,30,English is vital for education! ? What do you want to study?,Give me 1 sentence about the importance of learning English. Max 5 words.
demo-test-2,1001,125422,2025-08-07 02:26:11.000,11,English is essential for travel! ✈️ Do you like to travel?,Give me 1 sentence about the importance of learning English. Max 5 words.
demo-test-3,1001,125421,2025-08-07 02:26:11.000,23,English is key for success! ??,Give me 1 sentence about the importance of learning English. Max 5 words.
demo-test-6,1001,125427,2025-08-07 02:26:11.000,78,English enhances understanding of cultures!,Give me 1 sentence about the importance of learning English. Max 5 words.
demo-test-19,1001,125431,2025-08-07 02:26:11.000,50,English is essential for success!,Give me 1 sentence about the importance of learning English. Max 5 words.
demo-test-20,1001,125425,2025-08-07 02:26:11.000,50,Improves skills for global communication! ?,Give me 1 sentence about the importance of learning English. Max 5 words.
demo-test-29,1001,125428,2025-08-07 02:26:11.000,41,English enables global job opportunities! ?,Give me 1 sentence about the importance of learning English. Max 5 words.
demo-test-37,1001,125426,2025-08-07 02:26:11.000,29,English connects people around the world! ?? What country do you want to visit?,Give me 1 sentence about the importance of learning English. Max 5 words.
demo-test-38,1001,125430,2025-08-07 02:26:11.000,24,English opens doors to opportunities. What opportunities do you want? ?,Give me 1 sentence about the importance of learning English. Max 5 words.
demo-test-41,1001,125429,2025-08-07 02:26:11.000,25,English opens doors to opportunities. What opportunities do you dream of?,Give me 1 sentence about the importance of learning English. Max 5 words.
demo-test-42,1001,125423,2025-08-07 02:26:11.000,25,English improves your career chances. What job do you dream of?,Give me 1 sentence about the importance of learning English. Max 5 words.
demo-test-43,1001,125424,2025-08-07 02:26:11.000,25,English enhances your career prospects! What job do you want? ?,Give me 1 sentence about the importance of learning English. Max 5 words.
demo-test-8,1001,125432,2025-08-07 02:26:12.000,76,English opens doors to understanding. ?,Give me 1 sentence about the importance of learning English. Max 5 words.
demo-test-11,1001,125441,2025-08-07 02:26:12.000,48,English helps in global understanding! ?,Give me 1 sentence about the importance of learning English. Max 5 words.
demo-test-14,1001,125434,2025-08-07 02:26:12.000,50,Vital for international business success! ??,Give me 1 sentence about the importance of learning English. Max 5 words.
demo-test-15,1001,125438,2025-08-07 02:26:12.000,49,English is important for travel!,Give me 1 sentence about the importance of learning English. Max 5 words.
demo-test-22,1001,125433,2025-08-07 02:26:12.000,42,English boosts your confidence! ?,Give me 1 sentence about the importance of learning English. Max 5 words.
demo-test-27,1001,125437,2025-08-07 02:26:12.000,41,English is key for understanding! ?,Give me 1 sentence about the importance of learning English. Max 5 words.
demo-test-32,1001,125435,2025-08-07 02:26:12.000,25,English opens doors to knowledge. What knowledge are you curious about? ?,Give me 1 sentence about the importance of learning English. Max 5 words.
demo-test-35,1001,125436,2025-08-07 02:26:12.000,22,English is helpful for business. What business do you find interesting? ?,Give me 1 sentence about the importance of learning English. Max 5 words.
demo-test-46,1001,125442,2025-08-07 02:26:12.000,31,English opens doors to knowledge! ??,Give me 1 sentence about the importance of learning English. Max 5 words.
demo-test-47,1001,125440,2025-08-07 02:26:12.000,31,English helps you share ideas! ? What ideas do you have?,Give me 1 sentence about the importance of learning English. Max 5 words.
demo-test-49,1001,125439,2025-08-07 02:26:12.000,26,English is important for travel. Where do you dream of traveling? ✈️?,Give me 1 sentence about the importance of learning English. Max 5 words.
demo-test-4,1001,125467,2025-08-07 02:26:13.000,90,Supports travel and cultural exchange.,Give me 1 sentence about the importance of learning English. Max 5 words.
demo-test-5,1001,125447,2025-08-07 02:26:13.000,93,Key to accessing global knowledge.,Give me 1 sentence about the importance of learning English. Max 5 words.
demo-test-7,1001,125468,2025-08-07 02:26:13.000,78,English enhances communication with others.,Give me 1 sentence about the importance of learning English. Max 5 words.
demo-test-9,1001,125458,2025-08-07 02:26:13.000,77,English improves social and professional interactions.,Give me 1 sentence about the importance of learning English. Max 5 words.
demo-test-12,1001,125453,2025-08-07 02:26:13.000,50,Fosters understanding between different cultures! ?,Give me 1 sentence about the importance of learning English. Max 5 words.
demo-test-13,1001,125443,2025-08-07 02:26:13.000,51,English opens doors to knowledge!,Give me 1 sentence about the importance of learning English. Max 5 words.
demo-test-16,1001,125464,2025-08-07 02:26:13.000,50,English connects people and cultures! ?✨,Give me 1 sentence about the importance of learning English. Max 5 words.
demo-test-17,1001,125449,2025-08-07 02:26:13.000,50,Opens doors to new experiences!,Give me 1 sentence about the importance of learning English. Max 5 words.
demo-test-18,1001,125451,2025-08-07 02:26:13.000,52,English enhances communication and understanding! ?,Give me 1 sentence about the importance of learning English. Max 5 words.
demo-test-21,1001,125465,2025-08-07 02:26:13.000,41,English opens doors to knowledge! ?,Give me 1 sentence about the importance of learning English. Max 5 words.
demo-test-23,1001,125452,2025-08-07 02:26:13.000,40,English opens doors to opportunities! ?✨,Give me 1 sentence about the importance of learning English. Max 5 words.
demo-test-24,1001,125446,2025-08-07 02:26:13.000,41,English is key for understanding! ??,Give me 1 sentence about the importance of learning English. Max 5 words.
demo-test-25,1001,125445,2025-08-07 02:26:13.000,41,English helps in global communication! ?✨,Give me 1 sentence about the importance of learning English. Max 5 words.
demo-test-26,1001,125444,2025-08-07 02:26:13.000,37,English is essential for travel! ✈️,Give me 1 sentence about the importance of learning English. Max 5 words.
demo-test-28,1001,125460,2025-08-07 02:26:13.000,37,English enhances your global connections!,Give me 1 sentence about the importance of learning English. Max 5 words.
demo-test-30,1001,125462,2025-08-07 02:26:13.000,38,English helps connect with everyone. ?❤️,Give me 1 sentence about the importance of learning English. Max 5 words.
demo-test-31,1001,125455,2025-08-07 02:26:13.000,31,English helps you understand movies! ? What is your favorite movie?,Give me 1 sentence about the importance of learning English. Max 5 words.
demo-test-33,1001,125456,2025-08-07 02:26:13.000,24,English is key for understanding. What is your favorite season? ?,Give me 1 sentence about the importance of learning English. Max 5 words.
demo-test-34,1001,125450,2025-08-07 02:26:13.000,23,English builds bridges between cultures. What culture do you find interesting? ?,Give me 1 sentence about the importance of learning English. Max 5 words.
demo-test-36,1001,125454,2025-08-07 02:26:13.000,23,English enhances global job opportunities. What is your favorite subject in school?,Give me 1 sentence about the importance of learning English. Max 5 words.
demo-test-39,1001,125463,2025-08-07 02:26:13.000,32,English helps you meet people! ? Who would you like to meet?,Give me 1 sentence about the importance of learning English. Max 5 words.
demo-test-40,1001,125461,2025-08-07 02:26:13.000,25,English is a key skill. What skills do you want to learn?,Give me 1 sentence about the importance of learning English. Max 5 words.
demo-test-44,1001,125448,2025-08-07 02:26:13.000,25,English connects people around the world. Who would you like to meet?,Give me 1 sentence about the importance of learning English. Max 5 words.
demo-test-45,1001,125457,2025-08-07 02:26:13.000,26,English helps you share ideas. What ideas do you like? ?,Give me 1 sentence about the importance of learning English. Max 5 words.
demo-test-48,1001,125459,2025-08-07 02:26:13.000,32,English is essential for learning! ?✨ What subject do you enjoy?,Give me 1 sentence about the importance of learning English. Max 5 words.
demo-test-50,1001,125466,2025-08-07 02:26:13.000,26,English opens doors to knowledge. What do you like to learn? ?✨,Give me 1 sentence about the importance of learning English. Max 5 words.
demo-test-1,1001,125472,2025-08-07 02:26:14.000,28,English opens doors to new opportunities. What do you want to learn next?,Give me 1 sentence about the importance of learning English. Max 5 words.
demo-test-2,1001,125471,2025-08-07 02:26:14.000,12,English helps you find jobs! ? What job do you want?,Give me 1 sentence about the importance of learning English. Max 5 words.
demo-test-10,1001,125469,2025-08-07 02:26:14.000,8,English is useful for travel. Do you like to travel? Where do you want to go?,Give me 1 sentence about the importance of learning English. Max 5 words.
demo-test-6,1001,125474,2025-08-07 02:26:15.000,79,English is crucial for travel!,Give me 1 sentence about the importance of learning English. Max 5 words.
demo-test-8,1001,125476,2025-08-07 02:26:15.000,77,English is vital for success. ?,Give me 1 sentence about the importance of learning English. Max 5 words.
demo-test-15,1001,125478,2025-08-07 02:26:15.000,50,English opens many career doors!,Give me 1 sentence about the importance of learning English. Max 5 words.
demo-test-19,1001,125480,2025-08-07 02:26:15.000,51,English opens doors to possibilities!,Give me 1 sentence about the importance of learning English. Max 5 words.
demo-test-20,1001,125473,2025-08-07 02:26:15.000,51,Key for international travel experiences! ✈️,Give me 1 sentence about the importance of learning English. Max 5 words.
demo-test-22,1001,125477,2025-08-07 02:26:15.000,43,English opens global communication channels! ?,Give me 1 sentence about the importance of learning English. Max 5 words.
demo-test-29,1001,125475,2025-08-07 02:26:15.000,42,English is essential for education! ?,Give me 1 sentence about the importance of learning English. Max 5 words.
demo-test-43,1001,125479,2025-08-07 02:26:15.000,26,English connects people and ideas! What ideas do you want to share? ?,Give me 1 sentence about the importance of learning English. Max 5 words.
demo-test-3,1001,125481,2025-08-07 02:26:16.000,24,English connects you to the world! ??,Give me 1 sentence about the importance of learning English. Max 5 words.
demo-test-11,1001,125488,2025-08-07 02:26:16.000,49,English is essential for communication! ?️,Give me 1 sentence about the importance of learning English. Max 5 words.
demo-test-14,1001,125484,2025-08-07 02:26:16.000,51,Key for future career opportunities! ??,Give me 1 sentence about the importance of learning English. Max 5 words.
demo-test-27,1001,125482,2025-08-07 02:26:16.000,42,English boosts your confidence daily! ?,Give me 1 sentence about the importance of learning English. Max 5 words.
demo-test-35,1001,125483,2025-08-07 02:26:16.000,23,English is important for learning. What do you want to learn? ?,Give me 1 sentence about the importance of learning English. Max 5 words.
demo-test-37,1001,125485,2025-08-07 02:26:16.000,30,English helps you express yourself! ?️? What do you like to express?,Give me 1 sentence about the importance of learning English. Max 5 words.
demo-test-47,1001,125487,2025-08-07 02:26:16.000,32,English is needed for travel! ✈️ Where would you like to go?,Give me 1 sentence about the importance of learning English. Max 5 words.
demo-test-49,1001,125486,2025-08-07 02:26:16.000,27,English connects you to the world. What part of the world interests you? ??,Give me 1 sentence about the importance of learning English. Max 5 words.
demo-test-17,1001,125496,2025-08-07 02:26:17.000,51,Improves understanding of global events!,Give me 1 sentence about the importance of learning English. Max 5 words.
demo-test-25,1001,125494,2025-08-07 02:26:17.000,42,English opens doors to opportunities! ?✨,Give me 1 sentence about the importance of learning English. Max 5 words.
demo-test-26,1001,125497,2025-08-07 02:26:17.000,38,English improves chances for success! ?,Give me 1 sentence about the importance of learning English. Max 5 words.
demo-test-32,1001,125493,2025-08-07 02:26:17.000,26,English connects people around the world. Who would you like to meet? ??,Give me 1 sentence about the importance of learning English. Max 5 words.
demo-test-38,1001,125490,2025-08-07 02:26:17.000,25,English helps you understand cultures. Which culture are you curious about? ?,Give me 1 sentence about the importance of learning English. Max 5 words.
demo-test-41,1001,125489,2025-08-07 02:26:17.000,26,English is key for success. What success means to you?,Give me 1 sentence about the importance of learning English. Max 5 words.
demo-test-42,1001,125491,2025-08-07 02:26:17.000,26,English allows access to information. What type of information do you like?,Give me 1 sentence about the importance of learning English. Max 5 words.
demo-test-44,1001,125492,2025-08-07 02:26:17.000,26,English is key for global communication. What do you want to communicate?,Give me 1 sentence about the importance of learning English. Max 5 words.
demo-test-46,1001,125495,2025-08-07 02:26:17.000,32,English is essential for travel! ✈️?,Give me 1 sentence about the importance of learning English. Max 5 words.
demo-test-10,1001,125509,2025-08-07 02:26:18.000,9,English helps you make friends. Who is your best friend?,Give me 1 sentence about the importance of learning English. Max 5 words.
demo-test-12,1001,125499,2025-08-07 02:26:18.000,51,Improves access to global resources! ?,Give me 1 sentence about the importance of learning English. Max 5 words.
demo-test-13,1001,125506,2025-08-07 02:26:18.000,52,English is vital for travel!,Give me 1 sentence about the importance of learning English. Max 5 words.
demo-test-21,1001,125507,2025-08-07 02:26:18.000,42,English improves your social life! ?,Give me 1 sentence about the importance of learning English. Max 5 words.
demo-test-23,1001,125500,2025-08-07 02:26:18.000,41,English helps you connect globally! ?,Give me 1 sentence about the importance of learning English. Max 5 words.
demo-test-24,1001,125503,2025-08-07 02:26:18.000,42,English is important for friendship! ??,Give me 1 sentence about the importance of learning English. Max 5 words.
demo-test-28,1001,125501,2025-08-07 02:26:18.000,38,English is crucial for understanding!,Give me 1 sentence about the importance of learning English. Max 5 words.
demo-test-30,1001,125502,2025-08-07 02:26:18.000,39,English is needed for opportunities. ?,Give me 1 sentence about the importance of learning English. Max 5 words.
demo-test-33,1001,125498,2025-08-07 02:26:18.000,25,English helps share ideas globally. What do you like to do?,Give me 1 sentence about the importance of learning English. Max 5 words.
demo-test-36,1001,125508,2025-08-07 02:26:18.000,24,English helps you understand cultures. What is your favorite animal?,Give me 1 sentence about the importance of learning English. Max 5 words.
demo-test-40,1001,125505,2025-08-07 02:26:18.000,26,English opens doors to knowledge. What knowledge are you excited about?,Give me 1 sentence about the importance of learning English. Max 5 words.
demo-test-50,1001,125504,2025-08-07 02:26:18.000,27,English is important for travel. Where do you want to go? ?✈️,Give me 1 sentence about the importance of learning English. Max 5 words.
demo-test-1,1001,125517,2025-08-07 02:26:19.000,29,English is important for travel. What do you enjoy most about learning English?,Give me 1 sentence about the importance of learning English. Max 5 words.
demo-test-4,1001,125512,2025-08-07 02:26:19.000,91,Essential for studying abroad opportunities.,Give me 1 sentence about the importance of learning English. Max 5 words.
demo-test-5,1001,125511,2025-08-07 02:26:19.000,94,Connects people across the world.,Give me 1 sentence about the importance of learning English. Max 5 words.
demo-test-7,1001,125516,2025-08-07 02:26:19.000,79,English is essential for travel.,Give me 1 sentence about the importance of learning English. Max 5 words.
demo-test-16,1001,125515,2025-08-07 02:26:19.000,51,English is essential for communication! ?,Give me 1 sentence about the importance of learning English. Max 5 words.
demo-test-18,1001,125513,2025-08-07 02:26:19.000,53,English opens doors to success! ?,Give me 1 sentence about the importance of learning English. Max 5 words.
demo-test-34,1001,125514,2025-08-07 02:26:19.000,24,English enhances career and travel. What job do you dream of? ?,Give me 1 sentence about the importance of learning English. Max 5 words.
demo-test-39,1001,125519,2025-08-07 02:26:19.000,33,English opens doors to knowledge! ? What do you want to learn?,Give me 1 sentence about the importance of learning English. Max 5 words.
demo-test-45,1001,125510,2025-08-07 02:26:19.000,27,English connects you with opportunities. What opportunity do you dream of? ?,Give me 1 sentence about the importance of learning English. Max 5 words.
demo-test-48,1001,125520,2025-08-07 02:26:19.000,33,English helps you express yourself! ?️? What do you want to express?,Give me 1 sentence about the importance of learning English. Max 5 words.
demo-test-9,1001,125521,2025-08-07 02:26:20.000,78,English is vital for understanding.,Give me 1 sentence about the importance of learning English. Max 5 words.
demo-test-31,1001,125522,2025-08-07 02:26:20.000,32,English is key for technology! ? What tech do you like?,Give me 1 sentence about the importance of learning English. Max 5 words.
demo-test-19,1001,125526,2025-08-07 02:27:26.000,52,English enhances career and travel opportunities!,Give me 1 sentence about the importance of learning English. Max 5 words.
demo-test-55,1001,125527,2025-08-07 02:27:26.000,18,English helps you travel easily. Where would you like to travel?,Give me 1 sentence about the importance of learning English. Max 5 words.
demo-test-22,1001,125528,2025-08-07 02:27:27.000,44,English enhances travel experiences greatly! ✈️,Give me 1 sentence about the importance of learning English. Max 5 words.
demo-test-23,1001,125530,2025-08-07 02:27:27.000,42,English is essential for travel! ✈️,Give me 1 sentence about the importance of learning English. Max 5 words.
demo-test-37,1001,125529,2025-08-07 02:27:27.000,31,English helps you communicate globally! ?? What do you want to say?,Give me 1 sentence about the importance of learning English. Max 5 words.
demo-test-39,1001,125533,2025-08-07 02:27:27.000,34,English is key for travel! ✈️ Where do you want to go?,Give me 1 sentence about the importance of learning English. Max 5 words.
demo-test-43,1001,125538,2025-08-07 02:27:27.000,27,English is important for travel! Where do you want to travel? ✈️,Give me 1 sentence about the importance of learning English. Max 5 words.
demo-test-75,1001,125536,2025-08-07 02:27:27.000,16,English is essential for understanding. What is your favorite book?,Give me 1 sentence about the importance of learning English. Max 5 words.
demo-test-76,1001,125535,2025-08-07 02:27:27.000,15,English is essential for education.,Give me 1 sentence about the importance of learning English. Max 5 words.
demo-test-78,1001,125537,2025-08-07 02:27:27.000,15,English builds friendships across cultures.,Give me 1 sentence about the importance of learning English. Max 5 words.
demo-test-80,1001,125534,2025-08-07 02:27:27.000,15,English connects cultures and people.,Give me 1 sentence about the importance of learning English. Max 5 words.
demo-test-91,1001,125532,2025-08-07 02:27:27.000,13,English is vital for success.,Give me 1 sentence about the importance of learning English. Max 5 words.
demo-test-97,1001,125531,2025-08-07 02:27:27.000,14,English helps in global friendships.,Give me 1 sentence about the importance of learning English. Max 5 words.
demo-test-2,1001,125546,2025-08-07 02:27:28.000,13,English connects cultures and ideas! ? What cultures interest you?,Give me 1 sentence about the importance of learning English. Max 5 words.
demo-test-3,1001,125539,2025-08-07 02:27:28.000,25,English helps understand global culture! ??,Give me 1 sentence about the importance of learning English. Max 5 words.
demo-test-7,1001,125550,2025-08-07 02:27:28.000,80,English is important for communication.,Give me 1 sentence about the importance of learning English. Max 5 words.
demo-test-9,1001,125561,2025-08-07 02:27:28.000,79,English is key for communication.,Give me 1 sentence about the importance of learning English. Max 5 words.
demo-test-10,1001,125553,2025-08-07 02:27:28.000,10,English improves your job opportunities. What job do you dream of?,Give me 1 sentence about the importance of learning English. Max 5 words.
demo-test-13,1001,125556,2025-08-07 02:27:28.000,53,English improves understanding of cultures!,Give me 1 sentence about the importance of learning English. Max 5 words.
demo-test-21,1001,125544,2025-08-07 02:27:28.000,43,English is vital for travel! ?,Give me 1 sentence about the importance of learning English. Max 5 words.
demo-test-27,1001,125543,2025-08-07 02:27:28.000,43,English connects you to the world! ?,Give me 1 sentence about the importance of learning English. Max 5 words.
demo-test-30,1001,125541,2025-08-07 02:27:28.000,40,English is important for success. ?,Give me 1 sentence about the importance of learning English. Max 5 words.
demo-test-31,1001,125558,2025-08-07 02:27:28.000,33,English is needed for travel! ? Where do you want to go?,Give me 1 sentence about the importance of learning English. Max 5 words.
demo-test-40,1001,125562,2025-08-07 02:27:28.000,27,English is important for travel. Where do you want to go?,Give me 1 sentence about the importance of learning English. Max 5 words.
demo-test-48,1001,125552,2025-08-07 02:27:28.000,34,English connects you with others! ?? Who do you want to connect with?,Give me 1 sentence about the importance of learning English. Max 5 words.
demo-test-56,1001,125554,2025-08-07 02:27:28.000,21,English helps you understand culture. What culture interests you the most?,Give me 1 sentence about the importance of learning English. Max 5 words.
demo-test-58,1001,125560,2025-08-07 02:27:28.000,18,English allows you to travel. What country do you want to visit?,Give me 1 sentence about the importance of learning English. Max 5 words.
demo-test-63,1001,125545,2025-08-07 02:27:28.000,15,English helps you travel easily. What is your favorite place to visit?,Give me 1 sentence about the importance of learning English. Max 5 words.
demo-test-64,1001,125551,2025-08-07 02:27:28.000,16,English helps you understand cultures. What culture interests you most?,Give me 1 sentence about the importance of learning English. Max 5 words.
demo-test-65,1001,125547,2025-08-07 02:27:28.000,16,English is vital for travel. What places would you like to visit?,Give me 1 sentence about the importance of learning English. Max 5 words.
demo-test-74,1001,125549,2025-08-07 02:27:28.000,19,English is essential for travel. What places do you want to visit?,Give me 1 sentence about the importance of learning English. Max 5 words.
demo-test-82,1001,125540,2025-08-07 02:27:28.000,15,English helps you travel easily.,Give me 1 sentence about the importance of learning English. Max 5 words.
demo-test-84,1001,125559,2025-08-07 02:27:28.000,15,English is essential for success.,Give me 1 sentence about the importance of learning English. Max 5 words.
demo-test-92,1001,125555,2025-08-07 02:27:28.000,13,English helps share ideas easily.,Give me 1 sentence about the importance of learning English. Max 5 words.
demo-test-95,1001,125557,2025-08-07 02:27:28.000,14,English helps understand global culture.,Give me 1 sentence about the importance of learning English. Max 5 words.
demo-test-96,1001,125542,2025-08-07 02:27:28.000,13,English helps share ideas globally.,Give me 1 sentence about the importance of learning English. Max 5 words.
demo-test-98,1001,125563,2025-08-07 02:27:28.000,13,English is essential for success.,Give me 1 sentence about the importance of learning English. Max 5 words.
demo-test-102,1001,125548,2025-08-07 02:27:28.000,30,English helps you understand cultures! \n\nWhat culture interests you the most?,Give me 1 sentence about the importance of learning English. Max 5 words.
demo-test-4,1001,125572,2025-08-07 02:27:29.000,92,Important for global job markets.,Give me 1 sentence about the importance of learning English. Max 5 words.
demo-test-6,1001,125566,2025-08-07 02:27:29.000,80,English connects you to opportunities!,Give me 1 sentence about the importance of learning English. Max 5 words.
demo-test-11,1001,125565,2025-08-07 02:27:29.000,50,English connects people around world! ?,Give me 1 sentence about the importance of learning English. Max 5 words.
demo-test-28,1001,125569,2025-08-07 02:27:29.000,39,English is key for opportunities!,Give me 1 sentence about the importance of learning English. Max 5 words.
demo-test-34,1001,125571,2025-08-07 02:27:29.000,25,English helps you share ideas. What ideas do you want to share? ?,Give me 1 sentence about the importance of learning English. Max 5 words.
demo-test-66,1001,125573,2025-08-07 02:27:29.000,18,English is important for travel. Where would you like to travel?,Give me 1 sentence about the importance of learning English. Max 5 words.
demo-test-79,1001,125568,2025-08-07 02:27:29.000,15,English is key for education.,Give me 1 sentence about the importance of learning English. Max 5 words.
demo-test-85,1001,125570,2025-08-07 02:27:29.000,15,English enhances your learning opportunities.,Give me 1 sentence about the importance of learning English. Max 5 words.
demo-test-86,1001,125564,2025-08-07 02:27:29.000,18,English is vital for success.,Give me 1 sentence about the importance of learning English. Max 5 words.
demo-test-100,1001,125567,2025-08-07 02:27:29.000,14,English helps you understand cultures.,Give me 1 sentence about the importance of learning English. Max 5 words.
demo-test-5,1001,125618,2025-08-07 02:27:30.000,95,Important for international travel success.,Give me 1 sentence about the importance of learning English. Max 5 words.
demo-test-12,1001,125582,2025-08-07 02:27:30.000,52,Enhances travel and adventure experiences! ✈️,Give me 1 sentence about the importance of learning English. Max 5 words.
demo-test-14,1001,125604,2025-08-07 02:27:30.000,52,Enhances travel and cultural experiences! ?✈️,Give me 1 sentence about the importance of learning English. Max 5 words.
demo-test-15,1001,125610,2025-08-07 02:27:30.000,51,English improves global understanding greatly!,Give me 1 sentence about the importance of learning English. Max 5 words.
demo-test-16,1001,125606,2025-08-07 02:27:30.000,52,English expands your career opportunities! ?,Give me 1 sentence about the importance of learning English. Max 5 words.
demo-test-17,1001,125613,2025-08-07 02:27:30.000,52,Enhances understanding of diverse cultures!,Give me 1 sentence about the importance of learning English. Max 5 words.
demo-test-18,1001,125620,2025-08-07 02:27:30.000,54,English connects people across cultures! ?,Give me 1 sentence about the importance of learning English. Max 5 words.
demo-test-23,1001,125621,2025-08-07 02:27:30.000,43,English enables global communication easily! ?,Give me 1 sentence about the importance of learning English. Max 5 words.
demo-test-24,1001,125607,2025-08-07 02:27:30.000,43,English helps you express ideas! ??️,Give me 1 sentence about the importance of learning English. Max 5 words.
demo-test-25,1001,125589,2025-08-07 02:27:30.000,43,English is key for understanding! ??,Give me 1 sentence about the importance of learning English. Max 5 words.
demo-test-26,1001,125598,2025-08-07 02:27:30.000,39,English connects you with opportunities! ?✨,Give me 1 sentence about the importance of learning English. Max 5 words.
demo-test-29,1001,125590,2025-08-07 02:27:30.000,43,English bridges cultural communication gaps! ?,Give me 1 sentence about the importance of learning English. Max 5 words.
demo-test-32,1001,125579,2025-08-07 02:27:30.000,27,English is essential for travel. Where do you want to go? ✈️?,Give me 1 sentence about the importance of learning English. Max 5 words.
demo-test-33,1001,125602,2025-08-07 02:27:30.000,26,English opens doors to success. What is your favorite game? ?,Give me 1 sentence about the importance of learning English. Max 5 words.
demo-test-35,1001,125616,2025-08-07 02:27:30.000,24,English connects people from everywhere. Who is your favorite English speaker? ?,Give me 1 sentence about the importance of learning English. Max 5 words.
demo-test-36,1001,125596,2025-08-07 02:27:30.000,25,English is key for communication. What is your favorite game?,Give me 1 sentence about the importance of learning English. Max 5 words.
demo-test-41,1001,125585,2025-08-07 02:27:30.000,27,English connects people around world. What do you love about English?,Give me 1 sentence about the importance of learning English. Max 5 words.
demo-test-42,1001,125601,2025-08-07 02:27:30.000,27,English connects people from everywhere. Do you have friends from other countries?,Give me 1 sentence about the importance of learning English. Max 5 words.
demo-test-44,1001,125592,2025-08-07 02:27:30.000,27,English helps you share ideas. What ideas do you want to share?,Give me 1 sentence about the importance of learning English. Max 5 words.
demo-test-45,1001,125587,2025-08-07 02:27:30.000,28,English is key for education. What subject do you like most? ?,Give me 1 sentence about the importance of learning English. Max 5 words.
demo-test-46,1001,125614,2025-08-07 02:27:30.000,33,English helps you explore cultures! ?✨,Give me 1 sentence about the importance of learning English. Max 5 words.
demo-test-47,1001,125605,2025-08-07 02:27:30.000,33,English is key for communication! ? What do you like to talk about?,Give me 1 sentence about the importance of learning English. Max 5 words.
demo-test-49,1001,125581,2025-08-07 02:27:30.000,28,English is essential for communication. What do you like to communicate? ??,Give me 1 sentence about the importance of learning English. Max 5 words.
demo-test-50,1001,125600,2025-08-07 02:27:30.000,28,English helps you share ideas. What ideas do you like to share? ??,Give me 1 sentence about the importance of learning English. Max 5 words.
demo-test-51,1001,125622,2025-08-07 02:27:30.000,31,English helps you understand cultures. \n\nWhich culture interests you the most?,Give me 1 sentence about the importance of learning English. Max 5 words.
demo-test-52,1001,125609,2025-08-07 02:27:30.000,22,English is vital for communication.,Give me 1 sentence about the importance of learning English. Max 5 words.
demo-test-53,1001,125612,2025-08-07 02:27:30.000,16,English helps you understand others. \n\nWho do you want to understand better?,Give me 1 sentence about the importance of learning English. Max 5 words.
demo-test-54,1001,125623,2025-08-07 02:27:30.000,18,English helps you understand culture. What culture interests you the most?,Give me 1 sentence about the importance of learning English. Max 5 words.
demo-test-59,1001,125577,2025-08-07 02:27:30.000,18,English helps you understand others. What do you enjoy most about learning?,Give me 1 sentence about the importance of learning English. Max 5 words.
demo-test-60,1001,125583,2025-08-07 02:27:30.000,18,English allows access to information. What kind of information interests you?,Give me 1 sentence about the importance of learning English. Max 5 words.
demo-test-61,1001,125574,2025-08-07 02:27:30.000,15,English is important for communication. What is your favorite hobby?,Give me 1 sentence about the importance of learning English. Max 5 words.
demo-test-62,1001,125608,2025-08-07 02:27:30.000,15,English helps in global communication. What do you like to do after school?,Give me 1 sentence about the importance of learning English. Max 5 words.
demo-test-67,1001,125603,2025-08-07 02:27:30.000,17,English helps you connect globally. What do you enjoy most about learning?,Give me 1 sentence about the importance of learning English. Max 5 words.
demo-test-68,1001,125615,2025-08-07 02:27:30.000,16,English helps you connect globally.\n\nWhat do you enjoy about learning English?,Give me 1 sentence about the importance of learning English. Max 5 words.
demo-test-69,1001,125575,2025-08-07 02:27:30.000,16,English is vital for success. What is your favorite season?,Give me 1 sentence about the importance of learning English. Max 5 words.
demo-test-71,1001,125594,2025-08-07 02:27:30.000,14,English helps share ideas globally. What do you find challenging in learning English?,Give me 1 sentence about the importance of learning English. Max 5 words.
demo-test-81,1001,125576,2025-08-07 02:27:30.000,15,English helps in understanding cultures.,Give me 1 sentence about the importance of learning English. Max 5 words.
demo-test-83,1001,125599,2025-08-07 02:27:30.000,15,English is essential for travel.,Give me 1 sentence about the importance of learning English. Max 5 words.
demo-test-87,1001,125580,2025-08-07 02:27:30.000,15,English is essential for success.,Give me 1 sentence about the importance of learning English. Max 5 words.
demo-test-88,1001,125591,2025-08-07 02:27:30.000,15,English is vital for travel.,Give me 1 sentence about the importance of learning English. Max 5 words.
demo-test-89,1001,125578,2025-08-07 02:27:30.000,14,English improves your global understanding.,Give me 1 sentence about the importance of learning English. Max 5 words.
demo-test-90,1001,125593,2025-08-07 02:27:30.000,15,English enhances understanding and friendships.,Give me 1 sentence about the importance of learning English. Max 5 words.
demo-test-99,1001,125584,2025-08-07 02:27:30.000,16,English improves your study options.,Give me 1 sentence about the importance of learning English. Max 5 words.
demo-test-101,1001,125619,2025-08-07 02:27:30.000,42,English is key for success. \n\nWhat skill do you want to practice more?,Give me 1 sentence about the importance of learning English. Max 5 words.
demo-test-103,1001,125588,2025-08-07 02:27:30.000,29,English helps you find jobs. \n\nWhat job do you dream about?,Give me 1 sentence about the importance of learning English. Max 5 words.
demo-test-104,1001,125611,2025-08-07 02:27:30.000,29,English is key for travel! Where do you want to travel?,Give me 1 sentence about the importance of learning English. Max 5 words.
demo-test-105,1001,125595,2025-08-07 02:27:30.000,30,English is vital for connection! \n\nWhat do you find most fun about learning English?,Give me 1 sentence about the importance of learning English. Max 5 words.
demo-test-106,1001,125617,2025-08-07 02:27:30.000,24,English helps you travel better! \n\nWhere would you like to travel?,Give me 1 sentence about the importance of learning English. Max 5 words.
demo-test-107,1001,125597,2025-08-07 02:27:30.000,27,English is key for communication. \n\nWhat do you like to communicate about?,Give me 1 sentence about the importance of learning English. Max 5 words.
demo-test-108,1001,125586,2025-08-07 02:27:30.000,27,English helps you understand cultures!\n\nWhat culture interests you the most?,Give me 1 sentence about the importance of learning English. Max 5 words.
demo-test-19,1001,125626,2025-08-07 02:27:31.000,53,English improves understanding of cultures!,Give me 1 sentence about the importance of learning English. Max 5 words.
demo-test-55,1001,125625,2025-08-07 02:27:31.000,19,English is vital for education. What do you want to learn in English?,Give me 1 sentence about the importance of learning English. Max 5 words.
demo-test-70,1001,125627,2025-08-07 02:27:31.000,32,English opens doors to opportunities. What opportunities do you want to explore?,Give me 1 sentence about the importance of learning English. Max 5 words.
demo-test-72,1001,125624,2025-08-07 02:27:31.000,12,English enhances communication and understanding. What do you find difficult in English?,Give me 1 sentence about the importance of learning English. Max 5 words.
demo-test-22,1001,125635,2025-08-07 02:27:32.000,45,English is essential for networking! ?,Give me 1 sentence about the importance of learning English. Max 5 words.
demo-test-37,1001,125631,2025-08-07 02:27:32.000,32,English is key for success! ?? What success do you want?,Give me 1 sentence about the importance of learning English. Max 5 words.
demo-test-39,1001,125634,2025-08-07 02:27:32.000,35,English helps you enjoy movies! ? What’s your favorite movie?,Give me 1 sentence about the importance of learning English. Max 5 words.
demo-test-63,1001,125630,2025-08-07 02:27:32.000,16,English is important for jobs. What job do you want?,Give me 1 sentence about the importance of learning English. Max 5 words.
demo-test-74,1001,125629,2025-08-07 02:27:32.000,20,English helps you make friends. Who is your best friend?,Give me 1 sentence about the importance of learning English. Max 5 words.
demo-test-75,1001,125636,2025-08-07 02:27:32.000,17,English helps you make friends. What do you like to do?,Give me 1 sentence about the importance of learning English. Max 5 words.
demo-test-82,1001,125632,2025-08-07 02:27:32.000,16,English is vital for education.,Give me 1 sentence about the importance of learning English. Max 5 words.
demo-test-91,1001,125637,2025-08-07 02:27:32.000,14,English enhances your career options.,Give me 1 sentence about the importance of learning English. Max 5 words.
demo-test-95,1001,125633,2025-08-07 02:27:32.000,15,English is essential for travel.,Give me 1 sentence about the importance of learning English. Max 5 words.
demo-test-97,1001,125628,2025-08-07 02:27:32.000,15,English is important for travel.,Give me 1 sentence about the importance of learning English. Max 5 words.
demo-test-6,1001,125657,2025-08-07 02:27:33.000,81,English unlocks global communication doors!,Give me 1 sentence about the importance of learning English. Max 5 words.
demo-test-7,1001,125653,2025-08-07 02:27:33.000,81,English helps you connect globally.,Give me 1 sentence about the importance of learning English. Max 5 words.
demo-test-9,1001,125640,2025-08-07 02:27:33.000,80,English opens doors to opportunities.,Give me 1 sentence about the importance of learning English. Max 5 words.
demo-test-10,1001,125642,2025-08-07 02:27:33.000,11,English opens doors to knowledge. What is your favorite subject to learn?,Give me 1 sentence about the importance of learning English. Max 5 words.
demo-test-11,1001,125656,2025-08-07 02:27:33.000,51,English opens global job opportunities! ?,Give me 1 sentence about the importance of learning English. Max 5 words.
demo-test-21,1001,125643,2025-08-07 02:27:33.000,44,English helps with international friendships! ?,Give me 1 sentence about the importance of learning English. Max 5 words.
demo-test-27,1001,125652,2025-08-07 02:27:33.000,44,English is crucial for travel! ✈️,Give me 1 sentence about the importance of learning English. Max 5 words.
demo-test-30,1001,125644,2025-08-07 02:27:33.000,41,English opens many doors worldwide. ??,Give me 1 sentence about the importance of learning English. Max 5 words.
demo-test-43,1001,125639,2025-08-07 02:27:33.000,28,English helps you understand others! Who do you want to understand better? ?,Give me 1 sentence about the importance of learning English. Max 5 words.
demo-test-48,1001,125649,2025-08-07 02:27:33.000,35,English enhances your global understanding! ?? What do you want to understand better?,Give me 1 sentence about the importance of learning English. Max 5 words.
demo-test-56,1001,125650,2025-08-07 02:27:33.000,22,English connects people from everywhere. What do you think about that?,Give me 1 sentence about the importance of learning English. Max 5 words.
demo-test-64,1001,125646,2025-08-07 02:27:33.000,17,English connects people from everywhere. What do you think about that?,Give me 1 sentence about the importance of learning English. Max 5 words.
demo-test-65,1001,125658,2025-08-07 02:27:33.000,17,English helps you share ideas. What ideas do you want to share?,Give me 1 sentence about the importance of learning English. Max 5 words.
demo-test-76,1001,125645,2025-08-07 02:27:33.000,16,English helps understand different cultures.,Give me 1 sentence about the importance of learning English. Max 5 words.
demo-test-78,1001,125641,2025-08-07 02:27:33.000,16,English helps share ideas globally.,Give me 1 sentence about the importance of learning English. Max 5 words.
demo-test-79,1001,125651,2025-08-07 02:27:33.000,16,English enhances your career opportunities.,Give me 1 sentence about the importance of learning English. Max 5 words.
demo-test-80,1001,125638,2025-08-07 02:27:33.000,16,English helps you understand technology.,Give me 1 sentence about the importance of learning English. Max 5 words.
demo-test-86,1001,125647,2025-08-07 02:27:33.000,19,English helps in global communication.,Give me 1 sentence about the importance of learning English. Max 5 words.
demo-test-92,1001,125648,2025-08-07 02:27:33.000,14,English is important for travel.,Give me 1 sentence about the importance of learning English. Max 5 words.
demo-test-96,1001,125654,2025-08-07 02:27:33.000,14,English connects people and cultures.,Give me 1 sentence about the importance of learning English. Max 5 words.
demo-test-98,1001,125655,2025-08-07 02:27:33.000,14,English improves your global connections.,Give me 1 sentence about the importance of learning English. Max 5 words.
demo-test-2,1001,125664,2025-08-07 02:27:34.000,14,English is important for education! ? What do you want to study?,Give me 1 sentence about the importance of learning English. Max 5 words.
demo-test-3,1001,125663,2025-08-07 02:27:34.000,26,English is vital for communication! ??,Give me 1 sentence about the importance of learning English. Max 5 words.
demo-test-31,1001,125667,2025-08-07 02:27:34.000,34,English helps in finding jobs! ? What job do you dream of?,Give me 1 sentence about the importance of learning English. Max 5 words.
demo-test-40,1001,125660,2025-08-07 02:27:34.000,28,English helps connect with others. Who would you like to connect with?,Give me 1 sentence about the importance of learning English. Max 5 words.
demo-test-49,1001,125670,2025-08-07 02:27:34.000,29,English is key for understanding. What do you want to understand better? ?✨,Give me 1 sentence about the importance of learning English. Max 5 words.
demo-test-58,1001,125666,2025-08-07 02:27:34.000,19,English improves job opportunities worldwide. What job do you dream of?,Give me 1 sentence about the importance of learning English. Max 5 words.
demo-test-61,1001,125669,2025-08-07 02:27:34.000,16,English connects people from everywhere. What do you like to do?,Give me 1 sentence about the importance of learning English. Max 5 words.
demo-test-81,1001,125659,2025-08-07 02:27:34.000,16,English is essential for travel.,Give me 1 sentence about the importance of learning English. Max 5 words.
demo-test-84,1001,125662,2025-08-07 02:27:34.000,16,English helps you understand cultures.,Give me 1 sentence about the importance of learning English. Max 5 words.
demo-test-89,1001,125661,2025-08-07 02:27:34.000,15,English is essential for travel.,Give me 1 sentence about the importance of learning English. Max 5 words.
demo-test-99,1001,125665,2025-08-07 02:27:34.000,17,English helps understand global culture.,Give me 1 sentence about the importance of learning English. Max 5 words.
demo-test-102,1001,125668,2025-08-07 02:27:34.000,31,English is vital for communication! \n\nWhat do you want to talk about in English?,Give me 1 sentence about the importance of learning English. Max 5 words.
demo-test-15,1001,125681,2025-08-07 02:27:35.000,52,English helps with future success!,Give me 1 sentence about the importance of learning English. Max 5 words.
demo-test-16,1001,125673,2025-08-07 02:27:35.000,53,English is key for success! ?,Give me 1 sentence about the importance of learning English. Max 5 words.
demo-test-18,1001,125675,2025-08-07 02:27:35.000,55,English is key for opportunities! ?,Give me 1 sentence about the importance of learning English. Max 5 words.
demo-test-24,1001,125679,2025-08-07 02:27:35.000,44,English opens doors to friendship! ??,Give me 1 sentence about the importance of learning English. Max 5 words.
demo-test-25,1001,125676,2025-08-07 02:27:35.000,44,English helps you connect worldwide! ?✨,Give me 1 sentence about the importance of learning English. Max 5 words.
demo-test-41,1001,125680,2025-08-07 02:27:35.000,28,English improves job opportunities greatly. What job do you want?,Give me 1 sentence about the importance of learning English. Max 5 words.
demo-test-44,1001,125672,2025-08-07 02:27:35.000,28,English is essential for education. What do you like to learn?,Give me 1 sentence about the importance of learning English. Max 5 words.
demo-test-87,1001,125678,2025-08-07 02:27:35.000,16,English is important for communication.,Give me 1 sentence about the importance of learning English. Max 5 words.
demo-test-88,1001,125674,2025-08-07 02:27:35.000,16,English helps in job opportunities.,Give me 1 sentence about the importance of learning English. Max 5 words.
demo-test-104,1001,125677,2025-08-07 02:27:35.000,30,English helps you make friends! Who is your best friend?,Give me 1 sentence about the importance of learning English. Max 5 words.
demo-test-26,1001,125684,2025-08-07 02:27:36.000,40,English is vital for communication! ?,Give me 1 sentence about the importance of learning English. Max 5 words.
demo-test-34,1001,125685,2025-08-07 02:27:36.000,26,English is essential for travel. Where do you want to visit? ✈️,Give me 1 sentence about the importance of learning English. Max 5 words.
demo-test-35,1001,125689,2025-08-07 02:27:36.000,25,English is essential for jobs. What job do you want? ?,Give me 1 sentence about the importance of learning English. Max 5 words.
demo-test-36,1001,125682,2025-08-07 02:27:36.000,26,English opens doors to success. What is your favorite color?,Give me 1 sentence about the importance of learning English. Max 5 words.
demo-test-50,1001,125687,2025-08-07 02:27:36.000,29,English is essential for communication. What do you like to talk about? ?️?,Give me 1 sentence about the importance of learning English. Max 5 words.
demo-test-59,1001,125686,2025-08-07 02:27:36.000,19,English is vital for travel. Where would you like to travel?,Give me 1 sentence about the importance of learning English. Max 5 words.
demo-test-69,1001,125688,2025-08-07 02:27:36.000,17,English improves your job prospects. What is your favorite book?,Give me 1 sentence about the importance of learning English. Max 5 words.
demo-test-71,1001,125690,2025-08-07 02:27:36.000,15,English connects cultures and people. What do you enjoy learning most?,Give me 1 sentence about the importance of learning English. Max 5 words.
demo-test-100,1001,125683,2025-08-07 02:27:36.000,15,English connects people and ideas.,Give me 1 sentence about the importance of learning English. Max 5 words.
demo-test-29,1001,125696,2025-08-07 02:27:37.000,44,English connects people around world! ?,Give me 1 sentence about the importance of learning English. Max 5 words.
demo-test-52,1001,125693,2025-08-07 02:27:37.000,23,English helps you find jobs.,Give me 1 sentence about the importance of learning English. Max 5 words.
demo-test-60,1001,125697,2025-08-07 02:27:37.000,19,English helps in global communication. How do you practice your English?,Give me 1 sentence about the importance of learning English. Max 5 words.
demo-test-83,1001,125691,2025-08-07 02:27:37.000,16,English helps you understand media.,Give me 1 sentence about the importance of learning English. Max 5 words.
demo-test-103,1001,125692,2025-08-07 02:27:37.000,30,English is key for travel. \n\nWhere would you like to travel?,Give me 1 sentence about the importance of learning English. Max 5 words.
demo-test-107,1001,125695,2025-08-07 02:27:37.000,28,English helps you make friends. \n\nWho is your best friend?,Give me 1 sentence about the importance of learning English. Max 5 words.
demo-test-108,1001,125694,2025-08-07 02:27:37.000,28,English is essential for education!\n\nWhat subject do you enjoy studying?,Give me 1 sentence about the importance of learning English. Max 5 words.
demo-test-4,1001,125702,2025-08-07 02:27:38.000,93,Strengthens cross-cultural friendships and connections.,Give me 1 sentence about the importance of learning English. Max 5 words.
demo-test-12,1001,125698,2025-08-07 02:27:38.000,53,Boosts confidence in daily conversations! ?,Give me 1 sentence about the importance of learning English. Max 5 words.
demo-test-32,1001,125700,2025-08-07 02:27:38.000,28,English is important for communication. What do you like to communicate? ?,Give me 1 sentence about the importance of learning English. Max 5 words.
demo-test-33,1001,125704,2025-08-07 02:27:38.000,27,English is useful for travel. Where would you like to go? ?,Give me 1 sentence about the importance of learning English. Max 5 words.
demo-test-46,1001,125699,2025-08-07 02:27:38.000,34,English connects people across nations! ??,Give me 1 sentence about the importance of learning English. Max 5 words.
demo-test-47,1001,125701,2025-08-07 02:27:38.000,34,English connects people around world! ? Who do you want to meet?,Give me 1 sentence about the importance of learning English. Max 5 words.
demo-test-68,1001,125703,2025-08-07 02:27:38.000,17,English is vital for communication.\n\nWhat is your favorite English word?,Give me 1 sentence about the importance of learning English. Max 5 words.
demo-test-5,1001,125708,2025-08-07 02:27:39.000,96,Facilitates understanding in diverse environments.,Give me 1 sentence about the importance of learning English. Max 5 words.
demo-test-13,1001,125709,2025-08-07 02:27:39.000,54,English is key for connection!,Give me 1 sentence about the importance of learning English. Max 5 words.
demo-test-51,1001,125707,2025-08-07 02:27:39.000,32,English is essential for education. \n\nWhat would you like to learn?,Give me 1 sentence about the importance of learning English. Max 5 words.
demo-test-53,1001,125711,2025-08-07 02:27:39.000,17,English is essential for travel. \n\nWhere do you want to go?,Give me 1 sentence about the importance of learning English. Max 5 words.
demo-test-67,1001,125710,2025-08-07 02:27:39.000,18,English is essential for communication. What do you want to learn today?,Give me 1 sentence about the importance of learning English. Max 5 words.
demo-test-85,1001,125705,2025-08-07 02:27:39.000,16,English helps you understand technology.,Give me 1 sentence about the importance of learning English. Max 5 words.
demo-test-90,1001,125706,2025-08-07 02:27:39.000,16,English helps you travel easily.,Give me 1 sentence about the importance of learning English. Max 5 words.
demo-test-105,1001,125712,2025-08-07 02:27:39.000,31,English opens doors to the world! \n\nWhat do you want to learn next in English?,Give me 1 sentence about the importance of learning English. Max 5 words.
demo-test-14,1001,125714,2025-08-07 02:27:40.000,53,Essential for effective global communication! ?✨,Give me 1 sentence about the importance of learning English. Max 5 words.
demo-test-17,1001,125715,2025-08-07 02:27:40.000,53,Essential for global business success!,Give me 1 sentence about the importance of learning English. Max 5 words.
demo-test-28,1001,125719,2025-08-07 02:27:40.000,40,English opens doors to success!,Give me 1 sentence about the importance of learning English. Max 5 words.
demo-test-42,1001,125713,2025-08-07 02:27:40.000,28,English is key for global communication. What do you find most challenging about English?,Give me 1 sentence about the importance of learning English. Max 5 words.
demo-test-45,1001,125720,2025-08-07 02:27:40.000,29,English improves communication with everyone. What do you like to talk about? ?,Give me 1 sentence about the importance of learning English. Max 5 words.
demo-test-62,1001,125718,2025-08-07 02:27:40.000,16,English is vital for success. What is your dream job?,Give me 1 sentence about the importance of learning English. Max 5 words.
demo-test-66,1001,125716,2025-08-07 02:27:40.000,19,English helps you understand cultures. What culture interests you?,Give me 1 sentence about the importance of learning English. Max 5 words.
demo-test-101,1001,125717,2025-08-07 02:27:40.000,43,English helps you travel easily. \n\nWhere would you like to travel?,Give me 1 sentence about the importance of learning English. Max 5 words.
demo-test-54,1001,125724,2025-08-07 02:27:41.000,19,English connects people from everywhere. What do you think about that?,Give me 1 sentence about the importance of learning English. Max 5 words.
demo-test-70,1001,125722,2025-08-07 02:27:41.000,33,English is key for global communication. What do you think about that?,Give me 1 sentence about the importance of learning English. Max 5 words.
demo-test-72,1001,125721,2025-08-07 02:27:41.000,13,English connects cultures and people. What do you enjoy learning most?,Give me 1 sentence about the importance of learning English. Max 5 words.
demo-test-106,1001,125723,2025-08-07 02:27:41.000,25,English connects people across cultures! \n\nWhat culture interests you the most?,Give me 1 sentence about the importance of learning English. Max 5 words.
demo-test-1,1001,125729,2025-08-07 02:28:38.000,30,English is essential for success. What do you like to do for fun?,Give me 1 sentence about the importance of learning English. Max 5 words.
demo-test-2,1001,125732,2025-08-07 02:28:38.000,15,English opens doors to success! ? What success do you dream of?,Give me 1 sentence about the importance of learning English. Max 5 words.
demo-test-19,1001,125728,2025-08-07 02:28:38.000,54,English is key for communication!,Give me 1 sentence about the importance of learning English. Max 5 words.
demo-test-133,1001,125731,2025-08-07 02:28:38.000,18,English helps you share ideas. \n\nWhat ideas do you want to share?,Give me 1 sentence about the importance of learning English. Max 5 words.
demo-test-149,1001,125730,2025-08-07 02:28:38.000,17,English helps you understand cultures! \n\nWhat culture are you interested in?,Give me 1 sentence about the importance of learning English. Max 5 words.
demo-test-4,1001,125736,2025-08-07 02:28:39.000,94,Enhances understanding of diverse cultures.,Give me 1 sentence about the importance of learning English. Max 5 words.
demo-test-5,1001,125738,2025-08-07 02:28:39.000,97,Vital for effective global communication.,Give me 1 sentence about the importance of learning English. Max 5 words.
demo-test-7,1001,125745,2025-08-07 02:28:39.000,82,English boosts your career opportunities.,Give me 1 sentence about the importance of learning English. Max 5 words.
demo-test-23,1001,125733,2025-08-07 02:28:39.000,44,English is key for success! ?,Give me 1 sentence about the importance of learning English. Max 5 words.
demo-test-24,1001,125749,2025-08-07 02:28:39.000,45,English is essential for connection! ??,Give me 1 sentence about the importance of learning English. Max 5 words.
demo-test-40,1001,125751,2025-08-07 02:28:39.000,29,English is key for communication. What do you like to communicate about?,Give me 1 sentence about the importance of learning English. Max 5 words.
demo-test-42,1001,125740,2025-08-07 02:28:39.000,29,English opens doors to opportunities. What opportunity do you want?,Give me 1 sentence about the importance of learning English. Max 5 words.
demo-test-44,1001,125750,2025-08-07 02:28:39.000,29,English is important for travel. Where do you want to go?,Give me 1 sentence about the importance of learning English. Max 5 words.
demo-test-60,1001,125743,2025-08-07 02:28:39.000,20,English connects people around the world. Who would you like to connect with?,Give me 1 sentence about the importance of learning English. Max 5 words.
demo-test-62,1001,125748,2025-08-07 02:28:39.000,17,English is essential for communication. What is your favorite sport?,Give me 1 sentence about the importance of learning English. Max 5 words.
demo-test-63,1001,125741,2025-08-07 02:28:39.000,17,English helps you connect globally. What do you like about English?,Give me 1 sentence about the importance of learning English. Max 5 words.
demo-test-80,1001,125752,2025-08-07 02:28:39.000,17,English is key for education.,Give me 1 sentence about the importance of learning English. Max 5 words.
demo-test-92,1001,125735,2025-08-07 02:28:39.000,15,English helps understand different cultures.,Give me 1 sentence about the importance of learning English. Max 5 words.
demo-test-94,1001,125737,2025-08-07 02:28:39.000,13,English helps understand different cultures.,Give me 1 sentence about the importance of learning English. Max 5 words.
demo-test-95,1001,125747,2025-08-07 02:28:39.000,16,English connects people across countries.,Give me 1 sentence about the importance of learning English. Max 5 words.
demo-test-98,1001,125739,2025-08-07 02:28:39.000,15,English helps in understanding cultures.,Give me 1 sentence about the importance of learning English. Max 5 words.
demo-test-111,1001,125734,2025-08-07 02:28:39.000,20,English connects people around the world! \n\nWho would you like to talk to in English?,Give me 1 sentence about the importance of learning English. Max 5 words.
demo-test-113,1001,125746,2025-08-07 02:28:39.000,19,English helps you make friends! \n\nWho is your best friend?,Give me 1 sentence about the importance of learning English. Max 5 words.
demo-test-129,1001,125742,2025-08-07 02:28:39.000,17,English expands your future possibilities! What is your future dream?,Give me 1 sentence about the importance of learning English. Max 5 words.
demo-test-132,1001,125744,2025-08-07 02:28:39.000,18,English is key for knowledge. \n\nWhat do you like to learn?,Give me 1 sentence about the importance of learning English. Max 5 words.
demo-test-8,1001,125774,2025-08-07 02:28:40.000,78,English helps in global interactions. ?,Give me 1 sentence about the importance of learning English. Max 5 words.
demo-test-10,1001,125758,2025-08-07 02:28:40.000,12,English connects people around the world. Do you have friends from other countries?,Give me 1 sentence about the importance of learning English. Max 5 words.
demo-test-15,1001,125767,2025-08-07 02:28:40.000,53,English is essential for communication!,Give me 1 sentence about the importance of learning English. Max 5 words.
demo-test-26,1001,125760,2025-08-07 02:28:40.000,41,English helps you understand better! ?,Give me 1 sentence about the importance of learning English. Max 5 words.
demo-test-27,1001,125770,2025-08-07 02:28:40.000,45,English enhances global communication skills! ?,Give me 1 sentence about the importance of learning English. Max 5 words.
demo-test-28,1001,125755,2025-08-07 02:28:40.000,41,English helps in everyday life!,Give me 1 sentence about the importance of learning English. Max 5 words.
demo-test-29,1001,125766,2025-08-07 02:28:40.000,45,English opens doors to possibilities! ?✨,Give me 1 sentence about the importance of learning English. Max 5 words.
demo-test-39,1001,125757,2025-08-07 02:28:40.000,36,English is important for friendship! ? Who is your best friend?,Give me 1 sentence about the importance of learning English. Max 5 words.
demo-test-43,1001,125765,2025-08-07 02:28:40.000,29,English is important for communication! What do you want to communicate? ?,Give me 1 sentence about the importance of learning English. Max 5 words.
demo-test-46,1001,125777,2025-08-07 02:28:40.000,35,English is vital for communication! ??,Give me 1 sentence about the importance of learning English. Max 5 words.
demo-test-47,1001,125779,2025-08-07 02:28:40.000,35,English helps you find friends! ? Who is your best friend?,Give me 1 sentence about the importance of learning English. Max 5 words.
demo-test-59,1001,125762,2025-08-07 02:28:40.000,20,English connects people around the world. What country would you like to visit?,Give me 1 sentence about the importance of learning English. Max 5 words.
demo-test-61,1001,125763,2025-08-07 02:28:40.000,17,English helps you share ideas. What is your favorite book?,Give me 1 sentence about the importance of learning English. Max 5 words.
demo-test-65,1001,125759,2025-08-07 02:28:40.000,18,English connects people around world. What do you think about that?,Give me 1 sentence about the importance of learning English. Max 5 words.
demo-test-77,1001,125756,2025-08-07 02:28:40.000,15,English enhances personal and professional growth.,Give me 1 sentence about the importance of learning English. Max 5 words.
demo-test-83,1001,125769,2025-08-07 02:28:40.000,17,English improves your social skills.,Give me 1 sentence about the importance of learning English. Max 5 words.
demo-test-97,1001,125764,2025-08-07 02:28:40.000,16,English is key for education.,Give me 1 sentence about the importance of learning English. Max 5 words.
demo-test-99,1001,125753,2025-08-07 02:28:40.000,18,English is essential for communication.,Give me 1 sentence about the importance of learning English. Max 5 words.
demo-test-100,1001,125761,2025-08-07 02:28:40.000,16,English is essential for education.,Give me 1 sentence about the importance of learning English. Max 5 words.
demo-test-101,1001,125771,2025-08-07 02:28:40.000,44,English opens doors to new opportunities. \n\nWhat is your dream job?,Give me 1 sentence about the importance of learning English. Max 5 words.
demo-test-117,1001,125778,2025-08-07 02:28:40.000,20,English helps you make friends!\n\nWho is your best friend?,Give me 1 sentence about the importance of learning English. Max 5 words.
demo-test-118,1001,125754,2025-08-07 02:28:40.000,20,English helps you travel easily. \n\nWhere do you want to travel?,Give me 1 sentence about the importance of learning English. Max 5 words.
demo-test-131,1001,125768,2025-08-07 02:28:40.000,16,English helps you find friends! \n\nDo you have any English-speaking friends?,Give me 1 sentence about the importance of learning English. Max 5 words.
demo-test-134,1001,125773,2025-08-07 02:28:40.000,18,English opens doors to opportunities. \n\nWhat opportunity do you want?,Give me 1 sentence about the importance of learning English. Max 5 words.
demo-test-135,1001,125776,2025-08-07 02:28:40.000,18,English bridges gaps between cultures. \n\nWhat culture would you like to learn about?,Give me 1 sentence about the importance of learning English. Max 5 words.
demo-test-136,1001,125775,2025-08-07 02:28:40.000,18,English is vital for success! What do you hope to achieve with English?,Give me 1 sentence about the importance of learning English. Max 5 words.
demo-test-137,1001,125772,2025-08-07 02:28:40.000,18,English opens doors to knowledge.\n\nWhat is your favorite English book?,Give me 1 sentence about the importance of learning English. Max 5 words.
demo-test-12,1001,125799,2025-08-07 02:28:41.000,54,Essential for international business success! ?,Give me 1 sentence about the importance of learning English. Max 5 words.
demo-test-30,1001,125797,2025-08-07 02:28:41.000,42,English connects people across borders. ?✨,Give me 1 sentence about the importance of learning English. Max 5 words.
demo-test-31,1001,125788,2025-08-07 02:28:41.000,35,English is important for friendship! ? Who is your best friend?,Give me 1 sentence about the importance of learning English. Max 5 words.
demo-test-45,1001,125796,2025-08-07 02:28:41.000,30,English helps in finding jobs. What job interests you? ?,Give me 1 sentence about the importance of learning English. Max 5 words.
demo-test-64,1001,125791,2025-08-07 02:28:41.000,18,English is vital for communication. What do you want to communicate in English?,Give me 1 sentence about the importance of learning English. Max 5 words.
demo-test-66,1001,125781,2025-08-07 02:28:41.000,20,English is essential for communication. What do you want to communicate?,Give me 1 sentence about the importance of learning English. Max 5 words.
demo-test-67,1001,125786,2025-08-07 02:28:41.000,19,English is important for travel. Where would you like to go?,Give me 1 sentence about the importance of learning English. Max 5 words.
demo-test-68,1001,125792,2025-08-07 02:28:41.000,18,English opens doors to knowledge.\n\nWhat do you want to learn next?,Give me 1 sentence about the importance of learning English. Max 5 words.
demo-test-69,1001,125798,2025-08-07 02:28:41.000,18,English helps you make friends. What is your favorite hobby?,Give me 1 sentence about the importance of learning English. Max 5 words.
demo-test-82,1001,125780,2025-08-07 02:28:41.000,17,English connects cultures and people.,Give me 1 sentence about the importance of learning English. Max 5 words.
demo-test-89,1001,125793,2025-08-07 02:28:41.000,16,English helps in everyday life.,Give me 1 sentence about the importance of learning English. Max 5 words.
demo-test-96,1001,125782,2025-08-07 02:28:41.000,15,English is vital for communication.,Give me 1 sentence about the importance of learning English. Max 5 words.
demo-test-102,1001,125794,2025-08-07 02:28:41.000,32,English expands your career opportunities! \n\nWhat job do you dream of?,Give me 1 sentence about the importance of learning English. Max 5 words.
demo-test-103,1001,125784,2025-08-07 02:28:41.000,31,English opens doors for success. \n\nWhat is your goal in learning English?,Give me 1 sentence about the importance of learning English. Max 5 words.
demo-test-104,1001,125785,2025-08-07 02:28:41.000,31,English opens doors to success! What success do you dream of?,Give me 1 sentence about the importance of learning English. Max 5 words.
demo-test-116,1001,125789,2025-08-07 02:28:41.000,20,English connects people around the world! \n\nWhat do you find most challenging about learning English?,Give me 1 sentence about the importance of learning English. Max 5 words.
demo-test-121,1001,125801,2025-08-07 02:28:41.000,16,English helps you find friends! \n\nWho is your best friend?,Give me 1 sentence about the importance of learning English. Max 5 words.
demo-test-122,1001,125800,2025-08-07 02:28:41.000,16,English helps you make friends! \n\nWho would you like to meet?,Give me 1 sentence about the importance of learning English. Max 5 words.
demo-test-123,1001,125787,2025-08-07 02:28:41.000,16,English boosts your confidence! \n\nWhat makes you feel confident?,Give me 1 sentence about the importance of learning English. Max 5 words.
demo-test-140,1001,125795,2025-08-07 02:28:41.000,18,English helps you make friends! \n\nWho is your best friend?,Give me 1 sentence about the importance of learning English. Max 5 words.
demo-test-141,1001,125790,2025-08-07 02:28:41.000,16,English helps you connect globally! \n\nWhat country would you like to visit?,Give me 1 sentence about the importance of learning English. Max 5 words.
demo-test-148,1001,125783,2025-08-07 02:28:41.000,18,English helps build international friendships. \n\nWho is your best friend?,Give me 1 sentence about the importance of learning English. Max 5 words.
demo-test-9,1001,125809,2025-08-07 02:28:42.000,81,English connects people across nations.,Give me 1 sentence about the importance of learning English. Max 5 words.
demo-test-14,1001,125824,2025-08-07 02:28:42.000,54,Boosts confidence in daily interactions! ?✨,Give me 1 sentence about the importance of learning English. Max 5 words.
demo-test-33,1001,125816,2025-08-07 02:28:42.000,28,English enhances your career opportunities. What subjects do you enjoy studying?,Give me 1 sentence about the importance of learning English. Max 5 words.
demo-test-34,1001,125815,2025-08-07 02:28:42.000,27,English opens doors to opportunities. What opportunities are you excited about? ?,Give me 1 sentence about the importance of learning English. Max 5 words.
demo-test-35,1001,125813,2025-08-07 02:28:42.000,26,English helps you understand others. What languages do you speak? ?,Give me 1 sentence about the importance of learning English. Max 5 words.
demo-test-48,1001,125802,2025-08-07 02:28:42.000,36,English is key for success! ?✨ What success do you dream of?,Give me 1 sentence about the importance of learning English. Max 5 words.
demo-test-49,1001,125821,2025-08-07 02:28:42.000,30,English opens doors to opportunities. What opportunity do you dream about? ?,Give me 1 sentence about the importance of learning English. Max 5 words.
demo-test-50,1001,125820,2025-08-07 02:28:42.000,30,English helps you find jobs. What job do you dream of? ??,Give me 1 sentence about the importance of learning English. Max 5 words.
demo-test-52,1001,125811,2025-08-07 02:28:42.000,24,English is essential for travel.,Give me 1 sentence about the importance of learning English. Max 5 words.
demo-test-53,1001,125812,2025-08-07 02:28:42.000,18,English opens doors to success. \n\nWhat success do you dream of?,Give me 1 sentence about the importance of learning English. Max 5 words.
demo-test-72,1001,125818,2025-08-07 02:28:42.000,14,English improves your job chances. What job do you want?,Give me 1 sentence about the importance of learning English. Max 5 words.
demo-test-85,1001,125803,2025-08-07 02:28:42.000,17,English is essential for travel.,Give me 1 sentence about the importance of learning English. Max 5 words.
demo-test-86,1001,125822,2025-08-07 02:28:42.000,20,English is key for understanding.,Give me 1 sentence about the importance of learning English. Max 5 words.
demo-test-87,1001,125825,2025-08-07 02:28:42.000,17,English connects people around world.,Give me 1 sentence about the importance of learning English. Max 5 words.
demo-test-88,1001,125807,2025-08-07 02:28:42.000,17,English connects cultures and people.,Give me 1 sentence about the importance of learning English. Max 5 words.
demo-test-106,1001,125814,2025-08-07 02:28:42.000,26,English opens doors to opportunities! \n\nWhat opportunity do you dream of?,Give me 1 sentence about the importance of learning English. Max 5 words.
demo-test-107,1001,125805,2025-08-07 02:28:42.000,29,English allows access to knowledge. \n\nWhat topic do you want to learn about?,Give me 1 sentence about the importance of learning English. Max 5 words.
demo-test-108,1001,125823,2025-08-07 02:28:42.000,29,English connects people from different countries!\n\nWhat country would you like to visit?,Give me 1 sentence about the importance of learning English. Max 5 words.
demo-test-119,1001,125804,2025-08-07 02:28:42.000,20,English is vital for travel. \n\nWhere do you want to travel?,Give me 1 sentence about the importance of learning English. Max 5 words.
demo-test-120,1001,125808,2025-08-07 02:28:42.000,20,English helps in understanding cultures! \n\nWhat culture are you most interested in?,Give me 1 sentence about the importance of learning English. Max 5 words.
demo-test-124,1001,125806,2025-08-07 02:28:42.000,16,English helps you find jobs! \n\nWhat type of job interests you?,Give me 1 sentence about the importance of learning English. Max 5 words.
demo-test-125,1001,125819,2025-08-07 02:28:42.000,16,English is key for education! \n\nWhat do you want to learn next in English?,Give me 1 sentence about the importance of learning English. Max 5 words.
demo-test-126,1001,125817,2025-08-07 02:28:42.000,17,English improves your job prospects!\n\nWhat job do you want?,Give me 1 sentence about the importance of learning English. Max 5 words.
demo-test-143,1001,125810,2025-08-07 02:28:42.000,18,English opens doors to opportunities. \n\nWhat opportunities are you excited about?,Give me 1 sentence about the importance of learning English. Max 5 words.
demo-test-1,1001,125843,2025-08-07 02:28:43.000,31,English connects people from everywhere. What do you want to learn today?,Give me 1 sentence about the importance of learning English. Max 5 words.
demo-test-2,1001,125841,2025-08-07 02:28:43.000,16,English is key for communication! ?️ Who do you want to talk to?,Give me 1 sentence about the importance of learning English. Max 5 words.
demo-test-13,1001,125837,2025-08-07 02:28:43.000,55,English is essential for communication!,Give me 1 sentence about the importance of learning English. Max 5 words.
demo-test-16,1001,125830,2025-08-07 02:28:43.000,54,English enhances personal and professional growth! ?✨,Give me 1 sentence about the importance of learning English. Max 5 words.
demo-test-17,1001,125833,2025-08-07 02:28:43.000,54,Facilitates communication in many countries!,Give me 1 sentence about the importance of learning English. Max 5 words.
demo-test-32,1001,125827,2025-08-07 02:28:43.000,29,English helps you understand cultures. What culture interests you? ??,Give me 1 sentence about the importance of learning English. Max 5 words.
demo-test-36,1001,125831,2025-08-07 02:28:43.000,27,English helps you find jobs. What is your favorite food?,Give me 1 sentence about the importance of learning English. Max 5 words.
demo-test-51,1001,125839,2025-08-07 02:28:43.000,33,English connects people from everywhere. \n\nWho would you like to connect with?,Give me 1 sentence about the importance of learning English. Max 5 words.
demo-test-54,1001,125832,2025-08-07 02:28:43.000,20,English is essential for communication. Why do you want to learn English?,Give me 1 sentence about the importance of learning English. Max 5 words.
demo-test-70,1001,125835,2025-08-07 02:28:43.000,34,English connects people across cultures. What do you think about learning it?,Give me 1 sentence about the importance of learning English. Max 5 words.
demo-test-71,1001,125838,2025-08-07 02:28:43.000,16,English is essential for success. What is your favorite English phrase?,Give me 1 sentence about the importance of learning English. Max 5 words.
demo-test-90,1001,125836,2025-08-07 02:28:43.000,17,English connects cultures and people.,Give me 1 sentence about the importance of learning English. Max 5 words.
demo-test-105,1001,125829,2025-08-07 02:28:43.000,32,English helps you travel easily! \n\nWhat country would you like to visit?,Give me 1 sentence about the importance of learning English. Max 5 words.
demo-test-132,1001,125842,2025-08-07 02:28:43.000,19,English connects people around world. \n\nWhat country do you want to visit?,Give me 1 sentence about the importance of learning English. Max 5 words.
demo-test-138,1001,125828,2025-08-07 02:28:43.000,18,English is essential for travel. \n\nWhat places would you like to visit?,Give me 1 sentence about the importance of learning English. Max 5 words.
demo-test-142,1001,125834,2025-08-07 02:28:43.000,18,English improves your global connections. \n\nWhat is your favorite English word?,Give me 1 sentence about the importance of learning English. Max 5 words.
demo-test-144,1001,125826,2025-08-07 02:28:43.000,18,English connects cultures and ideas. \n\nWhat culture interests you the most?,Give me 1 sentence about the importance of learning English. Max 5 words.
demo-test-149,1001,125840,2025-08-07 02:28:43.000,18,English connects people around world! \n\nWhat country do you want to visit?,Give me 1 sentence about the importance of learning English. Max 5 words.
demo-test-4,1001,125845,2025-08-07 02:28:44.000,95,Improves access to educational resources.,Give me 1 sentence about the importance of learning English. Max 5 words.
demo-test-18,1001,125846,2025-08-07 02:28:44.000,56,English helps in global communication! ?,Give me 1 sentence about the importance of learning English. Max 5 words.
demo-test-19,1001,125848,2025-08-07 02:28:44.000,55,English is important for connection!,Give me 1 sentence about the importance of learning English. Max 5 words.
demo-test-42,1001,125847,2025-08-07 02:28:44.000,30,English helps you understand others. What do you enjoy about English?,Give me 1 sentence about the importance of learning English. Max 5 words.
demo-test-60,1001,125849,2025-08-07 02:28:44.000,21,English is essential for travel. Where do you want to travel?,Give me 1 sentence about the importance of learning English. Max 5 words.
demo-test-139,1001,125844,2025-08-07 02:28:44.000,18,English helps you make friends! \n\nWhat do you enjoy most about learning English?,Give me 1 sentence about the importance of learning English. Max 5 words.
demo-test-5,1001,125858,2025-08-07 02:28:45.000,98,Essential for worldwide business success.,Give me 1 sentence about the importance of learning English. Max 5 words.
demo-test-7,1001,125876,2025-08-07 02:28:45.000,83,English allows access to information.,Give me 1 sentence about the importance of learning English. Max 5 words.
demo-test-15,1001,125869,2025-08-07 02:28:45.000,54,English connects people across cultures!,Give me 1 sentence about the importance of learning English. Max 5 words.
demo-test-23,1001,125867,2025-08-07 02:28:45.000,45,English is crucial for understanding! ?,Give me 1 sentence about the importance of learning English. Max 5 words.
demo-test-24,1001,125855,2025-08-07 02:28:45.000,46,English helps build global friendships! ?❤️,Give me 1 sentence about the importance of learning English. Max 5 words.
demo-test-26,1001,125861,2025-08-07 02:28:45.000,42,English opens doors to opportunities! ?✨,Give me 1 sentence about the importance of learning English. Max 5 words.
demo-test-28,1001,125856,2025-08-07 02:28:45.000,42,English is essential for travel!,Give me 1 sentence about the importance of learning English. Max 5 words.
demo-test-39,1001,125851,2025-08-07 02:28:45.000,37,English allows access to information! ? What information do you want?,Give me 1 sentence about the importance of learning English. Max 5 words.
demo-test-40,1001,125863,2025-08-07 02:28:45.000,30,English is useful for business. What business do you want?,Give me 1 sentence about the importance of learning English. Max 5 words.
demo-test-44,1001,125853,2025-08-07 02:28:45.000,30,English helps in many careers. What career interests you the most?,Give me 1 sentence about the importance of learning English. Max 5 words.
demo-test-46,1001,125875,2025-08-07 02:28:45.000,36,English allows access to information! ??,Give me 1 sentence about the importance of learning English. Max 5 words.
demo-test-62,1001,125862,2025-08-07 02:28:45.000,18,English opens doors to knowledge. What do you like to do on weekends?,Give me 1 sentence about the importance of learning English. Max 5 words.
demo-test-63,1001,125865,2025-08-07 02:28:45.000,18,English is essential for communication. What do you want to learn today?,Give me 1 sentence about the importance of learning English. Max 5 words.
demo-test-80,1001,125850,2025-08-07 02:28:45.000,18,English enhances your global opportunities.,Give me 1 sentence about the importance of learning English. Max 5 words.
demo-test-83,1001,125872,2025-08-07 02:28:45.000,18,English is useful for business.,Give me 1 sentence about the importance of learning English. Max 5 words.
demo-test-92,1001,125873,2025-08-07 02:28:45.000,16,English is essential for success.,Give me 1 sentence about the importance of learning English. Max 5 words.
demo-test-94,1001,125868,2025-08-07 02:28:45.000,14,English connects people from everywhere.,Give me 1 sentence about the importance of learning English. Max 5 words.
demo-test-95,1001,125860,2025-08-07 02:28:45.000,17,English is important for jobs.,Give me 1 sentence about the importance of learning English. Max 5 words.
demo-test-97,1001,125874,2025-08-07 02:28:45.000,17,English helps in understanding information.,Give me 1 sentence about the importance of learning English. Max 5 words.
demo-test-98,1001,125859,2025-08-07 02:28:45.000,16,English is useful for travel.,Give me 1 sentence about the importance of learning English. Max 5 words.
demo-test-99,1001,125864,2025-08-07 02:28:45.000,19,English connects people from everywhere.,Give me 1 sentence about the importance of learning English. Max 5 words.
demo-test-100,1001,125871,2025-08-07 02:28:45.000,17,English enhances global job opportunities.,Give me 1 sentence about the importance of learning English. Max 5 words.
demo-test-118,1001,125852,2025-08-07 02:28:45.000,21,English is key for global success. \n\nWhat is your dream job?,Give me 1 sentence about the importance of learning English. Max 5 words.
demo-test-129,1001,125857,2025-08-07 02:28:45.000,18,English is key for travel! Where do you want to travel?,Give me 1 sentence about the importance of learning English. Max 5 words.
demo-test-133,1001,125870,2025-08-07 02:28:45.000,19,English connects people and cultures. \n\nWhat culture do you want to explore?,Give me 1 sentence about the importance of learning English. Max 5 words.
demo-test-8,1001,125881,2025-08-07 02:28:46.000,79,English enhances job market opportunities. ?,Give me 1 sentence about the importance of learning English. Max 5 words.
demo-test-27,1001,125889,2025-08-07 02:28:46.000,46,English opens doors to knowledge! ?,Give me 1 sentence about the importance of learning English. Max 5 words.
demo-test-48,1001,125886,2025-08-07 02:28:46.000,37,English opens doors to opportunities! ?✨ What opportunity excites you most?,Give me 1 sentence about the importance of learning English. Max 5 words.
demo-test-59,1001,125880,2025-08-07 02:28:46.000,21,English is key for global communication. What do you want to learn today?,Give me 1 sentence about the importance of learning English. Max 5 words.
demo-test-61,1001,125879,2025-08-07 02:28:46.000,18,English allows global communication easily. What do you want to talk about?,Give me 1 sentence about the importance of learning English. Max 5 words.
demo-test-65,1001,125877,2025-08-07 02:28:46.000,19,English helps in global communication. What do you like to communicate about?,Give me 1 sentence about the importance of learning English. Max 5 words.
demo-test-66,1001,125887,2025-08-07 02:28:46.000,21,English helps you get jobs. What job do you want?,Give me 1 sentence about the importance of learning English. Max 5 words.
demo-test-67,1001,125888,2025-08-07 02:28:46.000,20,English opens doors to knowledge. What topic interests you in English?,Give me 1 sentence about the importance of learning English. Max 5 words.
demo-test-85,1001,125891,2025-08-07 02:28:46.000,18,English builds confidence in communication.,Give me 1 sentence about the importance of learning English. Max 5 words.
demo-test-88,1001,125883,2025-08-07 02:28:46.000,18,English is important for education.,Give me 1 sentence about the importance of learning English. Max 5 words.
demo-test-96,1001,125884,2025-08-07 02:28:46.000,16,English opens doors to success.,Give me 1 sentence about the importance of learning English. Max 5 words.
demo-test-113,1001,125882,2025-08-07 02:28:46.000,20,English is essential for communication! \n\nWhat do you like to talk about?,Give me 1 sentence about the importance of learning English. Max 5 words.
demo-test-122,1001,125892,2025-08-07 02:28:46.000,17,English builds your confidence! \n\nWhat makes you feel confident?,Give me 1 sentence about the importance of learning English. Max 5 words.
demo-test-123,1001,125890,2025-08-07 02:28:46.000,17,English opens career opportunities! \n\nWhat job do you dream of?,Give me 1 sentence about the importance of learning English. Max 5 words.
demo-test-137,1001,125885,2025-08-07 02:28:46.000,19,English connects you with others. \n\nWho is your favorite English speaker?,Give me 1 sentence about the importance of learning English. Max 5 words.
demo-test-148,1001,125878,2025-08-07 02:28:46.000,19,English is essential for travel. \n\nWhere do you want to travel?,Give me 1 sentence about the importance of learning English. Max 5 words.
demo-test-29,1001,125902,2025-08-07 02:28:47.000,46,English helps you travel easily! ✈️,Give me 1 sentence about the importance of learning English. Max 5 words.
demo-test-30,1001,125900,2025-08-07 02:28:47.000,43,English is essential for communication. ?,Give me 1 sentence about the importance of learning English. Max 5 words.
demo-test-31,1001,125895,2025-08-07 02:28:47.000,36,English is essential for education! ? What do you want to learn?,Give me 1 sentence about the importance of learning English. Max 5 words.
demo-test-36,1001,125899,2025-08-07 02:28:47.000,28,English is essential for travel. What is your favorite holiday?,Give me 1 sentence about the importance of learning English. Max 5 words.
demo-test-70,1001,125898,2025-08-07 02:28:47.000,35,English is essential for travel. What places would you like to visit?,Give me 1 sentence about the importance of learning English. Max 5 words.
demo-test-77,1001,125893,2025-08-07 02:28:47.000,16,English is vital for success.,Give me 1 sentence about the importance of learning English. Max 5 words.
demo-test-86,1001,125896,2025-08-07 02:28:47.000,21,English improves cultural understanding.,Give me 1 sentence about the importance of learning English. Max 5 words.
demo-test-89,1001,125901,2025-08-07 02:28:47.000,17,English allows better job prospects.,Give me 1 sentence about the importance of learning English. Max 5 words.
demo-test-104,1001,125897,2025-08-07 02:28:47.000,32,English is vital for understanding! What do you want to understand better?,Give me 1 sentence about the importance of learning English. Max 5 words.
demo-test-105,1001,125894,2025-08-07 02:28:47.000,33,English is key for global opportunities! \n\nWhat do you enjoy most about learning English?,Give me 1 sentence about the importance of learning English. Max 5 words.
demo-test-52,1001,125906,2025-08-07 02:28:48.000,25,English connects cultures and people.,Give me 1 sentence about the importance of learning English. Max 5 words.
demo-test-87,1001,125903,2025-08-07 02:28:48.000,18,English helps in understanding cultures.,Give me 1 sentence about the importance of learning English. Max 5 words.
demo-test-101,1001,125905,2025-08-07 02:28:48.000,45,English connects you with the world. \n\nWhat country do you want to visit?,Give me 1 sentence about the importance of learning English. Max 5 words.
demo-test-124,1001,125904,2025-08-07 02:28:48.000,17,English is useful for travel! \n\nWhere do you want to go?,Give me 1 sentence about the importance of learning English. Max 5 words.
demo-test-10,1001,125912,2025-08-07 02:28:49.000,13,English is essential for communication. What do you enjoy communicating about?,Give me 1 sentence about the importance of learning English. Max 5 words.
demo-test-14,1001,125911,2025-08-07 02:28:49.000,55,Opens doors to new friendships! ??,Give me 1 sentence about the importance of learning English. Max 5 words.
demo-test-47,1001,125910,2025-08-07 02:28:49.000,36,English opens doors to opportunities! ? What opportunity do you want?,Give me 1 sentence about the importance of learning English. Max 5 words.
demo-test-82,1001,125909,2025-08-07 02:28:49.000,18,English is essential for communication.,Give me 1 sentence about the importance of learning English. Max 5 words.
demo-test-111,1001,125908,2025-08-07 02:28:49.000,21,English helps you explore ideas! \n\nWhat ideas do you want to explore?,Give me 1 sentence about the importance of learning English. Max 5 words.
demo-test-136,1001,125907,2025-08-07 02:28:49.000,19,English improves job opportunities greatly! What job do you dream of?,Give me 1 sentence about the importance of learning English. Max 5 words.
demo-test-12,1001,125914,2025-08-07 02:28:50.000,55,Key to understanding global media! ?,Give me 1 sentence about the importance of learning English. Max 5 words.
demo-test-17,1001,125917,2025-08-07 02:28:50.000,55,Important for education and knowledge!,Give me 1 sentence about the importance of learning English. Max 5 words.
demo-test-32,1001,125915,2025-08-07 02:28:50.000,30,English is key for connection. Who do you want to connect with? ?,Give me 1 sentence about the importance of learning English. Max 5 words.
demo-test-35,1001,125921,2025-08-07 02:28:50.000,27,English opens doors to understanding. What do you want to understand better? ?,Give me 1 sentence about the importance of learning English. Max 5 words.
demo-test-51,1001,125918,2025-08-07 02:28:50.000,34,English is vital for success. \n\nWhat success do you dream of?,Give me 1 sentence about the importance of learning English. Max 5 words.
demo-test-71,1001,125919,2025-08-07 02:28:50.000,17,English improves job and travel. What do you want to learn next?,Give me 1 sentence about the importance of learning English. Max 5 words.
demo-test-107,1001,125916,2025-08-07 02:28:50.000,30,English is essential for travel. \n\nWhere do you want to travel?,Give me 1 sentence about the importance of learning English. Max 5 words.
demo-test-119,1001,125913,2025-08-07 02:28:50.000,21,English improves your global connections. \n\nWhat connections do you want to make?,Give me 1 sentence about the importance of learning English. Max 5 words.
demo-test-135,1001,125922,2025-08-07 02:28:50.000,19,English helps in global communication. \n\nWhat is your favorite English activity?,Give me 1 sentence about the importance of learning English. Max 5 words.
demo-test-142,1001,125920,2025-08-07 02:28:50.000,19,English helps in understanding others.\n\nWhat do you enjoy doing in your free time?,Give me 1 sentence about the importance of learning English. Max 5 words.
demo-test-54,1001,125926,2025-08-07 02:28:51.000,21,English opens doors to knowledge. What knowledge do you want to gain?,Give me 1 sentence about the importance of learning English. Max 5 words.
demo-test-64,1001,125925,2025-08-07 02:28:51.000,19,English is important for travel. Where do you want to travel?,Give me 1 sentence about the importance of learning English. Max 5 words.
demo-test-90,1001,125929,2025-08-07 02:28:51.000,18,English opens doors to opportunities.,Give me 1 sentence about the importance of learning English. Max 5 words.
demo-test-108,1001,125928,2025-08-07 02:28:51.000,30,English is key for global travel!\n\nWhere would you like to travel?,Give me 1 sentence about the importance of learning English. Max 5 words.
demo-test-116,1001,125924,2025-08-07 02:28:51.000,21,English is key for travel! \n\nWhere would you like to travel using English?,Give me 1 sentence about the importance of learning English. Max 5 words.
demo-test-134,1001,125927,2025-08-07 02:28:51.000,19,English connects people across cultures. \n\nWhat culture do you find interesting?,Give me 1 sentence about the importance of learning English. Max 5 words.
demo-test-139,1001,125923,2025-08-07 02:28:51.000,19,English is key for communication! \n\nWhat do you want to learn next in English?,Give me 1 sentence about the importance of learning English. Max 5 words.
demo-test-143,1001,125930,2025-08-07 02:28:51.000,19,English helps you travel easily. \n\nWhere would you like to travel?,Give me 1 sentence about the importance of learning English. Max 5 words.
demo-test-13,1001,125934,2025-08-07 02:28:52.000,56,English helps you succeed globally!,Give me 1 sentence about the importance of learning English. Max 5 words.
demo-test-16,1001,125932,2025-08-07 02:28:52.000,55,English helps you understand others! ??,Give me 1 sentence about the importance of learning English. Max 5 words.
demo-test-18,1001,125933,2025-08-07 02:28:52.000,57,English is essential for understanding! ?,Give me 1 sentence about the importance of learning English. Max 5 words.
demo-test-45,1001,125936,2025-08-07 02:28:52.000,31,English allows access to information. What information do you want? ?,Give me 1 sentence about the importance of learning English. Max 5 words.
demo-test-49,1001,125931,2025-08-07 02:28:52.000,31,English helps you share ideas. What ideas do you want to share? ??,Give me 1 sentence about the importance of learning English. Max 5 words.
demo-test-68,1001,125937,2025-08-07 02:28:52.000,19,English helps in travel easily.\n\nWhat places do you want to visit?,Give me 1 sentence about the importance of learning English. Max 5 words.
demo-test-72,1001,125935,2025-08-07 02:28:52.000,15,English opens doors to opportunities. What are your goals in learning English?,Give me 1 sentence about the importance of learning English. Max 5 words.
demo-test-125,1001,125939,2025-08-07 02:28:52.000,17,English is essential for jobs! \n\nWhat job do you want to have in the future?,Give me 1 sentence about the importance of learning English. Max 5 words.
demo-test-141,1001,125938,2025-08-07 02:28:52.000,17,English is useful for travel! \n\nWhere do you want to travel?,Give me 1 sentence about the importance of learning English. Max 5 words.
demo-test-34,1001,125942,2025-08-07 02:28:53.000,28,English connects people around the world. Who would you like to meet? ?,Give me 1 sentence about the importance of learning English. Max 5 words.
demo-test-50,1001,125943,2025-08-07 02:28:53.000,31,English connects people across cultures. What culture fascinates you the most? ?✨,Give me 1 sentence about the importance of learning English. Max 5 words.
demo-test-53,1001,125945,2025-08-07 02:28:53.000,19,English enables global communication easily. \n\nWho would you like to talk to?,Give me 1 sentence about the importance of learning English. Max 5 words.
demo-test-102,1001,125941,2025-08-07 02:28:53.000,33,English is essential for travel! \n\nWhere would you like to travel?,Give me 1 sentence about the importance of learning English. Max 5 words.
demo-test-120,1001,125940,2025-08-07 02:28:53.000,21,English is essential for education! \n\nWhat do you want to study in English?,Give me 1 sentence about the importance of learning English. Max 5 words.
demo-test-140,1001,125944,2025-08-07 02:28:53.000,19,English is essential for jobs! \n\nWhat job do you dream of?,Give me 1 sentence about the importance of learning English. Max 5 words.
demo-test-69,1001,125946,2025-08-07 02:28:54.000,19,English is important for communication. What do you enjoy doing?,Give me 1 sentence about the importance of learning English. Max 5 words.
demo-test-117,1001,125948,2025-08-07 02:28:54.000,21,English is key for global communication!\n\nWhat do you want to communicate in English?,Give me 1 sentence about the importance of learning English. Max 5 words.
demo-test-121,1001,125949,2025-08-07 02:28:54.000,17,English is vital for travel!\n\nWhere do you want to travel?,Give me 1 sentence about the importance of learning English. Max 5 words.
demo-test-131,1001,125947,2025-08-07 02:28:54.000,17,English allows global communication! \n\nWhat do you enjoy about learning English?,Give me 1 sentence about the importance of learning English. Max 5 words.
demo-test-9,1001,125951,2025-08-07 02:28:55.000,82,English boosts confidence in communication.,Give me 1 sentence about the importance of learning English. Max 5 words.
demo-test-33,1001,125954,2025-08-07 02:28:55.000,29,English improves global job prospects. What is your favorite sport? ?,Give me 1 sentence about the importance of learning English. Max 5 words.
demo-test-106,1001,125953,2025-08-07 02:28:55.000,27,English is essential for communication! \n\nWhat do you like to talk about?,Give me 1 sentence about the importance of learning English. Max 5 words.
demo-test-126,1001,125952,2025-08-07 02:28:55.000,18,English helps in global business!\n\nWhat business do you find interesting?,Give me 1 sentence about the importance of learning English. Max 5 words.
demo-test-138,1001,125950,2025-08-07 02:28:55.000,19,English allows global communication easily. \n\nWhat do you find most challenging in English?,Give me 1 sentence about the importance of learning English. Max 5 words.
demo-test-144,1001,125955,2025-08-07 02:28:55.000,19,English opens doors to knowledge. \n\nWhat do you want to learn?,Give me 1 sentence about the importance of learning English. Max 5 words.
demo-test-43,1001,125956,2025-08-07 02:28:56.000,30,English opens doors to opportunities! What opportunities excite you the most? ?,Give me 1 sentence about the importance of learning English. Max 5 words.
demo-test-103,1001,125957,2025-08-07 02:28:56.000,32,English connects cultures and people worldwide. \n\nWhat culture interests you the most?,Give me 1 sentence about the importance of learning English. Max 5 words.
demo-test-92,1001,125961,2025-08-07 02:29:47.000,17,English connects people from everywhere.,Give me 1 sentence about the importance of learning English. Max 5 words.
demo-test-4,1001,125963,2025-08-07 02:29:49.000,96,Facilitates global business interactions.,Give me 1 sentence about the importance of learning English. Max 5 words.
demo-test-77,1001,125967,2025-08-07 02:29:49.000,17,English improves global job prospects.,Give me 1 sentence about the importance of learning English. Max 5 words.
demo-test-78,1001,125964,2025-08-07 02:29:49.000,17,English enhances travel and exploration.,Give me 1 sentence about the importance of learning English. Max 5 words.
demo-test-79,1001,125968,2025-08-07 02:29:49.000,17,English is vital for communication.,Give me 1 sentence about the importance of learning English. Max 5 words.
demo-test-80,1001,125962,2025-08-07 02:29:49.000,19,English allows access to information.,Give me 1 sentence about the importance of learning English. Max 5 words.
demo-test-116,1001,125966,2025-08-07 02:29:49.000,22,English opens doors to knowledge! \n\nWhat topic are you most interested in learning about?,Give me 1 sentence about the importance of learning English. Max 5 words.
demo-test-136,1001,125965,2025-08-07 02:29:49.000,20,English helps connect with others! Who would you like to meet?,Give me 1 sentence about the importance of learning English. Max 5 words.
demo-test-5,1001,125972,2025-08-07 02:29:50.000,99,Supports personal and professional growth.,Give me 1 sentence about the importance of learning English. Max 5 words.
demo-test-7,1001,125978,2025-08-07 02:29:50.000,84,English facilitates international friendships and connections.,Give me 1 sentence about the importance of learning English. Max 5 words.
demo-test-9,1001,125985,2025-08-07 02:29:50.000,83,English enables global job opportunities.,Give me 1 sentence about the importance of learning English. Max 5 words.
demo-test-13,1001,125986,2025-08-07 02:29:50.000,57,English is important for opportunities!,Give me 1 sentence about the importance of learning English. Max 5 words.
demo-test-27,1001,125971,2025-08-07 02:29:50.000,47,English is vital for success! ?,Give me 1 sentence about the importance of learning English. Max 5 words.
demo-test-40,1001,125982,2025-08-07 02:29:50.000,31,English opens opportunities for growth. What growth do you seek?,Give me 1 sentence about the importance of learning English. Max 5 words.
demo-test-43,1001,125975,2025-08-07 02:29:50.000,31,English is key for success! What does success mean to you? ?,Give me 1 sentence about the importance of learning English. Max 5 words.
demo-test-47,1001,125979,2025-08-07 02:29:50.000,37,English is important for travel! ✈️ Where do you want to go?,Give me 1 sentence about the importance of learning English. Max 5 words.
demo-test-58,1001,125983,2025-08-07 02:29:50.000,20,English helps in global communication. What do you find fun about English?,Give me 1 sentence about the importance of learning English. Max 5 words.
demo-test-60,1001,125976,2025-08-07 02:29:50.000,22,English helps you understand culture. What culture interests you the most?,Give me 1 sentence about the importance of learning English. Max 5 words.
demo-test-63,1001,125984,2025-08-07 02:29:50.000,19,English opens doors to learning. What is your favorite English lesson?,Give me 1 sentence about the importance of learning English. Max 5 words.
demo-test-65,1001,125988,2025-08-07 02:29:50.000,20,English opens doors to knowledge. What knowledge do you want to gain?,Give me 1 sentence about the importance of learning English. Max 5 words.
demo-test-81,1001,125970,2025-08-07 02:29:50.000,17,English is useful for friendships.,Give me 1 sentence about the importance of learning English. Max 5 words.
demo-test-82,1001,125980,2025-08-07 02:29:50.000,19,English improves job opportunities worldwide.,Give me 1 sentence about the importance of learning English. Max 5 words.
demo-test-94,1001,125977,2025-08-07 02:29:50.000,15,English is important for travel.,Give me 1 sentence about the importance of learning English. Max 5 words.
demo-test-97,1001,125974,2025-08-07 02:29:50.000,18,English connects people from everywhere.,Give me 1 sentence about the importance of learning English. Max 5 words.
demo-test-98,1001,125969,2025-08-07 02:29:50.000,17,English opens doors to opportunities.,Give me 1 sentence about the importance of learning English. Max 5 words.
demo-test-133,1001,125973,2025-08-07 02:29:50.000,20,English is key for communication. \n\nWhat do you want to communicate in English?,Give me 1 sentence about the importance of learning English. Max 5 words.
demo-test-137,1001,125987,2025-08-07 02:29:50.000,20,English helps in global understanding.\n\nWhat do you enjoy most about learning English?,Give me 1 sentence about the importance of learning English. Max 5 words.
demo-test-149,1001,125981,2025-08-07 02:29:50.000,19,English is vital for communication! \n\nWhat do you enjoy most about learning English?,Give me 1 sentence about the importance of learning English. Max 5 words.
demo-test-10,1001,126032,2025-08-07 02:29:51.000,14,English helps you understand cultures. What culture interests you the most?,Give me 1 sentence about the importance of learning English. Max 5 words.
demo-test-11,1001,125995,2025-08-07 02:29:51.000,52,English enhances understanding of cultures! ?,Give me 1 sentence about the importance of learning English. Max 5 words.
demo-test-12,1001,125996,2025-08-07 02:29:51.000,56,Supports academic success and achievement! ?,Give me 1 sentence about the importance of learning English. Max 5 words.
demo-test-14,1001,126002,2025-08-07 02:29:51.000,56,Improves access to global information! ??,Give me 1 sentence about the importance of learning English. Max 5 words.
demo-test-15,1001,126025,2025-08-07 02:29:51.000,55,English boosts confidence in communication!,Give me 1 sentence about the importance of learning English. Max 5 words.
demo-test-24,1001,126007,2025-08-07 02:29:51.000,47,English is key for understanding! ?✨,Give me 1 sentence about the importance of learning English. Max 5 words.
demo-test-26,1001,126011,2025-08-07 02:29:51.000,43,English enhances your global connections! ?❤️,Give me 1 sentence about the importance of learning English. Max 5 words.
demo-test-30,1001,125997,2025-08-07 02:29:51.000,44,English is key for understanding. ??,Give me 1 sentence about the importance of learning English. Max 5 words.
demo-test-31,1001,126006,2025-08-07 02:29:51.000,37,English helps in understanding cultures! ? Which culture interests you most?,Give me 1 sentence about the importance of learning English. Max 5 words.
demo-test-33,1001,126023,2025-08-07 02:29:51.000,30,English connects people across cultures. What is your favorite food? ?,Give me 1 sentence about the importance of learning English. Max 5 words.
demo-test-41,1001,126010,2025-08-07 02:29:51.000,29,English helps in everyday life. What do you want to learn today?,Give me 1 sentence about the importance of learning English. Max 5 words.
demo-test-48,1001,126034,2025-08-07 02:29:51.000,38,English helps you connect globally! ?? What country do you want to visit?,Give me 1 sentence about the importance of learning English. Max 5 words.
demo-test-49,1001,126028,2025-08-07 02:29:51.000,32,English is vital for communication. What do you want to communicate? ??,Give me 1 sentence about the importance of learning English. Max 5 words.
demo-test-51,1001,126026,2025-08-07 02:29:51.000,35,English helps in understanding technology. \n\nWhat technology do you like?,Give me 1 sentence about the importance of learning English. Max 5 words.
demo-test-64,1001,126021,2025-08-07 02:29:51.000,20,English helps in global opportunities. What opportunity excites you the most?,Give me 1 sentence about the importance of learning English. Max 5 words.
demo-test-66,1001,126020,2025-08-07 02:29:51.000,22,English opens doors to knowledge. What knowledge do you seek?,Give me 1 sentence about the importance of learning English. Max 5 words.
demo-test-67,1001,126014,2025-08-07 02:29:51.000,21,English connects people around the world. What do you want to practice today?,Give me 1 sentence about the importance of learning English. Max 5 words.
demo-test-68,1001,125991,2025-08-07 02:29:51.000,20,English improves job opportunities greatly.\n\nWhat job do you want?,Give me 1 sentence about the importance of learning English. Max 5 words.
demo-test-69,1001,126035,2025-08-07 02:29:51.000,20,English opens doors to knowledge. What is your favorite game?,Give me 1 sentence about the importance of learning English. Max 5 words.
demo-test-84,1001,126012,2025-08-07 02:29:51.000,17,English helps in everyday life.,Give me 1 sentence about the importance of learning English. Max 5 words.
demo-test-85,1001,126004,2025-08-07 02:29:51.000,19,English connects people across countries.,Give me 1 sentence about the importance of learning English. Max 5 words.
demo-test-86,1001,126009,2025-08-07 02:29:51.000,22,English opens doors to opportunities.,Give me 1 sentence about the importance of learning English. Max 5 words.
demo-test-99,1001,126016,2025-08-07 02:29:51.000,20,English is vital for success.,Give me 1 sentence about the importance of learning English. Max 5 words.
demo-test-100,1001,126003,2025-08-07 02:29:51.000,18,English is key for communication.,Give me 1 sentence about the importance of learning English. Max 5 words.
demo-test-101,1001,125990,2025-08-07 02:29:51.000,46,English improves communication with others. \n\nWhat do you enjoy learning most?,Give me 1 sentence about the importance of learning English. Max 5 words.
demo-test-102,1001,125994,2025-08-07 02:29:51.000,34,English connects you with friends! \n\nWho is your best friend?,Give me 1 sentence about the importance of learning English. Max 5 words.
demo-test-103,1001,125992,2025-08-07 02:29:51.000,33,English is vital for communication. \n\nWhat do you enjoy about speaking English?,Give me 1 sentence about the importance of learning English. Max 5 words.
demo-test-105,1001,126027,2025-08-07 02:29:51.000,34,English connects people from everywhere! \n\nWhat is your favorite English word?,Give me 1 sentence about the importance of learning English. Max 5 words.
demo-test-111,1001,126017,2025-08-07 02:29:51.000,22,English is useful for travel! \n\nWhere do you want to travel?,Give me 1 sentence about the importance of learning English. Max 5 words.
demo-test-114,1001,126005,2025-08-07 02:29:51.000,20,English helps you understand technology! \n\nWhat technology do you like most?,Give me 1 sentence about the importance of learning English. Max 5 words.
demo-test-115,1001,126001,2025-08-07 02:29:51.000,20,English connects people around the world. \n\nWhat country would you like to visit?,Give me 1 sentence about the importance of learning English. Max 5 words.
demo-test-117,1001,125998,2025-08-07 02:29:51.000,22,English opens doors to new cultures!\n\nWhat culture interests you the most?,Give me 1 sentence about the importance of learning English. Max 5 words.
demo-test-118,1001,126000,2025-08-07 02:29:51.000,22,English opens doors to opportunities. \n\nWhat opportunity do you dream of?,Give me 1 sentence about the importance of learning English. Max 5 words.
demo-test-119,1001,126029,2025-08-07 02:29:51.000,22,English helps you share ideas. \n\nWhat ideas do you want to share?,Give me 1 sentence about the importance of learning English. Max 5 words.
demo-test-120,1001,126008,2025-08-07 02:29:51.000,22,English is key for opportunities! \n\nWhat opportunity do you dream of?,Give me 1 sentence about the importance of learning English. Max 5 words.
demo-test-121,1001,126022,2025-08-07 02:29:51.000,18,English improves your job prospects!\n\nWhat job do you want?,Give me 1 sentence about the importance of learning English. Max 5 words.
demo-test-122,1001,126013,2025-08-07 02:29:51.000,18,English connects you to opportunities! \n\nWhat opportunity do you want?,Give me 1 sentence about the importance of learning English. Max 5 words.
demo-test-123,1001,126033,2025-08-07 02:29:51.000,18,English connects you with others! \n\nWho would you like to meet?,Give me 1 sentence about the importance of learning English. Max 5 words.
demo-test-134,1001,125989,2025-08-07 02:29:51.000,20,English helps in global business. \n\nWhat job do you want?,Give me 1 sentence about the importance of learning English. Max 5 words.
demo-test-135,1001,126031,2025-08-07 02:29:51.000,20,English is vital for travel. \n\nWhere would you like to travel?,Give me 1 sentence about the importance of learning English. Max 5 words.
demo-test-138,1001,125993,2025-08-07 02:29:51.000,20,English helps in connecting people. \n\nWhat do you enjoy most about learning English?,Give me 1 sentence about the importance of learning English. Max 5 words.
demo-test-139,1001,126024,2025-08-07 02:29:51.000,20,English opens doors to the world! \n\nWhat is your favorite English lesson so far?,Give me 1 sentence about the importance of learning English. Max 5 words.
demo-test-140,1001,125999,2025-08-07 02:29:51.000,20,English helps in global communication! \n\nWhat do you want to communicate about?,Give me 1 sentence about the importance of learning English. Max 5 words.
demo-test-142,1001,126030,2025-08-07 02:29:51.000,20,English opens doors to knowledge.\n\nWhat book or movie do you like?,Give me 1 sentence about the importance of learning English. Max 5 words.
demo-test-147,1001,126015,2025-08-07 02:29:51.000,18,English connects you to the world! What is your favorite English phrase?,Give me 1 sentence about the importance of learning English. Max 5 words.
demo-test-50,1001,126036,2025-08-07 02:29:52.000,32,English is key for global communication. What do you enjoy talking about? ??,Give me 1 sentence about the importance of learning English. Max 5 words.
demo-test-17,1001,126053,2025-08-07 02:29:53.000,56,Key for international friendships and connections!,Give me 1 sentence about the importance of learning English. Max 5 words.
demo-test-18,1001,126044,2025-08-07 02:29:53.000,58,English is important for travel! ✈️,Give me 1 sentence about the importance of learning English. Max 5 words.
demo-test-32,1001,126043,2025-08-07 02:29:53.000,31,English opens doors to opportunities. What opportunity do you dream of? ?,Give me 1 sentence about the importance of learning English. Max 5 words.
demo-test-52,1001,126041,2025-08-07 02:29:53.000,26,English is important for education.,Give me 1 sentence about the importance of learning English. Max 5 words.
demo-test-54,1001,126054,2025-08-07 02:29:53.000,22,English is vital for success. What success do you want to achieve?,Give me 1 sentence about the importance of learning English. Max 5 words.
demo-test-70,1001,126058,2025-08-07 02:29:53.000,36,English helps access global information. What information interests you the most?,Give me 1 sentence about the importance of learning English. Max 5 words.
demo-test-71,1001,126037,2025-08-07 02:29:53.000,18,English is vital for communication. What's your favorite English word?,Give me 1 sentence about the importance of learning English. Max 5 words.
demo-test-72,1001,126046,2025-08-07 02:29:53.000,16,English is essential for communication. What do you like about English?,Give me 1 sentence about the importance of learning English. Max 5 words.
demo-test-77,1001,126060,2025-08-07 02:29:53.000,18,English helps in daily communication.,Give me 1 sentence about the importance of learning English. Max 5 words.
demo-test-78,1001,126052,2025-08-07 02:29:53.000,18,English is key for success.,Give me 1 sentence about the importance of learning English. Max 5 words.
demo-test-81,1001,126059,2025-08-07 02:29:53.000,18,English improves your communication skills.,Give me 1 sentence about the importance of learning English. Max 5 words.
demo-test-87,1001,126038,2025-08-07 02:29:53.000,19,English is vital for education.,Give me 1 sentence about the importance of learning English. Max 5 words.
demo-test-88,1001,126039,2025-08-07 02:29:53.000,19,English opens doors to jobs.,Give me 1 sentence about the importance of learning English. Max 5 words.
demo-test-89,1001,126049,2025-08-07 02:29:53.000,18,English connects you with others.,Give me 1 sentence about the importance of learning English. Max 5 words.
demo-test-90,1001,126042,2025-08-07 02:29:53.000,19,English is vital for communication.,Give me 1 sentence about the importance of learning English. Max 5 words.
demo-test-92,1001,126045,2025-08-07 02:29:53.000,18,English opens doors to opportunities.,Give me 1 sentence about the importance of learning English. Max 5 words.
demo-test-104,1001,126040,2025-08-07 02:29:53.000,33,English helps you study worldwide! What subject do you enjoy studying?,Give me 1 sentence about the importance of learning English. Max 5 words.
demo-test-106,1001,126051,2025-08-07 02:29:53.000,28,English helps in studying abroad! \n\nWhere would you like to study?,Give me 1 sentence about the importance of learning English. Max 5 words.
demo-test-107,1001,126057,2025-08-07 02:29:53.000,31,English connects people from everywhere. \n\nWhat country do you want to visit?,Give me 1 sentence about the importance of learning English. Max 5 words.
demo-test-108,1001,126050,2025-08-07 02:29:53.000,31,English opens doors to new opportunities!\n\nWhat opportunities are you excited about?,Give me 1 sentence about the importance of learning English. Max 5 words.
demo-test-124,1001,126056,2025-08-07 02:29:53.000,18,English improves your communication skills! \n\nWhat do you like to communicate about?,Give me 1 sentence about the importance of learning English. Max 5 words.
demo-test-125,1001,126047,2025-08-07 02:29:53.000,18,English enables global friendships easily! \n\nWho is your best friend?,Give me 1 sentence about the importance of learning English. Max 5 words.
demo-test-126,1001,126055,2025-08-07 02:29:53.000,19,English is essential for success!\n\nWhat does success mean to you?,Give me 1 sentence about the importance of learning English. Max 5 words.
demo-test-141,1001,126048,2025-08-07 02:29:53.000,18,English helps in global communication! \n\nWhat do you enjoy about learning English?,Give me 1 sentence about the importance of learning English. Max 5 words.
demo-test-4,1001,126070,2025-08-07 02:29:54.000,97,Enhances communication in various fields.,Give me 1 sentence about the importance of learning English. Max 5 words.
demo-test-16,1001,126069,2025-08-07 02:29:54.000,56,English is vital for travel! ✈️,Give me 1 sentence about the importance of learning English. Max 5 words.
demo-test-35,1001,126062,2025-08-07 02:29:54.000,28,English is key to success. What is your dream job? ?,Give me 1 sentence about the importance of learning English. Max 5 words.
demo-test-36,1001,126065,2025-08-07 02:29:54.000,29,English connects people and ideas. What do you like to do for fun?,Give me 1 sentence about the importance of learning English. Max 5 words.
demo-test-43,1001,126066,2025-08-07 02:29:54.000,32,English connects people around world! What do you like about connecting with others? ?,Give me 1 sentence about the importance of learning English. Max 5 words.
demo-test-47,1001,126068,2025-08-07 02:29:54.000,38,English helps you explore cultures! ? What culture interests you?,Give me 1 sentence about the importance of learning English. Max 5 words.
demo-test-53,1001,126064,2025-08-07 02:29:54.000,20,English connects people from everywhere. \n\nWhat would you like to learn next?,Give me 1 sentence about the importance of learning English. Max 5 words.
demo-test-80,1001,126061,2025-08-07 02:29:54.000,20,English is vital for success.,Give me 1 sentence about the importance of learning English. Max 5 words.
demo-test-94,1001,126073,2025-08-07 02:29:54.000,16,English allows access to information.,Give me 1 sentence about the importance of learning English. Max 5 words.
demo-test-98,1001,126071,2025-08-07 02:29:54.000,18,English is vital for communication.,Give me 1 sentence about the importance of learning English. Max 5 words.
demo-test-99,1001,126074,2025-08-07 02:29:54.000,21,English helps you find jobs.,Give me 1 sentence about the importance of learning English. Max 5 words.
demo-test-133,1001,126072,2025-08-07 02:29:54.000,21,English opens doors to opportunities. \n\nWhat opportunity are you excited about?,Give me 1 sentence about the importance of learning English. Max 5 words.
demo-test-143,1001,126063,2025-08-07 02:29:54.000,20,English connects you with others. \n\nWho do you want to connect with?,Give me 1 sentence about the importance of learning English. Max 5 words.
demo-test-144,1001,126067,2025-08-07 02:29:54.000,20,English enhances communication with others. \n\nWho do you want to talk to in English?,Give me 1 sentence about the importance of learning English. Max 5 words.
demo-test-12,1001,126081,2025-08-07 02:29:55.000,57,Enhances critical thinking and creativity! ?,Give me 1 sentence about the importance of learning English. Max 5 words.
demo-test-13,1001,126077,2025-08-07 02:29:55.000,58,English helps you understand better!,Give me 1 sentence about the importance of learning English. Max 5 words.
demo-test-24,1001,126078,2025-08-07 02:29:55.000,48,English opens doors to knowledge! ??,Give me 1 sentence about the importance of learning English. Max 5 words.
demo-test-67,1001,126079,2025-08-07 02:29:55.000,22,English is key for global communication. What do you think about that?,Give me 1 sentence about the importance of learning English. Max 5 words.
demo-test-82,1001,126080,2025-08-07 02:29:55.000,20,English is key for understanding.,Give me 1 sentence about the importance of learning English. Max 5 words.
demo-test-86,1001,126075,2025-08-07 02:29:55.000,23,English connects people across cultures.,Give me 1 sentence about the importance of learning English. Max 5 words.
demo-test-136,1001,126076,2025-08-07 02:29:55.000,21,English is key for understanding! What do you want to understand better?,Give me 1 sentence about the importance of learning English. Max 5 words.
demo-test-11,1001,126083,2025-08-07 02:29:56.000,53,English is vital for education! ?,Give me 1 sentence about the importance of learning English. Max 5 words.
demo-test-27,1001,126089,2025-08-07 02:29:56.000,48,English connects people around world! ?,Give me 1 sentence about the importance of learning English. Max 5 words.
demo-test-85,1001,126087,2025-08-07 02:29:56.000,20,English allows access to information.,Give me 1 sentence about the importance of learning English. Max 5 words.
demo-test-97,1001,126084,2025-08-07 02:29:56.000,19,English is vital for success.,Give me 1 sentence about the importance of learning English. Max 5 words.
demo-test-102,1001,126086,2025-08-07 02:29:56.000,35,English helps you access information! \n\nWhat type of information do you like?,Give me 1 sentence about the importance of learning English. Max 5 words.
demo-test-119,1001,126082,2025-08-07 02:29:56.000,23,English allows access to information. \n\nWhat information are you curious about?,Give me 1 sentence about the importance of learning English. Max 5 words.
demo-test-138,1001,126085,2025-08-07 02:29:56.000,21,English is important for education. \n\nWhat subject do you like most in school?,Give me 1 sentence about the importance of learning English. Max 5 words.
demo-test-140,1001,126088,2025-08-07 02:29:56.000,21,English opens doors to knowledge! \n\nWhat is something new you want to learn?,Give me 1 sentence about the importance of learning English. Max 5 words.
demo-test-7,1001,126095,2025-08-07 02:29:57.000,85,English is vital for communication.,Give me 1 sentence about the importance of learning English. Max 5 words.
demo-test-14,1001,126098,2025-08-07 02:29:57.000,57,Enhances understanding of world cultures! ?✨,Give me 1 sentence about the importance of learning English. Max 5 words.
demo-test-15,1001,126092,2025-08-07 02:29:57.000,56,English is vital for careers!,Give me 1 sentence about the importance of learning English. Max 5 words.
demo-test-31,1001,126101,2025-08-07 02:29:57.000,38,English is key for communication! ? Who do you want to talk to?,Give me 1 sentence about the importance of learning English. Max 5 words.
demo-test-33,1001,126099,2025-08-07 02:29:57.000,31,English is essential for communication. What do you like to read? ?,Give me 1 sentence about the importance of learning English. Max 5 words.
demo-test-68,1001,126096,2025-08-07 02:29:57.000,21,English is important for travel.\n\nWhat country would you like to visit?,Give me 1 sentence about the importance of learning English. Max 5 words.
demo-test-79,1001,126100,2025-08-07 02:29:57.000,18,English connects people from everywhere.,Give me 1 sentence about the importance of learning English. Max 5 words.
demo-test-105,1001,126093,2025-08-07 02:29:57.000,35,English improves job and travel opportunities! \n\nWhat do you want to do with your English skills?,Give me 1 sentence about the importance of learning English. Max 5 words.
demo-test-121,1001,126090,2025-08-07 02:29:57.000,19,English enables global communication skills!\n\nWhat do you want to communicate?,Give me 1 sentence about the importance of learning English. Max 5 words.
demo-test-122,1001,126091,2025-08-07 02:29:57.000,19,English is key for travel! \n\nWhere do you want to travel?,Give me 1 sentence about the importance of learning English. Max 5 words.
demo-test-134,1001,126097,2025-08-07 02:29:57.000,21,English is vital for communication. \n\nWho do you want to talk to in English?,Give me 1 sentence about the importance of learning English. Max 5 words.
demo-test-149,1001,126094,2025-08-07 02:29:57.000,20,English opens doors to opportunities! \n\nWhat opportunity do you want to explore?,Give me 1 sentence about the importance of learning English. Max 5 words.
demo-test-30,1001,126106,2025-08-07 02:29:58.000,45,English helps in global business. ??,Give me 1 sentence about the importance of learning English. Max 5 words.
demo-test-34,1001,126103,2025-08-07 02:29:58.000,29,English is crucial for communication. What do you enjoy about communicating? ?,Give me 1 sentence about the importance of learning English. Max 5 words.
demo-test-65,1001,126102,2025-08-07 02:29:58.000,21,English is key for understanding. What do you want to understand better?,Give me 1 sentence about the importance of learning English. Max 5 words.
demo-test-90,1001,126104,2025-08-07 02:29:58.000,20,English is important for success.,Give me 1 sentence about the importance of learning English. Max 5 words.
demo-test-100,1001,126105,2025-08-07 02:29:58.000,19,English helps you travel easily.,Give me 1 sentence about the importance of learning English. Max 5 words.
demo-test-103,1001,126108,2025-08-07 02:29:58.000,34,English helps with global understanding. \n\nWhat is your favorite English word?,Give me 1 sentence about the importance of learning English. Max 5 words.
demo-test-117,1001,126109,2025-08-07 02:29:58.000,23,English connects you with the world!\n\nWhat country would you like to visit?,Give me 1 sentence about the importance of learning English. Max 5 words.
demo-test-126,1001,126107,2025-08-07 02:29:58.000,20,English connects people and cultures!\n\nWhat culture fascinates you the most?,Give me 1 sentence about the importance of learning English. Max 5 words.
demo-test-5,1001,126115,2025-08-07 02:29:59.000,100,Key to global opportunities and connections.,Give me 1 sentence about the importance of learning English. Max 5 words.
demo-test-10,1001,126120,2025-08-07 02:29:59.000,15,English is vital for education. What do you want to learn next?,Give me 1 sentence about the importance of learning English. Max 5 words.
demo-test-16,1001,126112,2025-08-07 02:29:59.000,57,English connects people around the world! ?,Give me 1 sentence about the importance of learning English. Max 5 words.
demo-test-18,1001,126121,2025-08-07 02:29:59.000,59,English opens global job opportunities! ?,Give me 1 sentence about the importance of learning English. Max 5 words.
demo-test-26,1001,126113,2025-08-07 02:29:59.000,44,English is key for understanding! ?✨,Give me 1 sentence about the importance of learning English. Max 5 words.
demo-test-52,1001,126119,2025-08-07 02:29:59.000,27,English opens global communication channels.,Give me 1 sentence about the importance of learning English. Max 5 words.
demo-test-60,1001,126118,2025-08-07 02:29:59.000,23,English opens doors to knowledge. What do you want to learn?,Give me 1 sentence about the importance of learning English. Max 5 words.
demo-test-89,1001,126122,2025-08-07 02:29:59.000,19,English helps you make friends.,Give me 1 sentence about the importance of learning English. Max 5 words.
demo-test-101,1001,126114,2025-08-07 02:29:59.000,47,English is vital for education. \n\nWhat subject do you like best?,Give me 1 sentence about the importance of learning English. Max 5 words.
demo-test-106,1001,126116,2025-08-07 02:29:59.000,29,English is vital for success! \n\nWhat success do you want?,Give me 1 sentence about the importance of learning English. Max 5 words.
demo-test-111,1001,126110,2025-08-07 02:29:59.000,23,English opens doors to opportunities! \n\nWhat opportunity do you dream of?,Give me 1 sentence about the importance of learning English. Max 5 words.
demo-test-118,1001,126123,2025-08-07 02:29:59.000,23,English connects you with the world. \n\nWhat part of the world interests you?,Give me 1 sentence about the importance of learning English. Max 5 words.
demo-test-125,1001,126117,2025-08-07 02:29:59.000,19,English helps share ideas worldwide! \n\nWhat ideas do you want to share?,Give me 1 sentence about the importance of learning English. Max 5 words.
demo-test-143,1001,126111,2025-08-07 02:29:59.000,21,English is useful for business. \n\nWhat job do you dream of?,Give me 1 sentence about the importance of learning English. Max 5 words.
demo-test-9,1001,126135,2025-08-07 02:30:00.000,84,English is essential for success.,Give me 1 sentence about the importance of learning English. Max 5 words.
demo-test-17,1001,126128,2025-08-07 02:30:00.000,57,Boosts confidence in speaking skills!,Give me 1 sentence about the importance of learning English. Max 5 words.
demo-test-35,1001,126125,2025-08-07 02:30:00.000,29,English helps in global communication. What do you enjoy about it? ?,Give me 1 sentence about the importance of learning English. Max 5 words.
demo-test-48,1001,126138,2025-08-07 02:30:00.000,39,English is important for travel! ✈️? Where would you like to go?,Give me 1 sentence about the importance of learning English. Max 5 words.
demo-test-49,1001,126127,2025-08-07 02:30:00.000,33,English boosts confidence in speaking. How do you practice speaking English? ??,Give me 1 sentence about the importance of learning English. Max 5 words.
demo-test-50,1001,126134,2025-08-07 02:30:00.000,33,English opens doors to opportunities. What is your dream opportunity? ??,Give me 1 sentence about the importance of learning English. Max 5 words.
demo-test-58,1001,126136,2025-08-07 02:30:00.000,21,English is vital for success. What is your goal in learning English?,Give me 1 sentence about the importance of learning English. Max 5 words.
demo-test-63,1001,126129,2025-08-07 02:30:00.000,20,English connects people from everywhere. What do you enjoy learning most?,Give me 1 sentence about the importance of learning English. Max 5 words.
demo-test-84,1001,126137,2025-08-07 02:30:00.000,18,English connects people and ideas.,Give me 1 sentence about the importance of learning English. Max 5 words.
demo-test-104,1001,126132,2025-08-07 02:30:00.000,34,English is important for jobs! What job do you want?,Give me 1 sentence about the importance of learning English. Max 5 words.
demo-test-114,1001,126130,2025-08-07 02:30:00.000,21,English is key for education! \n\nWhat do you want to study?,Give me 1 sentence about the importance of learning English. Max 5 words.
demo-test-120,1001,126131,2025-08-07 02:30:00.000,23,English helps share ideas globally! \n\nWhat ideas do you want to share?,Give me 1 sentence about the importance of learning English. Max 5 words.
demo-test-123,1001,126126,2025-08-07 02:30:00.000,19,English is vital for travel! \n\nWhere would you like to go?,Give me 1 sentence about the importance of learning English. Max 5 words.
demo-test-135,1001,126133,2025-08-07 02:30:00.000,21,English opens doors to knowledge. \n\nWhat subject interests you the most?,Give me 1 sentence about the importance of learning English. Max 5 words.
demo-test-137,1001,126124,2025-08-07 02:30:00.000,21,English is essential for communication.\n\nWhat do you want to learn next?,Give me 1 sentence about the importance of learning English. Max 5 words.
demo-test-32,1001,126149,2025-08-07 02:30:01.000,32,English is vital for education. What do you want to study? ?,Give me 1 sentence about the importance of learning English. Max 5 words.
demo-test-34,1001,126151,2025-08-07 02:30:01.000,30,English helps you understand others. Who do you want to understand better? ?,Give me 1 sentence about the importance of learning English. Max 5 words.
demo-test-51,1001,126143,2025-08-07 02:30:01.000,36,English opens doors to knowledge. \n\nWhat knowledge do you want?,Give me 1 sentence about the importance of learning English. Max 5 words.
demo-test-64,1001,126150,2025-08-07 02:30:01.000,21,English opens doors to success. What success do you dream of?,Give me 1 sentence about the importance of learning English. Max 5 words.
demo-test-71,1001,126147,2025-08-07 02:30:01.000,19,English bridges gaps between cultures. What do you like about English?,Give me 1 sentence about the importance of learning English. Max 5 words.
demo-test-72,1001,126152,2025-08-07 02:30:01.000,17,English helps you understand others. What do you want to learn next?,Give me 1 sentence about the importance of learning English. Max 5 words.
demo-test-87,1001,126139,2025-08-07 02:30:01.000,20,English enhances global job prospects.,Give me 1 sentence about the importance of learning English. Max 5 words.
demo-test-107,1001,126148,2025-08-07 02:30:01.000,32,English opens doors to opportunities. \n\nWhat opportunity do you dream of?,Give me 1 sentence about the importance of learning English. Max 5 words.
demo-test-108,1001,126144,2025-08-07 02:30:01.000,32,English is important for jobs!\n\nWhat job do you want?,Give me 1 sentence about the importance of learning English. Max 5 words.
demo-test-115,1001,126140,2025-08-07 02:30:01.000,21,English opens doors to opportunities. \n\nWhat opportunity do you dream about?,Give me 1 sentence about the importance of learning English. Max 5 words.
demo-test-124,1001,126141,2025-08-07 02:30:01.000,19,English connects you with opportunities! \n\nWhat opportunity do you want to explore?,Give me 1 sentence about the importance of learning English. Max 5 words.
demo-test-141,1001,126146,2025-08-07 02:30:01.000,19,English opens doors to success! \n\nWhat is your goal in learning English?,Give me 1 sentence about the importance of learning English. Max 5 words.
demo-test-142,1001,126145,2025-08-07 02:30:01.000,21,English is key for education. \n\nWhat do you want to learn next?,Give me 1 sentence about the importance of learning English. Max 5 words.
demo-test-144,1001,126142,2025-08-07 02:30:01.000,21,English is vital for travel. \n\nWhere do you want to go?,Give me 1 sentence about the importance of learning English. Max 5 words.
demo-test-36,1001,126157,2025-08-07 02:30:02.000,30,English helps share ideas globally. What is your favorite sport?,Give me 1 sentence about the importance of learning English. Max 5 words.
demo-test-41,1001,126153,2025-08-07 02:30:02.000,30,English is important for travel. Where do you want to go?,Give me 1 sentence about the importance of learning English. Max 5 words.
demo-test-54,1001,126156,2025-08-07 02:30:02.000,23,English connects you with others. What do you want to learn next?,Give me 1 sentence about the importance of learning English. Max 5 words.
demo-test-70,1001,126158,2025-08-07 02:30:02.000,37,English is important for understanding. What do you want to understand better?,Give me 1 sentence about the importance of learning English. Max 5 words.
demo-test-88,1001,126154,2025-08-07 02:30:02.000,20,English is key to communication.,Give me 1 sentence about the importance of learning English. Max 5 words.
demo-test-116,1001,126155,2025-08-07 02:30:02.000,23,English helps in international business! \n\nWhat job do you dream of having?,Give me 1 sentence about the importance of learning English. Max 5 words.
demo-test-53,1001,126161,2025-08-07 02:30:03.000,21,English helps share ideas worldwide. \n\nWhat ideas do you want to share?,Give me 1 sentence about the importance of learning English. Max 5 words.
demo-test-69,1001,126160,2025-08-07 02:30:03.000,21,English connects cultures and people. What is your favorite drink?,Give me 1 sentence about the importance of learning English. Max 5 words.
demo-test-139,1001,126159,2025-08-07 02:30:03.000,21,English is essential for success! \n\nWhat do you want to achieve by learning English?,Give me 1 sentence about the importance of learning English. Max 5 words.
demo-test-40,1001,126162,2025-08-07 02:30:04.000,32,English helps in global connections. Who do you want to connect with?,Give me 1 sentence about the importance of learning English. Max 5 words.
demo-test-147,1001,126163,2025-08-07 02:30:04.000,19,English is vital for communication! What do you enjoy most about learning English?,Give me 1 sentence about the importance of learning English. Max 5 words.
demo-test-66,1001,126164,2025-08-07 02:30:05.000,23,English connects people from everywhere. Who would you like to meet?,Give me 1 sentence about the importance of learning English. Max 5 words.
demo-test-19,1001,126168,2025-08-07 02:31:09.000,56,English helps you explore opportunities!,Give me 1 sentence about the importance of learning English. Max 5 words.
demo-test-145,1001,126167,2025-08-07 02:31:09.000,18,English is vital for travel.  \n\nWhere would you like to travel using your English?,Give me 1 sentence about the importance of learning English. Max 5 words.
demo-test-127,1001,126170,2025-08-07 02:31:10.000,17,English is vital for success. \n\nWhat is your goal with English?,Give me 1 sentence about the importance of learning English. Max 5 words.
demo-test-3,1001,126173,2025-08-07 02:31:11.000,27,English improves your career prospects! ??,Give me 1 sentence about the importance of learning English. Max 5 words.
demo-test-4,1001,126171,2025-08-07 02:31:11.000,98,Promotes understanding in global conversations.,Give me 1 sentence about the importance of learning English. Max 5 words.
demo-test-5,1001,126188,2025-08-07 02:31:11.000,101,Opens doors to new experiences.,Give me 1 sentence about the importance of learning English. Max 5 words.
demo-test-8,1001,126175,2025-08-07 02:31:11.000,80,English improves communication worldwide. ?,Give me 1 sentence about the importance of learning English. Max 5 words.
demo-test-25,1001,126186,2025-08-07 02:31:11.000,45,English improves your career prospects! ?✨,Give me 1 sentence about the importance of learning English. Max 5 words.
demo-test-44,1001,126181,2025-08-07 02:31:11.000,31,English is key for opportunities. What opportunity do you want?,Give me 1 sentence about the importance of learning English. Max 5 words.
demo-test-57,1001,126178,2025-08-07 02:31:11.000,22,English improves job and travel opportunities.,Give me 1 sentence about the importance of learning English. Max 5 words.
demo-test-74,1001,126179,2025-08-07 02:31:11.000,21,English allows global communication. What do you think about that?,Give me 1 sentence about the importance of learning English. Max 5 words.
demo-test-75,1001,126180,2025-08-07 02:31:11.000,18,English improves communication worldwide. What is your favorite subject?,Give me 1 sentence about the importance of learning English. Max 5 words.
demo-test-76,1001,126184,2025-08-07 02:31:11.000,17,English enables international communication easily.,Give me 1 sentence about the importance of learning English. Max 5 words.
demo-test-91,1001,126174,2025-08-07 02:31:11.000,15,English improves communication with others.,Give me 1 sentence about the importance of learning English. Max 5 words.
demo-test-92,1001,126177,2025-08-07 02:31:11.000,19,English is key for communication.,Give me 1 sentence about the importance of learning English. Max 5 words.
demo-test-94,1001,126183,2025-08-07 02:31:11.000,17,English helps in global business.,Give me 1 sentence about the importance of learning English. Max 5 words.
demo-test-96,1001,126172,2025-08-07 02:31:11.000,17,English is essential for travel.,Give me 1 sentence about the importance of learning English. Max 5 words.
demo-test-98,1001,126189,2025-08-07 02:31:11.000,19,English enhances your career prospects.,Give me 1 sentence about the importance of learning English. Max 5 words.
demo-test-112,1001,126187,2025-08-07 02:31:11.000,20,English helps in global interactions! \n\nWhat do you enjoy most about learning English?,Give me 1 sentence about the importance of learning English. Max 5 words.
demo-test-113,1001,126185,2025-08-07 02:31:11.000,21,English opens doors to opportunities! \n\nWhat kind of opportunities excite you?,Give me 1 sentence about the importance of learning English. Max 5 words.
demo-test-129,1001,126182,2025-08-07 02:31:11.000,19,English helps you make friends! Who is your best friend?,Give me 1 sentence about the importance of learning English. Max 5 words.
demo-test-149,1001,126176,2025-08-07 02:31:11.000,21,English is key for travel! \n\nWhere do you want to travel?,Give me 1 sentence about the importance of learning English. Max 5 words.
demo-test-9,1001,126196,2025-08-07 02:31:12.000,85,English is important for travel.,Give me 1 sentence about the importance of learning English. Max 5 words.
demo-test-28,1001,126198,2025-08-07 02:31:12.000,43,English connects people around the world!,Give me 1 sentence about the importance of learning English. Max 5 words.
demo-test-41,1001,126191,2025-08-07 02:31:12.000,31,English is key for communication. What do you enjoy about it?,Give me 1 sentence about the importance of learning English. Max 5 words.
demo-test-42,1001,126193,2025-08-07 02:31:12.000,31,English is vital for global communication. What do you like most about learning English?,Give me 1 sentence about the importance of learning English. Max 5 words.
demo-test-59,1001,126197,2025-08-07 02:31:12.000,22,English opens doors to opportunities. What opportunity do you dream of?,Give me 1 sentence about the importance of learning English. Max 5 words.
demo-test-60,1001,126202,2025-08-07 02:31:12.000,24,English is vital for careers. What career do you want?,Give me 1 sentence about the importance of learning English. Max 5 words.
demo-test-77,1001,126190,2025-08-07 02:31:12.000,19,English connects people from everywhere.,Give me 1 sentence about the importance of learning English. Max 5 words.
demo-test-78,1001,126204,2025-08-07 02:31:12.000,19,English connects you to opportunities.,Give me 1 sentence about the importance of learning English. Max 5 words.
demo-test-79,1001,126195,2025-08-07 02:31:12.000,19,English builds friendships across cultures.,Give me 1 sentence about the importance of learning English. Max 5 words.
demo-test-81,1001,126192,2025-08-07 02:31:12.000,19,English helps share your ideas.,Give me 1 sentence about the importance of learning English. Max 5 words.
demo-test-100,1001,126200,2025-08-07 02:31:12.000,20,English is vital for success.,Give me 1 sentence about the importance of learning English. Max 5 words.
demo-test-111,1001,126201,2025-08-07 02:31:12.000,24,English helps you find friends! \n\nDo you have friends who speak English?,Give me 1 sentence about the importance of learning English. Max 5 words.
demo-test-114,1001,126203,2025-08-07 02:31:12.000,22,English is important for communication! \n\nWho do you want to communicate with?,Give me 1 sentence about the importance of learning English. Max 5 words.
demo-test-135,1001,126194,2025-08-07 02:31:12.000,22,English enhances career and education. \n\nWhat job would you like?,Give me 1 sentence about the importance of learning English. Max 5 words.
demo-test-148,1001,126199,2025-08-07 02:31:12.000,20,English allows access to information. \n\nWhat kind of information interests you?,Give me 1 sentence about the importance of learning English. Max 5 words.
demo-test-6,1001,126208,2025-08-07 02:31:13.000,82,English helps in understanding others!,Give me 1 sentence about the importance of learning English. Max 5 words.
demo-test-61,1001,126206,2025-08-07 02:31:13.000,19,English opens doors to knowledge. What do you enjoy learning about?,Give me 1 sentence about the importance of learning English. Max 5 words.
demo-test-99,1001,126209,2025-08-07 02:31:13.000,22,English enables travel and adventure.,Give me 1 sentence about the importance of learning English. Max 5 words.
demo-test-132,1001,126207,2025-08-07 02:31:13.000,20,English helps you share ideas. \n\nWhat ideas do you want to share?,Give me 1 sentence about the importance of learning English. Max 5 words.
demo-test-133,1001,126205,2025-08-07 02:31:13.000,22,English is essential for travel. \n\nWhere would you like to travel?,Give me 1 sentence about the importance of learning English. Max 5 words.
demo-test-7,1001,126210,2025-08-07 02:31:14.000,86,English opens doors to opportunities.,Give me 1 sentence about the importance of learning English. Max 5 words.
demo-test-11,1001,126221,2025-08-07 02:31:14.000,54,English helps access global information! ?,Give me 1 sentence about the importance of learning English. Max 5 words.
demo-test-46,1001,126212,2025-08-07 02:31:14.000,37,English opens global job opportunities! ??,Give me 1 sentence about the importance of learning English. Max 5 words.
demo-test-62,1001,126224,2025-08-07 02:31:14.000,19,English is key for opportunities. What is your favorite game?,Give me 1 sentence about the importance of learning English. Max 5 words.
demo-test-63,1001,126215,2025-08-07 02:31:14.000,21,English helps you understand the world. What do you want to practice today?,Give me 1 sentence about the importance of learning English. Max 5 words.
demo-test-80,1001,126217,2025-08-07 02:31:14.000,21,English helps in international business.,Give me 1 sentence about the importance of learning English. Max 5 words.
demo-test-82,1001,126218,2025-08-07 02:31:14.000,21,English helps you make friends.,Give me 1 sentence about the importance of learning English. Max 5 words.
demo-test-84,1001,126216,2025-08-07 02:31:14.000,19,English is vital for communication.,Give me 1 sentence about the importance of learning English. Max 5 words.
demo-test-97,1001,126219,2025-08-07 02:31:14.000,20,English enhances career opportunities worldwide.,Give me 1 sentence about the importance of learning English. Max 5 words.
demo-test-115,1001,126223,2025-08-07 02:31:14.000,22,English helps in global communication. \n\nWhat do you want to learn next?,Give me 1 sentence about the importance of learning English. Max 5 words.
demo-test-118,1001,126222,2025-08-07 02:31:14.000,24,English is vital for communication. \n\nWho do you want to communicate with?,Give me 1 sentence about the importance of learning English. Max 5 words.
demo-test-119,1001,126214,2025-08-07 02:31:14.000,24,English boosts confidence in communication. \n\nHow do you feel when speaking English?,Give me 1 sentence about the importance of learning English. Max 5 words.
demo-test-134,1001,126213,2025-08-07 02:31:14.000,22,English enhances travel experiences worldwide. \n\nWhere do you want to travel?,Give me 1 sentence about the importance of learning English. Max 5 words.
demo-test-139,1001,126220,2025-08-07 02:31:14.000,22,English connects people around the globe! \n\nWhat is your favorite English word?,Give me 1 sentence about the importance of learning English. Max 5 words.
demo-test-150,1001,126211,2025-08-07 02:31:14.000,17,English connects people worldwide easily. \n\nWhat country would you like to visit?,Give me 1 sentence about the importance of learning English. Max 5 words.
demo-test-10,1001,126234,2025-08-07 02:31:15.000,16,English helps you share ideas. What ideas do you like to share?,Give me 1 sentence about the importance of learning English. Max 5 words.
demo-test-12,1001,126261,2025-08-07 02:31:15.000,58,Essential for studying abroad opportunities! ?,Give me 1 sentence about the importance of learning English. Max 5 words.
demo-test-13,1001,126237,2025-08-07 02:31:15.000,59,English is crucial for success!,Give me 1 sentence about the importance of learning English. Max 5 words.
demo-test-15,1001,126254,2025-08-07 02:31:15.000,57,English helps in global business!,Give me 1 sentence about the importance of learning English. Max 5 words.
demo-test-19,1001,126257,2025-08-07 02:31:15.000,57,English is essential for communication!,Give me 1 sentence about the importance of learning English. Max 5 words.
demo-test-27,1001,126230,2025-08-07 02:31:15.000,49,English is key for travel! ✈️,Give me 1 sentence about the importance of learning English. Max 5 words.
demo-test-29,1001,126242,2025-08-07 02:31:15.000,47,English is crucial for success! ?,Give me 1 sentence about the importance of learning English. Max 5 words.
demo-test-30,1001,126251,2025-08-07 02:31:15.000,46,English broadens your career options. ?✨,Give me 1 sentence about the importance of learning English. Max 5 words.
demo-test-31,1001,126239,2025-08-07 02:31:15.000,39,English connects people from different countries! ? What countries do you want to visit?,Give me 1 sentence about the importance of learning English. Max 5 words.
demo-test-32,1001,126271,2025-08-07 02:31:15.000,33,English helps in global understanding. What do you want to understand better? ??,Give me 1 sentence about the importance of learning English. Max 5 words.
demo-test-33,1001,126244,2025-08-07 02:31:15.000,32,English helps in many careers. What job would you like?,Give me 1 sentence about the importance of learning English. Max 5 words.
demo-test-36,1001,126256,2025-08-07 02:31:15.000,31,English is important for communication. What is your favorite season?,Give me 1 sentence about the importance of learning English. Max 5 words.
demo-test-43,1001,126236,2025-08-07 02:31:15.000,33,English helps in global communication! What do you enjoy most about talking to people? ?,Give me 1 sentence about the importance of learning English. Max 5 words.
demo-test-47,1001,126252,2025-08-07 02:31:15.000,39,English is essential for success! ? What success means to you?,Give me 1 sentence about the importance of learning English. Max 5 words.
demo-test-48,1001,126232,2025-08-07 02:31:15.000,40,English helps you find friends! ?? Do you have many friends?,Give me 1 sentence about the importance of learning English. Max 5 words.
demo-test-49,1001,126258,2025-08-07 02:31:15.000,34,English helps in global connections. Who do you want to connect with? ?✨,Give me 1 sentence about the importance of learning English. Max 5 words.
demo-test-50,1001,126255,2025-08-07 02:31:15.000,34,English is important for success. What is your goal in life? ??,Give me 1 sentence about the importance of learning English. Max 5 words.
demo-test-51,1001,126247,2025-08-07 02:31:15.000,37,English is key to global communication. \n\nWho do you want to communicate with?,Give me 1 sentence about the importance of learning English. Max 5 words.
demo-test-52,1001,126264,2025-08-07 02:31:15.000,28,English enhances your career opportunities.,Give me 1 sentence about the importance of learning English. Max 5 words.
demo-test-54,1001,126265,2025-08-07 02:31:15.000,24,English helps you understand the world. What do you want to explore?,Give me 1 sentence about the importance of learning English. Max 5 words.
demo-test-65,1001,126243,2025-08-07 02:31:15.000,22,English boosts your career opportunities. What job do you want?,Give me 1 sentence about the importance of learning English. Max 5 words.
demo-test-66,1001,126231,2025-08-07 02:31:15.000,24,English is vital for success. What success do you want?,Give me 1 sentence about the importance of learning English. Max 5 words.
demo-test-67,1001,126245,2025-08-07 02:31:15.000,23,English helps in many careers. What job do you want?,Give me 1 sentence about the importance of learning English. Max 5 words.
demo-test-68,1001,126240,2025-08-07 02:31:15.000,22,English connects people from everywhere.\n\nWhat do you like about English?,Give me 1 sentence about the importance of learning English. Max 5 words.
demo-test-70,1001,126268,2025-08-07 02:31:15.000,38,English opens doors to opportunities.,Give me 1 sentence about the importance of learning English. Max 5 words.
demo-test-71,1001,126270,2025-08-07 02:31:15.000,20,English opens doors to opportunities. What is your goal in learning English?,Give me 1 sentence about the importance of learning English. Max 5 words.
demo-test-83,1001,126228,2025-08-07 02:31:15.000,19,English enables global friendship connections.,Give me 1 sentence about the importance of learning English. Max 5 words.
demo-test-85,1001,126225,2025-08-07 02:31:15.000,21,English improves your social skills.,Give me 1 sentence about the importance of learning English. Max 5 words.
demo-test-87,1001,126226,2025-08-07 02:31:15.000,21,English is key for travel.,Give me 1 sentence about the importance of learning English. Max 5 words.
demo-test-88,1001,126260,2025-08-07 02:31:15.000,21,English enables global understanding easily.,Give me 1 sentence about the importance of learning English. Max 5 words.
demo-test-89,1001,126266,2025-08-07 02:31:15.000,20,English is key for education.,Give me 1 sentence about the importance of learning English. Max 5 words.
demo-test-101,1001,126229,2025-08-07 02:31:15.000,48,English helps in global communication. \n\nWhat do you find fun about learning English?,Give me 1 sentence about the importance of learning English. Max 5 words.
demo-test-102,1001,126246,2025-08-07 02:31:15.000,36,English opens doors to opportunities! \n\nWhat opportunity do you want?,Give me 1 sentence about the importance of learning English. Max 5 words.
demo-test-103,1001,126249,2025-08-07 02:31:15.000,35,English is essential for education. \n\nWhat subject do you like most in school?,Give me 1 sentence about the importance of learning English. Max 5 words.
demo-test-105,1001,126269,2025-08-07 02:31:15.000,36,English is essential for communication! \n\nWhat do you find challenging about learning English?,Give me 1 sentence about the importance of learning English. Max 5 words.
demo-test-116,1001,126238,2025-08-07 02:31:15.000,24,English is essential for communication! \n\nWhat do you enjoy most about speaking English?,Give me 1 sentence about the importance of learning English. Max 5 words.
demo-test-117,1001,126235,2025-08-07 02:31:15.000,24,English helps you understand others!\n\nWhat do you want to learn next?,Give me 1 sentence about the importance of learning English. Max 5 words.
demo-test-120,1001,126263,2025-08-07 02:31:15.000,24,English connects people and cultures! \n\nWhich culture interests you the most?,Give me 1 sentence about the importance of learning English. Max 5 words.
demo-test-121,1001,126250,2025-08-07 02:31:15.000,20,English is key for education!\n\nWhat subject do you enjoy most?,Give me 1 sentence about the importance of learning English. Max 5 words.
demo-test-123,1001,126262,2025-08-07 02:31:15.000,20,English helps you make friends! \n\nWhat qualities do you look for in a friend?,Give me 1 sentence about the importance of learning English. Max 5 words.
demo-test-125,1001,126259,2025-08-07 02:31:15.000,20,English connects people from everywhere! \n\nWhat country would you like to visit?,Give me 1 sentence about the importance of learning English. Max 5 words.
demo-test-136,1001,126233,2025-08-07 02:31:15.000,22,English opens doors to knowledge! What topic interests you the most?,Give me 1 sentence about the importance of learning English. Max 5 words.
demo-test-137,1001,126253,2025-08-07 02:31:15.000,22,English improves your travel experiences.\n\nWhere do you want to travel?,Give me 1 sentence about the importance of learning English. Max 5 words.
demo-test-138,1001,126267,2025-08-07 02:31:15.000,22,English opens doors to knowledge. \n\nWhat topic do you want to learn more about?,Give me 1 sentence about the importance of learning English. Max 5 words.
demo-test-140,1001,126248,2025-08-07 02:31:15.000,22,English connects you to the world! \n\nWhat country would you like to learn about?,Give me 1 sentence about the importance of learning English. Max 5 words.
demo-test-141,1001,126241,2025-08-07 02:31:15.000,20,English connects people from everywhere! \n\nWho would you like to meet?,Give me 1 sentence about the importance of learning English. Max 5 words.
demo-test-142,1001,126227,2025-08-07 02:31:15.000,22,English helps you make friends. \n\nWhat is your favorite hobby?,Give me 1 sentence about the importance of learning English. Max 5 words.
demo-test-14,1001,126275,2025-08-07 02:31:16.000,58,Facilitates communication in many countries! ??,Give me 1 sentence about the importance of learning English. Max 5 words.
demo-test-16,1001,126284,2025-08-07 02:31:16.000,58,English bridges gaps in communication! ?✨,Give me 1 sentence about the importance of learning English. Max 5 words.
demo-test-17,1001,126283,2025-08-07 02:31:16.000,58,Essential for traveling around world!,Give me 1 sentence about the importance of learning English. Max 5 words.
demo-test-26,1001,126282,2025-08-07 02:31:16.000,45,English connects people around world! ?❤️,Give me 1 sentence about the importance of learning English. Max 5 words.
demo-test-34,1001,126273,2025-08-07 02:31:16.000,31,English allows access to knowledge. What knowledge do you want to explore? ?,Give me 1 sentence about the importance of learning English. Max 5 words.
demo-test-35,1001,126279,2025-08-07 02:31:16.000,30,English is important for travel. Where do you want to explore? ✈️,Give me 1 sentence about the importance of learning English. Max 5 words.
demo-test-45,1001,126287,2025-08-07 02:31:16.000,32,English is important for travel. Where do you want to go? ✈️,Give me 1 sentence about the importance of learning English. Max 5 words.
demo-test-53,1001,126281,2025-08-07 02:31:16.000,22,English is vital for education. \n\nWhat do you want to study?,Give me 1 sentence about the importance of learning English. Max 5 words.
demo-test-64,1001,126286,2025-08-07 02:31:16.000,22,English helps you connect worldwide. What connections do you want to make?,Give me 1 sentence about the importance of learning English. Max 5 words.
demo-test-69,1001,126277,2025-08-07 02:31:16.000,22,English helps you understand the world. What is your favorite subject?,Give me 1 sentence about the importance of learning English. Max 5 words.
demo-test-86,1001,126288,2025-08-07 02:31:16.000,24,English is essential for travel.,Give me 1 sentence about the importance of learning English. Max 5 words.
demo-test-90,1001,126278,2025-08-07 02:31:16.000,21,English helps in global understanding.,Give me 1 sentence about the importance of learning English. Max 5 words.
demo-test-96,1001,126290,2025-08-07 02:31:16.000,18,English helps in international business.,Give me 1 sentence about the importance of learning English. Max 5 words.
demo-test-106,1001,126289,2025-08-07 02:31:16.000,30,English improves your job prospects! \n\nWhat job do you dream of?,Give me 1 sentence about the importance of learning English. Max 5 words.
demo-test-107,1001,126272,2025-08-07 02:31:16.000,33,English is useful for jobs. \n\nWhat job do you want?,Give me 1 sentence about the importance of learning English. Max 5 words.
demo-test-108,1001,126276,2025-08-07 02:31:16.000,33,English helps in international communication!\n\nWhat language do you want to learn next?,Give me 1 sentence about the importance of learning English. Max 5 words.
demo-test-122,1001,126280,2025-08-07 02:31:16.000,20,English opens doors to knowledge! \n\nWhat do you want to learn?,Give me 1 sentence about the importance of learning English. Max 5 words.
demo-test-124,1001,126285,2025-08-07 02:31:16.000,20,English helps you connect globally! \n\nWhat country would you like to visit?,Give me 1 sentence about the importance of learning English. Max 5 words.
demo-test-145,1001,126274,2025-08-07 02:31:16.000,19,English helps you get jobs.  \n\nWhat job do you want?,Give me 1 sentence about the importance of learning English. Max 5 words.
demo-test-18,1001,126296,2025-08-07 02:31:17.000,60,English improves access to information! ?,Give me 1 sentence about the importance of learning English. Max 5 words.
demo-test-72,1001,126293,2025-08-07 02:31:17.000,18,English is vital for success. What interests you most in English?,Give me 1 sentence about the importance of learning English. Max 5 words.
demo-test-104,1001,126291,2025-08-07 02:31:17.000,35,English connects cultures and people! What culture interests you the most?,Give me 1 sentence about the importance of learning English. Max 5 words.
demo-test-143,1001,126294,2025-08-07 02:31:17.000,22,English is vital for communication. \n\nWhat do you like to communicate about?,Give me 1 sentence about the importance of learning English. Max 5 words.
demo-test-144,1001,126292,2025-08-07 02:31:17.000,22,English helps share ideas globally. \n\nWhat idea do you want to share?,Give me 1 sentence about the importance of learning English. Max 5 words.
demo-test-149,1001,126295,2025-08-07 02:31:17.000,22,English helps you make friends! \n\nDo you have friends who speak English?,Give me 1 sentence about the importance of learning English. Max 5 words.
demo-test-3,1001,126311,2025-08-07 02:31:18.000,28,English is essential for education! ??,Give me 1 sentence about the importance of learning English. Max 5 words.
demo-test-4,1001,126301,2025-08-07 02:31:18.000,99,Key to international travel experiences.,Give me 1 sentence about the importance of learning English. Max 5 words.
demo-test-5,1001,126303,2025-08-07 02:31:18.000,102,Enhances understanding of world cultures.,Give me 1 sentence about the importance of learning English. Max 5 words.
demo-test-9,1001,126307,2025-08-07 02:31:18.000,86,English helps in global understanding.,Give me 1 sentence about the importance of learning English. Max 5 words.
demo-test-42,1001,126302,2025-08-07 02:31:18.000,32,English is essential for travel. Where would you like to travel?,Give me 1 sentence about the importance of learning English. Max 5 words.
demo-test-44,1001,126308,2025-08-07 02:31:18.000,32,English is important for communication. Who do you want to communicate with?,Give me 1 sentence about the importance of learning English. Max 5 words.
demo-test-57,1001,126305,2025-08-07 02:31:18.000,23,English connects people from everywhere.,Give me 1 sentence about the importance of learning English. Max 5 words.
demo-test-59,1001,126313,2025-08-07 02:31:18.000,23,English helps you find jobs. What job do you want?,Give me 1 sentence about the importance of learning English. Max 5 words.
demo-test-74,1001,126304,2025-08-07 02:31:18.000,22,English is important for education. What subjects do you like?,Give me 1 sentence about the importance of learning English. Max 5 words.
demo-test-75,1001,126300,2025-08-07 02:31:18.000,19,English connects cultures and people. What music do you enjoy?,Give me 1 sentence about the importance of learning English. Max 5 words.
demo-test-76,1001,126306,2025-08-07 02:31:18.000,18,English is vital for success.,Give me 1 sentence about the importance of learning English. Max 5 words.
demo-test-77,1001,126310,2025-08-07 02:31:18.000,20,English is essential for travel.,Give me 1 sentence about the importance of learning English. Max 5 words.
demo-test-79,1001,126317,2025-08-07 02:31:18.000,20,English enables access to information.,Give me 1 sentence about the importance of learning English. Max 5 words.
demo-test-81,1001,126316,2025-08-07 02:31:18.000,20,English opens doors to opportunities.,Give me 1 sentence about the importance of learning English. Max 5 words.
demo-test-91,1001,126297,2025-08-07 02:31:18.000,16,English is essential for travel.,Give me 1 sentence about the importance of learning English. Max 5 words.
demo-test-100,1001,126309,2025-08-07 02:31:18.000,21,English is important for travel.,Give me 1 sentence about the importance of learning English. Max 5 words.
demo-test-111,1001,126314,2025-08-07 02:31:18.000,25,English is key for communication! \n\nWhat do you like to communicate about?,Give me 1 sentence about the importance of learning English. Max 5 words.
demo-test-112,1001,126315,2025-08-07 02:31:18.000,21,English is vital for communication! \n\nWhat part of English do you find easiest?,Give me 1 sentence about the importance of learning English. Max 5 words.
demo-test-126,1001,126298,2025-08-07 02:31:18.000,21,English is key to understanding! \n\nWhat do you want to understand better?,Give me 1 sentence about the importance of learning English. Max 5 words.
demo-test-127,1001,126299,2025-08-07 02:31:18.000,18,English connects people from everywhere. \n\nWhat country do you want to visit?,Give me 1 sentence about the importance of learning English. Max 5 words.
demo-test-129,1001,126312,2025-08-07 02:31:18.000,20,English improves your communication skills! What do you like to talk about?,Give me 1 sentence about the importance of learning English. Max 5 words.
demo-test-7,1001,126330,2025-08-07 02:31:19.000,87,English connects people across cultures.,Give me 1 sentence about the importance of learning English. Max 5 words.
demo-test-8,1001,126324,2025-08-07 02:31:19.000,81,English is key for success. ?,Give me 1 sentence about the importance of learning English. Max 5 words.
demo-test-25,1001,126320,2025-08-07 02:31:19.000,46,English enhances your global connections! ?✨,Give me 1 sentence about the importance of learning English. Max 5 words.
demo-test-28,1001,126322,2025-08-07 02:31:19.000,44,English helps you find jobs!,Give me 1 sentence about the importance of learning English. Max 5 words.
demo-test-30,1001,126338,2025-08-07 02:31:19.000,47,English helps you make friends. ?❤️,Give me 1 sentence about the importance of learning English. Max 5 words.
demo-test-48,1001,126325,2025-08-07 02:31:19.000,41,English opens up new opportunities! ?✨ What opportunity do you want?,Give me 1 sentence about the importance of learning English. Max 5 words.
demo-test-60,1001,126329,2025-08-07 02:31:19.000,25,English helps you connect globally. Who would you like to connect with?,Give me 1 sentence about the importance of learning English. Max 5 words.
demo-test-61,1001,126319,2025-08-07 02:31:19.000,20,English is key for travel. What countries would you like to visit?,Give me 1 sentence about the importance of learning English. Max 5 words.
demo-test-78,1001,126323,2025-08-07 02:31:19.000,20,English is vital for communication.,Give me 1 sentence about the importance of learning English. Max 5 words.
demo-test-82,1001,126326,2025-08-07 02:31:19.000,22,English opens doors to knowledge.,Give me 1 sentence about the importance of learning English. Max 5 words.
demo-test-84,1001,126328,2025-08-07 02:31:19.000,20,English opens doors to opportunities.,Give me 1 sentence about the importance of learning English. Max 5 words.
demo-test-98,1001,126331,2025-08-07 02:31:19.000,20,English connects you with others.,Give me 1 sentence about the importance of learning English. Max 5 words.
demo-test-99,1001,126327,2025-08-07 02:31:19.000,23,English opens doors to knowledge.,Give me 1 sentence about the importance of learning English. Max 5 words.
demo-test-113,1001,126321,2025-08-07 02:31:19.000,22,English helps you understand cultures! \n\nWhich culture do you find interesting?,Give me 1 sentence about the importance of learning English. Max 5 words.
demo-test-114,1001,126333,2025-08-07 02:31:19.000,23,English is vital for travel! \n\nWhere would you like to visit?,Give me 1 sentence about the importance of learning English. Max 5 words.
demo-test-115,1001,126337,2025-08-07 02:31:19.000,23,English is key for travel. \n\nWhere do you want to travel?,Give me 1 sentence about the importance of learning English. Max 5 words.
demo-test-132,1001,126318,2025-08-07 02:31:19.000,21,English opens global communication doors. \n\nWhat do you enjoy about learning languages?,Give me 1 sentence about the importance of learning English. Max 5 words.
demo-test-133,1001,126332,2025-08-07 02:31:19.000,23,English improves your job prospects. \n\nWhat job do you dream of?,Give me 1 sentence about the importance of learning English. Max 5 words.
demo-test-134,1001,126334,2025-08-07 02:31:19.000,23,English is key for education. \n\nWhat subject do you enjoy learning?,Give me 1 sentence about the importance of learning English. Max 5 words.
demo-test-142,1001,126336,2025-08-07 02:31:19.000,23,English connects people around the world. \n\nWhat country would you like to visit?,Give me 1 sentence about the importance of learning English. Max 5 words.
demo-test-148,1001,126335,2025-08-07 02:31:19.000,21,English improves career opportunities greatly. \n\nWhat job do you dream of?,Give me 1 sentence about the importance of learning English. Max 5 words.
demo-test-11,1001,126341,2025-08-07 02:31:20.000,55,English is key for success! ?,Give me 1 sentence about the importance of learning English. Max 5 words.
demo-test-46,1001,126343,2025-08-07 02:31:20.000,38,English helps you understand others! ??,Give me 1 sentence about the importance of learning English. Max 5 words.
demo-test-47,1001,126346,2025-08-07 02:31:20.000,40,English connects people from everywhere! ? Who would you like to connect with?,Give me 1 sentence about the importance of learning English. Max 5 words.
demo-test-63,1001,126347,2025-08-07 02:31:20.000,22,English is key for global communication. What is your favorite English phrase?,Give me 1 sentence about the importance of learning English. Max 5 words.
demo-test-87,1001,126345,2025-08-07 02:31:20.000,22,English bridges communication gaps worldwide.,Give me 1 sentence about the importance of learning English. Max 5 words.
demo-test-97,1001,126344,2025-08-07 02:31:20.000,21,English improves communication with others.,Give me 1 sentence about the importance of learning English. Max 5 words.
demo-test-119,1001,126342,2025-08-07 02:31:20.000,25,English opens doors to knowledge. \n\nWhat knowledge do you want to gain?,Give me 1 sentence about the importance of learning English. Max 5 words.
demo-test-124,1001,126348,2025-08-07 02:31:20.000,21,English opens doors to knowledge! \n\nWhat topic interests you the most?,Give me 1 sentence about the importance of learning English. Max 5 words.
demo-test-139,1001,126340,2025-08-07 02:31:20.000,23,English helps you understand cultures! \n\nWhat culture interests you the most?,Give me 1 sentence about the importance of learning English. Max 5 words.
demo-test-150,1001,126339,2025-08-07 02:31:20.000,18,English is crucial for success. \n\nWhat does success mean to you?,Give me 1 sentence about the importance of learning English. Max 5 words.
demo-test-13,1001,126351,2025-08-07 02:31:21.000,60,English opens many career paths!,Give me 1 sentence about the importance of learning English. Max 5 words.
demo-test-62,1001,126349,2025-08-07 02:31:21.000,20,English helps you connect globally. What is your favorite movie?,Give me 1 sentence about the importance of learning English. Max 5 words.
demo-test-68,1001,126353,2025-08-07 02:31:21.000,23,English enhances global communication skills.\n\nWhat do you want to improve in your English?,Give me 1 sentence about the importance of learning English. Max 5 words.
demo-test-80,1001,126352,2025-08-07 02:31:21.000,22,English is essential for travel.,Give me 1 sentence about the importance of learning English. Max 5 words.
demo-test-86,1001,126350,2025-08-07 02:31:21.000,25,English is important for business.,Give me 1 sentence about the importance of learning English. Max 5 words.
demo-test-117,1001,126354,2025-08-07 02:31:21.000,25,English is important for travel!\n\nWhere do you want to travel?,Give me 1 sentence about the importance of learning English. Max 5 words.
demo-test-6,1001,126364,2025-08-07 02:31:22.000,83,English is key for education!,Give me 1 sentence about the importance of learning English. Max 5 words.
demo-test-10,1001,126368,2025-08-07 02:31:22.000,17,English is key for travel. Where do you want to travel?,Give me 1 sentence about the importance of learning English. Max 5 words.
demo-test-16,1001,126370,2025-08-07 02:31:22.000,59,English opens global job opportunities! ??,Give me 1 sentence about the importance of learning English. Max 5 words.
demo-test-26,1001,126372,2025-08-07 02:31:22.000,46,English is important for travel! ✈️,Give me 1 sentence about the importance of learning English. Max 5 words.
demo-test-27,1001,126360,2025-08-07 02:31:22.000,50,English helps you find jobs! ?,Give me 1 sentence about the importance of learning English. Max 5 words.
demo-test-29,1001,126363,2025-08-07 02:31:22.000,48,English connects the world together! ?,Give me 1 sentence about the importance of learning English. Max 5 words.
demo-test-32,1001,126362,2025-08-07 02:31:22.000,34,English is important for success. What success do you want? ?,Give me 1 sentence about the importance of learning English. Max 5 words.
demo-test-35,1001,126366,2025-08-07 02:31:22.000,31,English is essential for friendship. How do you make new friends? ?,Give me 1 sentence about the importance of learning English. Max 5 words.
demo-test-36,1001,126355,2025-08-07 02:31:22.000,32,English is vital for success. What is your favorite type of music?,Give me 1 sentence about the importance of learning English. Max 5 words.
demo-test-45,1001,126367,2025-08-07 02:31:22.000,33,English helps you connect globally. What country do you want to visit? ?,Give me 1 sentence about the importance of learning English. Max 5 words.
demo-test-49,1001,126374,2025-08-07 02:31:22.000,35,English is key for education. What subject do you enjoy most? ?✨,Give me 1 sentence about the importance of learning English. Max 5 words.
demo-test-52,1001,126375,2025-08-07 02:31:22.000,29,English improves access to information.,Give me 1 sentence about the importance of learning English. Max 5 words.
demo-test-89,1001,126358,2025-08-07 02:31:22.000,21,English enhances your communication skills.,Give me 1 sentence about the importance of learning English. Max 5 words.
demo-test-101,1001,126361,2025-08-07 02:31:22.000,49,English expands your career options. \n\nWhat job do you dream of?,Give me 1 sentence about the importance of learning English. Max 5 words.
demo-test-102,1001,126365,2025-08-07 02:31:22.000,37,English is key for global understanding! \n\nWhat do you want to understand better?,Give me 1 sentence about the importance of learning English. Max 5 words.
demo-test-108,1001,126359,2025-08-07 02:31:22.000,34,English improves your career chances!\n\nWhat career are you interested in?,Give me 1 sentence about the importance of learning English. Max 5 words.
demo-test-116,1001,126371,2025-08-07 02:31:22.000,25,English broadens your career opportunities! \n\nWhat job would you like in the future?,Give me 1 sentence about the importance of learning English. Max 5 words.
demo-test-118,1001,126373,2025-08-07 02:31:22.000,25,English helps you understand others. \n\nWho would you like to understand better?,Give me 1 sentence about the importance of learning English. Max 5 words.
demo-test-120,1001,126356,2025-08-07 02:31:22.000,25,English opens doors to success! \n\nWhat is your dream job?,Give me 1 sentence about the importance of learning English. Max 5 words.
demo-test-121,1001,126369,2025-08-07 02:31:22.000,21,English opens doors to knowledge!\n\nWhat topic do you want to learn about?,Give me 1 sentence about the importance of learning English. Max 5 words.
demo-test-138,1001,126357,2025-08-07 02:31:22.000,23,English helps you make friends. \n\nWho is your best friend?,Give me 1 sentence about the importance of learning English. Max 5 words.
demo-test-14,1001,126376,2025-08-07 02:31:23.000,59,Essential for academic success worldwide! ??,Give me 1 sentence about the importance of learning English. Max 5 words.
demo-test-17,1001,126377,2025-08-07 02:31:23.000,59,Important for global job opportunities!,Give me 1 sentence about the importance of learning English. Max 5 words.
demo-test-105,1001,126379,2025-08-07 02:31:23.000,37,English helps you make friends! \n\nWhat do you like most about learning English?,Give me 1 sentence about the importance of learning English. Max 5 words.
demo-test-140,1001,126378,2025-08-07 02:31:23.000,23,English is key for understanding! \n\nWhat do you enjoy learning most?,Give me 1 sentence about the importance of learning English. Max 5 words.
demo-test-12,1001,126383,2025-08-07 02:31:24.000,59,Improves communication in diverse settings! ?,Give me 1 sentence about the importance of learning English. Max 5 words.
demo-test-15,1001,126380,2025-08-07 02:31:24.000,58,English is key for travel!,Give me 1 sentence about the importance of learning English. Max 5 words.
demo-test-18,1001,126385,2025-08-07 02:31:24.000,61,English connects people around the world! ?,Give me 1 sentence about the importance of learning English. Max 5 words.
demo-test-85,1001,126381,2025-08-07 02:31:24.000,22,English expands your career options.,Give me 1 sentence about the importance of learning English. Max 5 words.
demo-test-135,1001,126384,2025-08-07 02:31:24.000,23,English connects people worldwide easily. \n\nWhat country do you want to visit?,Give me 1 sentence about the importance of learning English. Max 5 words.
demo-test-137,1001,126382,2025-08-07 02:31:24.000,23,English helps you make friends.\n\nDo you have friends who speak English?,Give me 1 sentence about the importance of learning English. Max 5 words.
demo-test-50,1001,126386,2025-08-07 02:31:25.000,35,English helps you understand technology. What technology do you like most? ??,Give me 1 sentence about the importance of learning English. Max 5 words.
demo-test-54,1001,126388,2025-08-07 02:31:25.000,25,English is important for travel. Where would you like to go?,Give me 1 sentence about the importance of learning English. Max 5 words.
demo-test-107,1001,126387,2025-08-07 02:31:25.000,34,English helps in global understanding. \n\nWhat do you want to understand better?,Give me 1 sentence about the importance of learning English. Max 5 words.
demo-test-122,1001,126389,2025-08-07 02:31:25.000,21,English improves your communication skills! \n\nWhat skill do you want to improve?,Give me 1 sentence about the importance of learning English. Max 5 words.
demo-test-31,1001,126397,2025-08-07 02:31:26.000,40,English opens doors to opportunities! ? What opportunity do you dream about?,Give me 1 sentence about the importance of learning English. Max 5 words.
demo-test-33,1001,126390,2025-08-07 02:31:26.000,33,English is important for education. What is your favorite subject?,Give me 1 sentence about the importance of learning English. Max 5 words.
demo-test-66,1001,126394,2025-08-07 02:31:26.000,25,English improves communication skills greatly. How do you want to improve?,Give me 1 sentence about the importance of learning English. Max 5 words.
demo-test-69,1001,126398,2025-08-07 02:31:26.000,23,English allows global communication easily. What is your favorite song?,Give me 1 sentence about the importance of learning English. Max 5 words.
demo-test-70,1001,126391,2025-08-07 02:31:26.000,39,English is key for communication.,Give me 1 sentence about the importance of learning English. Max 5 words.
demo-test-72,1001,126396,2025-08-07 02:31:26.000,19,English connects people around world. What is your favorite English word?,Give me 1 sentence about the importance of learning English. Max 5 words.
demo-test-83,1001,126393,2025-08-07 02:31:26.000,20,English helps in academic success.,Give me 1 sentence about the importance of learning English. Max 5 words.
demo-test-103,1001,126395,2025-08-07 02:31:26.000,36,English improves career and life opportunities. \n\nWhat career are you interested in?,Give me 1 sentence about the importance of learning English. Max 5 words.
demo-test-136,1001,126392,2025-08-07 02:31:26.000,23,English connects people around the world! What country would you like to visit?,Give me 1 sentence about the importance of learning English. Max 5 words.
demo-test-34,1001,126400,2025-08-07 02:31:27.000,32,English is important for education. What subject do you like most? ?,Give me 1 sentence about the importance of learning English. Max 5 words.
demo-test-41,1001,126404,2025-08-07 02:31:27.000,32,English opens doors to friendship. Who is your best friend?,Give me 1 sentence about the importance of learning English. Max 5 words.
demo-test-65,1001,126403,2025-08-07 02:31:27.000,23,English enhances travel experiences greatly. Where do you want to travel?,Give me 1 sentence about the importance of learning English. Max 5 words.
demo-test-88,1001,126402,2025-08-07 02:31:27.000,22,English is essential for travel.,Give me 1 sentence about the importance of learning English. Max 5 words.
demo-test-143,1001,126401,2025-08-07 02:31:27.000,23,English enhances your career prospects. \n\nWhat career are you interested in?,Give me 1 sentence about the importance of learning English. Max 5 words.
demo-test-144,1001,126399,2025-08-07 02:31:27.000,23,English boosts your career opportunities. \n\nWhat job do you want?,Give me 1 sentence about the importance of learning English. Max 5 words.
demo-test-43,1001,126413,2025-08-07 02:31:28.000,34,English opens doors to opportunities! What opportunity do you want most? ?,Give me 1 sentence about the importance of learning English. Max 5 words.
demo-test-67,1001,126407,2025-08-07 02:31:28.000,24,English is vital for success. What is your favorite English word?,Give me 1 sentence about the importance of learning English. Max 5 words.
demo-test-90,1001,126410,2025-08-07 02:31:28.000,22,English improves access to information.,Give me 1 sentence about the importance of learning English. Max 5 words.
demo-test-92,1001,126412,2025-08-07 02:31:28.000,20,English is vital for travel.,Give me 1 sentence about the importance of learning English. Max 5 words.
demo-test-104,1001,126411,2025-08-07 02:31:28.000,36,English is essential for communication! What do you like about talking?,Give me 1 sentence about the importance of learning English. Max 5 words.
demo-test-123,1001,126409,2025-08-07 02:31:28.000,21,English is key for communication! \n\nWhat do you like to communicate about?,Give me 1 sentence about the importance of learning English. Max 5 words.
demo-test-125,1001,126406,2025-08-07 02:31:28.000,21,English bridges cultures and understanding! \n\nWhat culture interests you the most?,Give me 1 sentence about the importance of learning English. Max 5 words.
demo-test-141,1001,126405,2025-08-07 02:31:28.000,21,English is key for education! \n\nWhat do you want to learn?,Give me 1 sentence about the importance of learning English. Max 5 words.
demo-test-64,1001,126414,2025-08-07 02:31:29.000,23,English is key for understanding. What do you want to understand better?,Give me 1 sentence about the importance of learning English. Max 5 words.
demo-test-106,1001,126415,2025-08-07 02:31:29.000,31,English allows global communication easily! \n\nWhat country would you like to visit?,Give me 1 sentence about the importance of learning English. Max 5 words.
demo-test-126,1001,126416,2025-08-07 02:31:30.000,22,English opens doors to knowledge!\n\nWhat knowledge are you curious about?,Give me 1 sentence about the importance of learning English. Max 5 words.
demo-test-53,1001,126417,2025-08-07 02:31:31.000,23,English is key for understanding. \n\nWhat do you want to understand better?,Give me 1 sentence about the importance of learning English. Max 5 words.
demo-test-94,1001,126418,2025-08-07 02:31:34.000,18,English is the language of opportunity.,Give me 1 sentence about the importance of learning English. Max 5 words.
demo-test-71,1001,126419,2025-08-07 02:31:35.000,21,English connects the world together. How do you practice your English?,Give me 1 sentence about the importance of learning English. Max 5 words.
demo-test-1,1001,126422,2025-08-07 02:32:33.000,32,English helps build international friendships. What is your favorite English hobby?,Give me 1 sentence about the importance of learning English. Max 5 words.
demo-test-6,1001,126425,2025-08-07 02:32:34.000,84,English is vital for networking!,Give me 1 sentence about the importance of learning English. Max 5 words.
demo-test-26,1001,126426,2025-08-07 02:32:34.000,47,English opens doors to knowledge! ?✨,Give me 1 sentence about the importance of learning English. Max 5 words.
demo-test-99,1001,126423,2025-08-07 02:32:34.000,24,English helps in understanding technology.,Give me 1 sentence about the importance of learning English. Max 5 words.
demo-test-190,1001,126424,2025-08-07 02:32:34.000,10,English helps understand different cultures! \n\nWhat culture interests you the most?,Give me 1 sentence about the importance of learning English. Max 5 words.
demo-test-10,1001,126440,2025-08-07 02:32:35.000,18,English connects people worldwide easily. What country do you want to visit?,Give me 1 sentence about the importance of learning English. Max 5 words.
demo-test-27,1001,126436,2025-08-07 02:32:35.000,51,English is important for communication! ?️,Give me 1 sentence about the importance of learning English. Max 5 words.
demo-test-28,1001,126431,2025-08-07 02:32:35.000,45,English is important for travel!,Give me 1 sentence about the importance of learning English. Max 5 words.
demo-test-30,1001,126449,2025-08-07 02:32:35.000,48,English is vital for travel. ✈️?,Give me 1 sentence about the importance of learning English. Max 5 words.
demo-test-46,1001,126429,2025-08-07 02:32:35.000,39,English is crucial for success! ??,Give me 1 sentence about the importance of learning English. Max 5 words.
demo-test-47,1001,126448,2025-08-07 02:32:35.000,41,English helps you understand movies! ? What’s your favorite movie?,Give me 1 sentence about the importance of learning English. Max 5 words.
demo-test-51,1001,126454,2025-08-07 02:32:35.000,38,English helps you travel easily. \n\nWhere would you like to travel?,Give me 1 sentence about the importance of learning English. Max 5 words.
demo-test-63,1001,126427,2025-08-07 02:32:35.000,23,English is vital for success. What do you want to learn next?,Give me 1 sentence about the importance of learning English. Max 5 words.
demo-test-64,1001,126435,2025-08-07 02:32:35.000,24,English is essential for learning. What do you want to learn?,Give me 1 sentence about the importance of learning English. Max 5 words.
demo-test-67,1001,126453,2025-08-07 02:32:35.000,25,English is important for understanding. What do you enjoy learning most?,Give me 1 sentence about the importance of learning English. Max 5 words.
demo-test-81,1001,126432,2025-08-07 02:32:35.000,21,English connects people from everywhere.,Give me 1 sentence about the importance of learning English. Max 5 words.
demo-test-82,1001,126430,2025-08-07 02:32:35.000,23,English is important for travel.,Give me 1 sentence about the importance of learning English. Max 5 words.
demo-test-83,1001,126439,2025-08-07 02:32:35.000,21,English opens doors to opportunities.,Give me 1 sentence about the importance of learning English. Max 5 words.
demo-test-100,1001,126438,2025-08-07 02:32:35.000,22,English opens doors to possibilities.,Give me 1 sentence about the importance of learning English. Max 5 words.
demo-test-102,1001,126447,2025-08-07 02:32:35.000,38,English helps you connect globally! \n\nWho is your favorite person to talk to?,Give me 1 sentence about the importance of learning English. Max 5 words.
demo-test-117,1001,126428,2025-08-07 02:32:35.000,26,English is essential for education!\n\nWhat subject do you like most?,Give me 1 sentence about the importance of learning English. Max 5 words.
demo-test-118,1001,126433,2025-08-07 02:32:35.000,26,English is essential for travel. \n\nWhere do you want to travel?,Give me 1 sentence about the importance of learning English. Max 5 words.
demo-test-134,1001,126437,2025-08-07 02:32:35.000,24,English allows access to information. \n\nWhat information do you want to learn?,Give me 1 sentence about the importance of learning English. Max 5 words.
demo-test-136,1001,126444,2025-08-07 02:32:35.000,24,English helps you make friends! Who is your best friend?,Give me 1 sentence about the importance of learning English. Max 5 words.
demo-test-137,1001,126450,2025-08-07 02:32:35.000,24,English is vital for success.\n\nWhat is your dream job?,Give me 1 sentence about the importance of learning English. Max 5 words.
demo-test-152,1001,126445,2025-08-07 02:32:35.000,9,English helps you make friends. \n\nWho is your best friend?,Give me 1 sentence about the importance of learning English. Max 5 words.
demo-test-153,1001,126443,2025-08-07 02:32:35.000,10,English is important for travel! \n\nWhere do you want to travel using English?,Give me 1 sentence about the importance of learning English. Max 5 words.
demo-test-154,1001,126442,2025-08-07 02:32:35.000,10,English helps understand different cultures. \n\nWhat culture are you curious about?,Give me 1 sentence about the importance of learning English. Max 5 words.
demo-test-155,1001,126451,2025-08-07 02:32:35.000,9,English boosts your confidence greatly! \n\nWhat makes you excited to learn English?,Give me 1 sentence about the importance of learning English. Max 5 words.
demo-test-171,1001,126434,2025-08-07 02:32:35.000,11,English helps you understand cultures!\n\nWhat culture interests you the most?,Give me 1 sentence about the importance of learning English. Max 5 words.
demo-test-172,1001,126441,2025-08-07 02:32:35.000,11,English allows access to knowledge. \n\nWhat subject in English do you find most interesting?,Give me 1 sentence about the importance of learning English. Max 5 words.
demo-test-173,1001,126446,2025-08-07 02:32:35.000,11,English opens doors to opportunities! \n\nWhat is your favorite English phrase?,Give me 1 sentence about the importance of learning English. Max 5 words.
demo-test-192,1001,126452,2025-08-07 02:32:35.000,10,English helps you understand cultures! \n\nWhat culture interests you the most?,Give me 1 sentence about the importance of learning English. Max 5 words.
demo-test-50,1001,126456,2025-08-07 02:32:36.000,36,English is essential for travel. Where do you want to explore? ?✈️,Give me 1 sentence about the importance of learning English. Max 5 words.
demo-test-101,1001,126458,2025-08-07 02:32:36.000,50,English is essential for travel. \n\nWhere would you like to go?,Give me 1 sentence about the importance of learning English. Max 5 words.
demo-test-119,1001,126455,2025-08-07 02:32:36.000,26,English connects people from everywhere. \n\nWho would you like to meet?,Give me 1 sentence about the importance of learning English. Max 5 words.
demo-test-141,1001,126457,2025-08-07 02:32:36.000,22,English improves job opportunities greatly! \n\nWhat job do you dream of?,Give me 1 sentence about the importance of learning English. Max 5 words.
demo-test-170,1001,126459,2025-08-07 02:32:36.000,11,English helps in global business! \n\nWhat kind of business interests you?,Give me 1 sentence about the importance of learning English. Max 5 words.
demo-test-11,1001,126460,2025-08-07 02:32:37.000,56,English improves communication with everyone! ?,Give me 1 sentence about the importance of learning English. Max 5 words.
demo-test-29,1001,126463,2025-08-07 02:32:37.000,49,English enhances personal and professional growth! ?,Give me 1 sentence about the importance of learning English. Max 5 words.
demo-test-65,1001,126462,2025-08-07 02:32:37.000,24,English is important for success. What success do you dream of?,Give me 1 sentence about the importance of learning English. Max 5 words.
demo-test-105,1001,126461,2025-08-07 02:32:37.000,38,English allows access to information! \n\nWhat type of information do you want to find in English?,Give me 1 sentence about the importance of learning English. Max 5 words.
demo-test-13,1001,126471,2025-08-07 02:32:38.000,61,English connects people around world!,Give me 1 sentence about the importance of learning English. Max 5 words.
demo-test-15,1001,126465,2025-08-07 02:32:38.000,59,English opens doors to opportunities!,Give me 1 sentence about the importance of learning English. Max 5 words.
demo-test-33,1001,126484,2025-08-07 02:32:38.000,34,English is key for understanding. What do you enjoy doing?,Give me 1 sentence about the importance of learning English. Max 5 words.
demo-test-35,1001,126472,2025-08-07 02:32:38.000,32,English helps you share ideas. What ideas do you want to share? ?,Give me 1 sentence about the importance of learning English. Max 5 words.
demo-test-49,1001,126482,2025-08-07 02:32:38.000,36,English opens doors to travel. Where do you want to go? ✈️?,Give me 1 sentence about the importance of learning English. Max 5 words.
demo-test-66,1001,126487,2025-08-07 02:32:38.000,26,English helps in global understanding. What do you think about that?,Give me 1 sentence about the importance of learning English. Max 5 words.
demo-test-70,1001,126476,2025-08-07 02:32:38.000,40,English connects people worldwide effectively.,Give me 1 sentence about the importance of learning English. Max 5 words.
demo-test-84,1001,126470,2025-08-07 02:32:38.000,21,English is key for understanding.,Give me 1 sentence about the importance of learning English. Max 5 words.
demo-test-85,1001,126474,2025-08-07 02:32:38.000,23,English is vital for education.,Give me 1 sentence about the importance of learning English. Max 5 words.
demo-test-87,1001,126477,2025-08-07 02:32:38.000,23,English opens doors to opportunities.,Give me 1 sentence about the importance of learning English. Max 5 words.
demo-test-120,1001,126488,2025-08-07 02:32:38.000,26,English is important for travel! \n\nWhere would you like to travel?,Give me 1 sentence about the importance of learning English. Max 5 words.
demo-test-121,1001,126475,2025-08-07 02:32:38.000,22,English connects people around world!\n\nWho do you want to meet?,Give me 1 sentence about the importance of learning English. Max 5 words.
demo-test-124,1001,126480,2025-08-07 02:32:38.000,22,English helps you make friends! \n\nWho is your best friend?,Give me 1 sentence about the importance of learning English. Max 5 words.
demo-test-138,1001,126466,2025-08-07 02:32:38.000,24,English is key for communication. \n\nWhat do you want to say in English?,Give me 1 sentence about the importance of learning English. Max 5 words.
demo-test-142,1001,126479,2025-08-07 02:32:38.000,24,English is essential for travel. \n\nWhere do you want to go?,Give me 1 sentence about the importance of learning English. Max 5 words.
demo-test-156,1001,126483,2025-08-07 02:32:38.000,9,English builds friendships across cultures! What do you think makes a good friend?,Give me 1 sentence about the importance of learning English. Max 5 words.
demo-test-159,1001,126469,2025-08-07 02:32:38.000,10,English opens doors to opportunities. \n\nWhat opportunity do you dream of?,Give me 1 sentence about the importance of learning English. Max 5 words.
demo-test-174,1001,126464,2025-08-07 02:32:38.000,11,English helps you make friends!  \n\nWho is your best friend?,Give me 1 sentence about the importance of learning English. Max 5 words.
demo-test-175,1001,126468,2025-08-07 02:32:38.000,11,English helps you understand cultures. \n\nWhat culture are you interested in?,Give me 1 sentence about the importance of learning English. Max 5 words.
demo-test-176,1001,126481,2025-08-07 02:32:38.000,11,English is vital for success! \n\nWhat skill do you want to improve in English?,Give me 1 sentence about the importance of learning English. Max 5 words.
demo-test-177,1001,126486,2025-08-07 02:32:38.000,11,English helps you understand cultures. \n\nWhat culture are you curious about?,Give me 1 sentence about the importance of learning English. Max 5 words.
demo-test-179,1001,126478,2025-08-07 02:32:38.000,11,English is essential for success.\n\nWhat is your dream job?,Give me 1 sentence about the importance of learning English. Max 5 words.
demo-test-191,1001,126485,2025-08-07 02:32:38.000,10,English helps you travel easily! What country do you want to visit?,Give me 1 sentence about the importance of learning English. Max 5 words.
demo-test-193,1001,126467,2025-08-07 02:32:38.000,11,English helps you understand cultures. \n\nWhat culture are you interested in?,Give me 1 sentence about the importance of learning English. Max 5 words.
demo-test-195,1001,126473,2025-08-07 02:32:38.000,11,English allows access to knowledge! \n\nWhat do you want to learn in English next?,Give me 1 sentence about the importance of learning English. Max 5 words.
demo-test-1,1001,126540,2025-08-07 02:32:39.000,33,English improves communication across cultures. What do you like most about English?,Give me 1 sentence about the importance of learning English. Max 5 words.
demo-test-6,1001,126523,2025-08-07 02:32:39.000,85,English opens doors to knowledge!,Give me 1 sentence about the importance of learning English. Max 5 words.
demo-test-12,1001,126501,2025-08-07 02:32:39.000,60,Builds bridges between different cultures! ?,Give me 1 sentence about the importance of learning English. Max 5 words.
demo-test-14,1001,126538,2025-08-07 02:32:39.000,60,Connects people across the globe! ??,Give me 1 sentence about the importance of learning English. Max 5 words.
demo-test-16,1001,126531,2025-08-07 02:32:39.000,60,English enhances travel and experiences! ✈️?,Give me 1 sentence about the importance of learning English. Max 5 words.
demo-test-17,1001,126496,2025-08-07 02:32:39.000,60,Enhances access to online resources!,Give me 1 sentence about the importance of learning English. Max 5 words.
demo-test-18,1001,126513,2025-08-07 02:32:39.000,62,English helps build international friendships! ?,Give me 1 sentence about the importance of learning English. Max 5 words.
demo-test-27,1001,126532,2025-08-07 02:32:39.000,52,English broadens your cultural understanding! ?,Give me 1 sentence about the importance of learning English. Max 5 words.
demo-test-28,1001,126497,2025-08-07 02:32:39.000,46,English improves communication and understanding!,Give me 1 sentence about the importance of learning English. Max 5 words.
demo-test-31,1001,126512,2025-08-07 02:32:39.000,41,English is important for travel! ✈️ Where do you want to go?,Give me 1 sentence about the importance of learning English. Max 5 words.
demo-test-32,1001,126533,2025-08-07 02:32:39.000,35,English connects people across nations. Which nation interests you most? ??,Give me 1 sentence about the importance of learning English. Max 5 words.
demo-test-34,1001,126506,2025-08-07 02:32:39.000,33,English helps in global business. What business do you find interesting? ?,Give me 1 sentence about the importance of learning English. Max 5 words.
demo-test-36,1001,126539,2025-08-07 02:32:39.000,33,English helps you connect globally. What is your favorite movie genre?,Give me 1 sentence about the importance of learning English. Max 5 words.
demo-test-46,1001,126536,2025-08-07 02:32:39.000,40,English connects you to opportunities! ?✨,Give me 1 sentence about the importance of learning English. Max 5 words.
demo-test-48,1001,126511,2025-08-07 02:32:39.000,42,English helps you understand cultures! ?❤️ Which culture interests you most?,Give me 1 sentence about the importance of learning English. Max 5 words.
demo-test-52,1001,126491,2025-08-07 02:32:39.000,30,English helps in making friends.,Give me 1 sentence about the importance of learning English. Max 5 words.
demo-test-53,1001,126520,2025-08-07 02:32:39.000,24,English opens opportunities for everyone. \n\nWhat opportunity are you excited about?,Give me 1 sentence about the importance of learning English. Max 5 words.
demo-test-54,1001,126508,2025-08-07 02:32:39.000,26,English is key for opportunities. What opportunities do you dream about?,Give me 1 sentence about the importance of learning English. Max 5 words.
demo-test-63,1001,126535,2025-08-07 02:32:39.000,24,English opens many opportunities worldwide. What do you enjoy about learning English?,Give me 1 sentence about the importance of learning English. Max 5 words.
demo-test-68,1001,126527,2025-08-07 02:32:39.000,24,English is essential for communication.\n\nWhat is your favorite way to practice English?,Give me 1 sentence about the importance of learning English. Max 5 words.
demo-test-69,1001,126502,2025-08-07 02:32:39.000,24,English is key for global understanding. What do you like to do?,Give me 1 sentence about the importance of learning English. Max 5 words.
demo-test-71,1001,126507,2025-08-07 02:32:39.000,22,English is key for understanding. What is your favorite English activity?,Give me 1 sentence about the importance of learning English. Max 5 words.
demo-test-72,1001,126524,2025-08-07 02:32:39.000,20,English is key for global communication. What do you want to practice today?,Give me 1 sentence about the importance of learning English. Max 5 words.
demo-test-82,1001,126526,2025-08-07 02:32:39.000,24,English is useful for business.,Give me 1 sentence about the importance of learning English. Max 5 words.
demo-test-86,1001,126510,2025-08-07 02:32:39.000,26,English helps you make friends.,Give me 1 sentence about the importance of learning English. Max 5 words.
demo-test-88,1001,126493,2025-08-07 02:32:39.000,23,English helps build international friendships.,Give me 1 sentence about the importance of learning English. Max 5 words.
demo-test-89,1001,126505,2025-08-07 02:32:39.000,22,English helps share ideas globally.,Give me 1 sentence about the importance of learning English. Max 5 words.
demo-test-90,1001,126498,2025-08-07 02:32:39.000,23,English is key for travel.,Give me 1 sentence about the importance of learning English. Max 5 words.
demo-test-103,1001,126499,2025-08-07 02:32:39.000,37,English is important for travel. \n\nWhat country do you want to visit?,Give me 1 sentence about the importance of learning English. Max 5 words.
demo-test-104,1001,126528,2025-08-07 02:32:39.000,37,English opens doors to knowledge! What do you want to learn?,Give me 1 sentence about the importance of learning English. Max 5 words.
demo-test-106,1001,126514,2025-08-07 02:32:39.000,32,English helps you make friends! \n\nWhat qualities do you look for in a friend?,Give me 1 sentence about the importance of learning English. Max 5 words.
demo-test-107,1001,126521,2025-08-07 02:32:39.000,35,English improves your communication skills. \n\nWhat do you like to communicate about?,Give me 1 sentence about the importance of learning English. Max 5 words.
demo-test-108,1001,126500,2025-08-07 02:32:39.000,35,English is vital for success!\n\nWhat does success mean to you?,Give me 1 sentence about the importance of learning English. Max 5 words.
demo-test-122,1001,126504,2025-08-07 02:32:39.000,22,English helps you understand others! \n\nWho is someone you want to understand better?,Give me 1 sentence about the importance of learning English. Max 5 words.
demo-test-123,1001,126515,2025-08-07 02:32:39.000,22,English improves your learning skills! \n\nWhat subjects do you enjoy studying?,Give me 1 sentence about the importance of learning English. Max 5 words.
demo-test-125,1001,126517,2025-08-07 02:32:39.000,22,English opens opportunities for everyone! \n\nWhat opportunity do you dream about?,Give me 1 sentence about the importance of learning English. Max 5 words.
demo-test-126,1001,126516,2025-08-07 02:32:39.000,23,English is vital for communication!\n\nWho do you want to communicate with?,Give me 1 sentence about the importance of learning English. Max 5 words.
demo-test-139,1001,126489,2025-08-07 02:32:39.000,24,English is vital for opportunities! \n\nWhat opportunities do you hope for?,Give me 1 sentence about the importance of learning English. Max 5 words.
demo-test-140,1001,126490,2025-08-07 02:32:39.000,24,English helps you explore opportunities! \n\nWhat opportunity do you want to explore?,Give me 1 sentence about the importance of learning English. Max 5 words.
demo-test-143,1001,126534,2025-08-07 02:32:39.000,24,English helps in understanding technology. \n\nWhat technology do you want to learn about?,Give me 1 sentence about the importance of learning English. Max 5 words.
demo-test-144,1001,126519,2025-08-07 02:32:39.000,24,English is key for success. \n\nWhat does success mean to you?,Give me 1 sentence about the importance of learning English. Max 5 words.
demo-test-157,1001,126492,2025-08-07 02:32:39.000,10,English improves communication skills! \n\nWhat do you want to communicate in English?,Give me 1 sentence about the importance of learning English. Max 5 words.
demo-test-158,1001,126518,2025-08-07 02:32:39.000,9,English helps you understand cultures! \n\nWhich culture interests you the most?,Give me 1 sentence about the importance of learning English. Max 5 words.
demo-test-160,1001,126530,2025-08-07 02:32:39.000,11,English helps you share ideas. \n\nWhat do you want to learn next in English?,Give me 1 sentence about the importance of learning English. Max 5 words.
demo-test-161,1001,126525,2025-08-07 02:32:39.000,10,English expands your knowledge base. \n\nWhat is your favorite subject?,Give me 1 sentence about the importance of learning English. Max 5 words.
demo-test-162,1001,126529,2025-08-07 02:32:39.000,11,English is essential for success. \n\nWhat is your goal in learning English?,Give me 1 sentence about the importance of learning English. Max 5 words.
demo-test-178,1001,126537,2025-08-07 02:32:39.000,11,English helps you find jobs! \n\nWhat job do you dream of?,Give me 1 sentence about the importance of learning English. Max 5 words.
demo-test-180,1001,126522,2025-08-07 02:32:39.000,11,English opens doors to opportunities! \n\nWhat kind of opportunities do you want?,Give me 1 sentence about the importance of learning English. Max 5 words.
demo-test-194,1001,126494,2025-08-07 02:32:39.000,11,English enhances your global connections!\n\nWhat do you enjoy most about learning English?,Give me 1 sentence about the importance of learning English. Max 5 words.
demo-test-196,1001,126503,2025-08-07 02:32:39.000,11,English helps you understand cultures! \n\nWhat culture interests you the most?,Give me 1 sentence about the importance of learning English. Max 5 words.
demo-test-197,1001,126509,2025-08-07 02:32:39.000,11,English helps you understand cultures! \n\nWhat culture interests you the most?,Give me 1 sentence about the importance of learning English. Max 5 words.
demo-test-198,1001,126495,2025-08-07 02:32:39.000,11,English helps you travel better! \n\nWhere do you want to travel?,Give me 1 sentence about the importance of learning English. Max 5 words.
demo-test-134,1001,126541,2025-08-07 02:32:41.000,25,English helps build international friendships. \n\nDo you have friends who speak English?,Give me 1 sentence about the importance of learning English. Max 5 words.
demo-test-190,1001,126542,2025-08-07 02:32:41.000,11,English is key for education! \n\nWhat do you want to study?,Give me 1 sentence about the importance of learning English. Max 5 words.
demo-test-10,1001,126546,2025-08-07 02:32:42.000,19,English is important for success. What is your dream job?,Give me 1 sentence about the importance of learning English. Max 5 words.
demo-test-11,1001,126558,2025-08-07 02:32:42.000,57,English opens doors to opportunities! ?,Give me 1 sentence about the importance of learning English. Max 5 words.
demo-test-29,1001,126570,2025-08-07 02:32:42.000,50,English is key for communication! ?,Give me 1 sentence about the importance of learning English. Max 5 words.
demo-test-30,1001,126559,2025-08-07 02:32:42.000,49,English enhances your learning experience. ?✨,Give me 1 sentence about the importance of learning English. Max 5 words.
demo-test-35,1001,126571,2025-08-07 02:32:42.000,33,English opens doors to opportunities. What opportunity excites you the most? ?,Give me 1 sentence about the importance of learning English. Max 5 words.
demo-test-51,1001,126553,2025-08-07 02:32:42.000,39,English is important for jobs. \n\nWhat job do you want?,Give me 1 sentence about the importance of learning English. Max 5 words.
demo-test-64,1001,126550,2025-08-07 02:32:42.000,25,English helps you share ideas. What ideas do you want to share?,Give me 1 sentence about the importance of learning English. Max 5 words.
demo-test-67,1001,126555,2025-08-07 02:32:42.000,26,English helps you communicate effectively. What do you want to learn next?,Give me 1 sentence about the importance of learning English. Max 5 words.
demo-test-81,1001,126556,2025-08-07 02:32:42.000,22,English is vital for success.,Give me 1 sentence about the importance of learning English. Max 5 words.
demo-test-83,1001,126565,2025-08-07 02:32:42.000,22,English connects people across cultures.,Give me 1 sentence about the importance of learning English. Max 5 words.
demo-test-85,1001,126567,2025-08-07 02:32:42.000,24,English helps in global communication.,Give me 1 sentence about the importance of learning English. Max 5 words.
demo-test-87,1001,126554,2025-08-07 02:32:42.000,24,English is essential for understanding.,Give me 1 sentence about the importance of learning English. Max 5 words.
demo-test-99,1001,126566,2025-08-07 02:32:42.000,25,English allows access to information.,Give me 1 sentence about the importance of learning English. Max 5 words.
demo-test-100,1001,126560,2025-08-07 02:32:42.000,23,English connects people around world.,Give me 1 sentence about the importance of learning English. Max 5 words.
demo-test-101,1001,126572,2025-08-07 02:32:42.000,51,English helps you understand cultures. \n\nWhat culture are you curious about?,Give me 1 sentence about the importance of learning English. Max 5 words.
demo-test-102,1001,126549,2025-08-07 02:32:42.000,39,English is important for collaboration! \n\nWhat project would you like to work on?,Give me 1 sentence about the importance of learning English. Max 5 words.
demo-test-118,1001,126563,2025-08-07 02:32:42.000,27,English improves your social skills. \n\nWho do you want to meet?,Give me 1 sentence about the importance of learning English. Max 5 words.
demo-test-119,1001,126544,2025-08-07 02:32:42.000,27,English helps in understanding cultures. \n\nWhich culture interests you the most?,Give me 1 sentence about the importance of learning English. Max 5 words.
demo-test-136,1001,126551,2025-08-07 02:32:42.000,25,English is important for travel! Where do you want to travel?,Give me 1 sentence about the importance of learning English. Max 5 words.
demo-test-137,1001,126561,2025-08-07 02:32:42.000,25,English is key for communication.\n\nWhat do you like about learning English?,Give me 1 sentence about the importance of learning English. Max 5 words.
demo-test-141,1001,126543,2025-08-07 02:32:42.000,23,English helps in understanding technology! \n\nWhat technology do you like most?,Give me 1 sentence about the importance of learning English. Max 5 words.
demo-test-152,1001,126548,2025-08-07 02:32:42.000,10,English opens doors to success.\n\nWhat success means to you?,Give me 1 sentence about the importance of learning English. Max 5 words.
demo-test-153,1001,126557,2025-08-07 02:32:42.000,11,English helps you understand culture! \n\nWhat culture interests you the most?,Give me 1 sentence about the importance of learning English. Max 5 words.
demo-test-154,1001,126552,2025-08-07 02:32:42.000,11,English is vital for education. \n\nWhat subjects do you enjoy studying?,Give me 1 sentence about the importance of learning English. Max 5 words.
demo-test-155,1001,126547,2025-08-07 02:32:42.000,10,English helps you travel easily! \n\nWhere do you want to travel?,Give me 1 sentence about the importance of learning English. Max 5 words.
demo-test-170,1001,126569,2025-08-07 02:32:42.000,12,English allows for better travel! \n\nWhere would you like to travel?,Give me 1 sentence about the importance of learning English. Max 5 words.
demo-test-171,1001,126568,2025-08-07 02:32:42.000,12,English is essential for travel! \n\nWhere would you like to travel?,Give me 1 sentence about the importance of learning English. Max 5 words.
demo-test-172,1001,126545,2025-08-07 02:32:42.000,12,English helps in understanding cultures. \n\nWhat culture interests you the most?,Give me 1 sentence about the importance of learning English. Max 5 words.
demo-test-173,1001,126564,2025-08-07 02:32:42.000,12,English helps you understand cultures! \n\nWhat culture are you curious about?,Give me 1 sentence about the importance of learning English. Max 5 words.
demo-test-192,1001,126562,2025-08-07 02:32:42.000,11,English is essential for education! \n\nWhat subjects do you enjoy studying?,Give me 1 sentence about the importance of learning English. Max 5 words.
demo-test-15,1001,126579,2025-08-07 02:32:43.000,60,English enhances your educational opportunities!,Give me 1 sentence about the importance of learning English. Max 5 words.
demo-test-26,1001,126578,2025-08-07 02:32:43.000,48,English helps in global communication! ??,Give me 1 sentence about the importance of learning English. Max 5 words.
demo-test-47,1001,126574,2025-08-07 02:32:43.000,42,English is key for opportunities! ? What opportunity do you dream of?,Give me 1 sentence about the importance of learning English. Max 5 words.
demo-test-50,1001,126576,2025-08-07 02:32:43.000,37,English connects people from different cultures. What culture interests you the most? ?✨,Give me 1 sentence about the importance of learning English. Max 5 words.
demo-test-65,1001,126573,2025-08-07 02:32:43.000,25,English helps connect with others. Who would you like to connect with?,Give me 1 sentence about the importance of learning English. Max 5 words.
demo-test-89,1001,126580,2025-08-07 02:32:43.000,23,English opens doors to opportunities.,Give me 1 sentence about the importance of learning English. Max 5 words.
demo-test-105,1001,126575,2025-08-07 02:32:43.000,39,English opens doors to success! \n\nWhat goals do you have for your English learning?,Give me 1 sentence about the importance of learning English. Max 5 words.
demo-test-117,1001,126577,2025-08-07 02:32:43.000,27,English improves your communication skills!\n\nWhat do you want to communicate?,Give me 1 sentence about the importance of learning English. Max 5 words.
demo-test-14,1001,126586,2025-08-07 02:32:44.000,61,Key to understanding global trends! ??,Give me 1 sentence about the importance of learning English. Max 5 words.
demo-test-52,1001,126584,2025-08-07 02:32:44.000,31,English is key for understanding.,Give me 1 sentence about the importance of learning English. Max 5 words.
demo-test-121,1001,126582,2025-08-07 02:32:44.000,23,English helps you explore opportunities!\n\nWhat opportunity are you excited about?,Give me 1 sentence about the importance of learning English. Max 5 words.
demo-test-176,1001,126583,2025-08-07 02:32:44.000,12,English opens many job opportunities! \n\nWhat job would you like to have in the future?,Give me 1 sentence about the importance of learning English. Max 5 words.
demo-test-178,1001,126585,2025-08-07 02:32:44.000,12,English is vital for education! \n\nWhat subjects do you enjoy studying?,Give me 1 sentence about the importance of learning English. Max 5 words.
demo-test-191,1001,126581,2025-08-07 02:32:44.000,11,English is vital for success! What success means to you?,Give me 1 sentence about the importance of learning English. Max 5 words.
demo-test-18,1001,126596,2025-08-07 02:32:45.000,63,English enhances travel and experiences! ✈️,Give me 1 sentence about the importance of learning English. Max 5 words.
demo-test-31,1001,126599,2025-08-07 02:32:45.000,42,English helps you make friends! ? Who is your best friend?,Give me 1 sentence about the importance of learning English. Max 5 words.
demo-test-49,1001,126594,2025-08-07 02:32:45.000,37,English is essential for work. What job do you want? ?,Give me 1 sentence about the importance of learning English. Max 5 words.
demo-test-54,1001,126588,2025-08-07 02:32:45.000,27,English helps you find jobs. What job do you want?,Give me 1 sentence about the importance of learning English. Max 5 words.
demo-test-88,1001,126591,2025-08-07 02:32:45.000,24,English improves access to information.,Give me 1 sentence about the importance of learning English. Max 5 words.
demo-test-90,1001,126587,2025-08-07 02:32:45.000,24,English is essential for education.,Give me 1 sentence about the importance of learning English. Max 5 words.
demo-test-122,1001,126598,2025-08-07 02:32:45.000,23,English is essential for travel! \n\nWhere would you like to go?,Give me 1 sentence about the importance of learning English. Max 5 words.
demo-test-123,1001,126592,2025-08-07 02:32:45.000,23,English is important for travel! \n\nWhere do you want to travel?,Give me 1 sentence about the importance of learning English. Max 5 words.
demo-test-124,1001,126589,2025-08-07 02:32:45.000,23,English is key for success! \n\nWhat is your dream job?,Give me 1 sentence about the importance of learning English. Max 5 words.
demo-test-174,1001,126593,2025-08-07 02:32:45.000,12,English allows access to information!  \n\nWhat information do you want to learn?,Give me 1 sentence about the importance of learning English. Max 5 words.
demo-test-179,1001,126590,2025-08-07 02:32:45.000,12,English helps you understand the world. \n\nWhat is your favorite English phrase?,Give me 1 sentence about the importance of learning English. Max 5 words.
demo-test-196,1001,126595,2025-08-07 02:32:45.000,12,English connects us around the world! \n\nWhat is your favorite English phrase?,Give me 1 sentence about the importance of learning English. Max 5 words.
demo-test-198,1001,126597,2025-08-07 02:32:45.000,12,English opens doors to knowledge! \n\nWhat do you want to learn in English?,Give me 1 sentence about the importance of learning English. Max 5 words.
demo-test-17,1001,126607,2025-08-07 02:32:46.000,61,Strengthens skills for future success!,Give me 1 sentence about the importance of learning English. Max 5 words.
demo-test-70,1001,126605,2025-08-07 02:32:46.000,41,English helps in global communication.,Give me 1 sentence about the importance of learning English. Max 5 words.
demo-test-104,1001,126602,2025-08-07 02:32:46.000,38,English helps you travel easily! Where would you like to go?,Give me 1 sentence about the importance of learning English. Max 5 words.
demo-test-107,1001,126603,2025-08-07 02:32:46.000,36,English is key for education. \n\nWhat subject do you enjoy studying?,Give me 1 sentence about the importance of learning English. Max 5 words.
demo-test-108,1001,126600,2025-08-07 02:32:46.000,36,English builds connections around the world!\n\nWhat connection do you value most?,Give me 1 sentence about the importance of learning English. Max 5 words.
demo-test-138,1001,126606,2025-08-07 02:32:46.000,25,English enhances understanding of cultures. \n\nWhat culture interests you the most?,Give me 1 sentence about the importance of learning English. Max 5 words.
demo-test-144,1001,126601,2025-08-07 02:32:46.000,25,English helps you understand media. \n\nWhat is your favorite movie?,Give me 1 sentence about the importance of learning English. Max 5 words.
demo-test-159,1001,126604,2025-08-07 02:32:46.000,11,English helps you understand cultures. \n\nWhat culture are you interested in?,Give me 1 sentence about the importance of learning English. Max 5 words.
demo-test-16,1001,126611,2025-08-07 02:32:47.000,61,English is essential for understanding! ?✨,Give me 1 sentence about the importance of learning English. Max 5 words.
demo-test-36,1001,126608,2025-08-07 02:32:47.000,34,English opens doors to opportunities. What is your favorite game to play?,Give me 1 sentence about the importance of learning English. Max 5 words.
demo-test-84,1001,126609,2025-08-07 02:32:47.000,22,English is important for travel.,Give me 1 sentence about the importance of learning English. Max 5 words.
demo-test-125,1001,126614,2025-08-07 02:32:47.000,23,English is important for communication! \n\nWhat do you want to communicate in English?,Give me 1 sentence about the importance of learning English. Max 5 words.
demo-test-158,1001,126610,2025-08-07 02:32:47.000,10,English enables better education access!\n\nWhat subjects do you enjoy studying?,Give me 1 sentence about the importance of learning English. Max 5 words.
demo-test-175,1001,126612,2025-08-07 02:32:47.000,12,English is essential for education. \n\nWhat do you want to study in English?,Give me 1 sentence about the importance of learning English. Max 5 words.
demo-test-195,1001,126613,2025-08-07 02:32:47.000,12,English helps build new friendships! \n\nWho is your best friend?,Give me 1 sentence about the importance of learning English. Max 5 words.
demo-test-12,1001,126618,2025-08-07 02:32:48.000,61,Enhances networking and social connections! ?,Give me 1 sentence about the importance of learning English. Max 5 words.
demo-test-13,1001,126617,2025-08-07 02:32:48.000,62,English improves your future opportunities!,Give me 1 sentence about the importance of learning English. Max 5 words.
demo-test-120,1001,126616,2025-08-07 02:32:48.000,27,English helps in global communication! \n\nWhat language do you like most?,Give me 1 sentence about the importance of learning English. Max 5 words.
demo-test-126,1001,126619,2025-08-07 02:32:48.000,24,English helps you travel easily!\n\nWhere would you like to travel?,Give me 1 sentence about the importance of learning English. Max 5 words.
demo-test-139,1001,126620,2025-08-07 02:32:48.000,25,English opens doors to knowledge! \n\nWhat subject would you like to learn more about in English?,Give me 1 sentence about the importance of learning English. Max 5 words.
demo-test-162,1001,126615,2025-08-07 02:32:48.000,12,English helps in understanding cultures. \n\nWhat culture interests you the most?,Give me 1 sentence about the importance of learning English. Max 5 words.
demo-test-193,1001,126621,2025-08-07 02:32:48.000,12,English is vital for communication. \n\nWho do you want to talk to in English?,Give me 1 sentence about the importance of learning English. Max 5 words.
demo-test-32,1001,126625,2025-08-07 02:32:49.000,36,English improves your job prospects. What job do you want? ?,Give me 1 sentence about the importance of learning English. Max 5 words.
demo-test-53,1001,126622,2025-08-07 02:32:49.000,25,English enhances communication and understanding. \n\nWhat do you want to communicate?,Give me 1 sentence about the importance of learning English. Max 5 words.
demo-test-71,1001,126626,2025-08-07 02:32:49.000,23,English helps in global communication. What do you enjoy learning most?,Give me 1 sentence about the importance of learning English. Max 5 words.
demo-test-103,1001,126624,2025-08-07 02:32:49.000,38,English helps you make friends. \n\nWho is your best friend?,Give me 1 sentence about the importance of learning English. Max 5 words.
demo-test-160,1001,126623,2025-08-07 02:32:49.000,12,English connects cultures and people. \n\nWhat is your favorite English phrase?,Give me 1 sentence about the importance of learning English. Max 5 words.
demo-test-33,1001,126633,2025-08-07 02:32:50.000,35,English opens doors to opportunities. What is your favorite hobby?,Give me 1 sentence about the importance of learning English. Max 5 words.
demo-test-34,1001,126630,2025-08-07 02:32:50.000,34,English connects people from everywhere. Who would you like to meet? ?,Give me 1 sentence about the importance of learning English. Max 5 words.
demo-test-66,1001,126631,2025-08-07 02:32:50.000,27,English is key for opportunities. What opportunities do you want?,Give me 1 sentence about the importance of learning English. Max 5 words.
demo-test-69,1001,126627,2025-08-07 02:32:50.000,25,English opens doors to opportunities. What do you like to eat?,Give me 1 sentence about the importance of learning English. Max 5 words.
demo-test-142,1001,126629,2025-08-07 02:32:50.000,25,English opens doors to opportunities. \n\nWhat is your dream job?,Give me 1 sentence about the importance of learning English. Max 5 words.
demo-test-143,1001,126632,2025-08-07 02:32:50.000,25,English allows access to global media. \n\nWhat type of media do you enjoy?,Give me 1 sentence about the importance of learning English. Max 5 words.
demo-test-157,1001,126634,2025-08-07 02:32:50.000,11,English helps you share ideas! \n\nWhat ideas do you want to share?,Give me 1 sentence about the importance of learning English. Max 5 words.
demo-test-197,1001,126628,2025-08-07 02:32:50.000,12,English is key for education! \n\nWhat do you want to study?,Give me 1 sentence about the importance of learning English. Max 5 words.
demo-test-48,1001,126637,2025-08-07 02:32:51.000,43,English is essential for travel! ✈️? Where do you want to travel?,Give me 1 sentence about the importance of learning English. Max 5 words.
demo-test-68,1001,126638,2025-08-07 02:32:51.000,25,English helps you understand others.\n\nWhat do you enjoy most about learning English?,Give me 1 sentence about the importance of learning English. Max 5 words.
demo-test-86,1001,126635,2025-08-07 02:32:51.000,27,English is key for education.,Give me 1 sentence about the importance of learning English. Max 5 words.
demo-test-177,1001,126636,2025-08-07 02:32:51.000,12,English is essential for travel. \n\nWhere would you like to travel?,Give me 1 sentence about the importance of learning English. Max 5 words.
demo-test-106,1001,126639,2025-08-07 02:32:52.000,33,English is key for travel! \n\nWhere do you want to travel?,Give me 1 sentence about the importance of learning English. Max 5 words.
demo-test-140,1001,126642,2025-08-07 02:32:52.000,25,English is vital for communication! \n\nWhat do you like to communicate about?,Give me 1 sentence about the importance of learning English. Max 5 words.
demo-test-161,1001,126640,2025-08-07 02:32:52.000,11,English boosts confidence in communication. \n\nDo you like speaking in English?,Give me 1 sentence about the importance of learning English. Max 5 words.
demo-test-180,1001,126643,2025-08-07 02:32:52.000,12,English helps you understand cultures! \n\nWhat culture interests you the most?,Give me 1 sentence about the importance of learning English. Max 5 words.
demo-test-194,1001,126641,2025-08-07 02:32:52.000,12,English opens doors to opportunities!\n\nWhat opportunity do you hope for with English?,Give me 1 sentence about the importance of learning English. Max 5 words.
demo-test-72,1001,126644,2025-08-07 02:32:53.000,21,English opens doors to opportunities. What do you enjoy learning in English?,Give me 1 sentence about the importance of learning English. Max 5 words.
demo-test-156,1001,126645,2025-08-07 02:32:53.000,10,English helps in global communication! What do you want to learn next?,Give me 1 sentence about the importance of learning English. Max 5 words.
demo-test-1,1001,126648,2025-08-07 02:34:07.000,34,English is key for understanding. What do you want to practice today?,Give me 1 sentence about the importance of learning English. Max 5 words.
demo-test-26,1001,126650,2025-08-07 02:34:09.000,49,English is crucial for success! ?,Give me 1 sentence about the importance of learning English. Max 5 words.
demo-test-96,1001,126649,2025-08-07 02:34:09.000,19,English is key for education.,Give me 1 sentence about the importance of learning English. Max 5 words.
demo-test-99,1001,126651,2025-08-07 02:34:09.000,26,English enhances your cultural understanding.,Give me 1 sentence about the importance of learning English. Max 5 words.
demo-test-9,1001,126659,2025-08-07 02:34:10.000,87,English is essential for communication.,Give me 1 sentence about the importance of learning English. Max 5 words.
demo-test-28,1001,126662,2025-08-07 02:34:10.000,47,English is key for opportunities!,Give me 1 sentence about the importance of learning English. Max 5 words.
demo-test-42,1001,126665,2025-08-07 02:34:10.000,33,English helps you share ideas. What ideas do you want to share?,Give me 1 sentence about the importance of learning English. Max 5 words.
demo-test-44,1001,126672,2025-08-07 02:34:10.000,33,English opens doors to success. What does success mean to you?,Give me 1 sentence about the importance of learning English. Max 5 words.
demo-test-46,1001,126668,2025-08-07 02:34:10.000,41,English improves your career prospects! ??,Give me 1 sentence about the importance of learning English. Max 5 words.
demo-test-47,1001,126661,2025-08-07 02:34:10.000,43,English opens doors to possibilities! ? What possibilities do you want?,Give me 1 sentence about the importance of learning English. Max 5 words.
demo-test-62,1001,126655,2025-08-07 02:34:10.000,21,English bridges cultures and people. What do you enjoy most about learning?,Give me 1 sentence about the importance of learning English. Max 5 words.
demo-test-64,1001,126667,2025-08-07 02:34:10.000,26,English helps you find jobs. What job do you want?,Give me 1 sentence about the importance of learning English. Max 5 words.
demo-test-82,1001,126663,2025-08-07 02:34:10.000,25,English helps you understand media.,Give me 1 sentence about the importance of learning English. Max 5 words.
demo-test-95,1001,126652,2025-08-07 02:34:10.000,18,English helps share ideas globally.,Give me 1 sentence about the importance of learning English. Max 5 words.
demo-test-100,1001,126664,2025-08-07 02:34:10.000,24,English improves understanding of information.,Give me 1 sentence about the importance of learning English. Max 5 words.
demo-test-116,1001,126656,2025-08-07 02:34:10.000,26,English improves your travel experiences! \n\nWhat country would you like to visit?,Give me 1 sentence about the importance of learning English. Max 5 words.
demo-test-117,1001,126657,2025-08-07 02:34:10.000,28,English opens doors to opportunities!\n\nWhat opportunity do you dream about?,Give me 1 sentence about the importance of learning English. Max 5 words.
demo-test-118,1001,126666,2025-08-07 02:34:10.000,28,English helps you find jobs. \n\nWhat job do you want?,Give me 1 sentence about the importance of learning English. Max 5 words.
demo-test-135,1001,126653,2025-08-07 02:34:10.000,24,English is key for opportunities. \n\nWhat do you want to achieve with English?,Give me 1 sentence about the importance of learning English. Max 5 words.
demo-test-136,1001,126660,2025-08-07 02:34:10.000,26,English is essential for communication! What do you like to talk about?,Give me 1 sentence about the importance of learning English. Max 5 words.
demo-test-138,1001,126671,2025-08-07 02:34:10.000,26,English is vital for success. \n\nWhat is your dream job?,Give me 1 sentence about the importance of learning English. Max 5 words.
demo-test-153,1001,126670,2025-08-07 02:34:10.000,12,English connects you with others! \n\nWho would you like to talk to in English?,Give me 1 sentence about the importance of learning English. Max 5 words.
demo-test-154,1001,126673,2025-08-07 02:34:10.000,12,English enhances communication with others. \n\nWho do you want to talk to in English?,Give me 1 sentence about the importance of learning English. Max 5 words.
demo-test-171,1001,126658,2025-08-07 02:34:10.000,13,English connects people from everywhere!\n\nWhat country would you like to visit?,Give me 1 sentence about the importance of learning English. Max 5 words.
demo-test-190,1001,126669,2025-08-07 02:34:10.000,12,English opens doors to opportunities! \n\nWhat opportunities do you hope for?,Give me 1 sentence about the importance of learning English. Max 5 words.
demo-test-30,1001,126678,2025-08-07 02:34:11.000,50,English connects different cultures together. ?❤️,Give me 1 sentence about the importance of learning English. Max 5 words.
demo-test-31,1001,126674,2025-08-07 02:34:11.000,43,English is essential for success! ? What success do you want?,Give me 1 sentence about the importance of learning English. Max 5 words.
demo-test-67,1001,126675,2025-08-07 02:34:11.000,27,English opens doors to opportunities. What opportunities do you dream of?,Give me 1 sentence about the importance of learning English. Max 5 words.
demo-test-98,1001,126680,2025-08-07 02:34:11.000,21,English helps you make friends.,Give me 1 sentence about the importance of learning English. Max 5 words.
demo-test-104,1001,126679,2025-08-07 02:34:11.000,39,English is key for opportunities! What opportunity excites you the most?,Give me 1 sentence about the importance of learning English. Max 5 words.
demo-test-151,1001,126676,2025-08-07 02:34:11.000,8,English connects you with others! \n\nWhat is your favorite English song?,Give me 1 sentence about the importance of learning English. Max 5 words.
demo-test-172,1001,126677,2025-08-07 02:34:11.000,13,English is vital for travel. \n\nWhere would you like to travel?,Give me 1 sentence about the importance of learning English. Max 5 words.
demo-test-156,1001,126681,2025-08-07 02:34:12.000,11,English opens doors to opportunities! What opportunity do you dream of?,Give me 1 sentence about the importance of learning English. Max 5 words.
demo-test-10,1001,126682,2025-08-07 02:34:13.000,20,English opens doors to opportunities. What opportunities do you want?,Give me 1 sentence about the importance of learning English. Max 5 words.
demo-test-11,1001,126683,2025-08-07 02:34:13.000,58,English connects people from everywhere! ?,Give me 1 sentence about the importance of learning English. Max 5 words.
demo-test-12,1001,126694,2025-08-07 02:34:13.000,62,Facilitates understanding of global issues! ?,Give me 1 sentence about the importance of learning English. Max 5 words.
demo-test-13,1001,126687,2025-08-07 02:34:13.000,63,English is key for communication!,Give me 1 sentence about the importance of learning English. Max 5 words.
demo-test-32,1001,126695,2025-08-07 02:34:13.000,37,English enhances travel and exploration. Where do you want to explore? ✈️?,Give me 1 sentence about the importance of learning English. Max 5 words.
demo-test-50,1001,126699,2025-08-07 02:34:13.000,38,English opens doors to knowledge. What do you want to learn? ??,Give me 1 sentence about the importance of learning English. Max 5 words.
demo-test-66,1001,126685,2025-08-07 02:34:13.000,28,English is useful for travel. Where do you want to go?,Give me 1 sentence about the importance of learning English. Max 5 words.
demo-test-69,1001,126690,2025-08-07 02:34:13.000,26,English connects the world together. What is your favorite TV show?,Give me 1 sentence about the importance of learning English. Max 5 words.
demo-test-83,1001,126696,2025-08-07 02:34:13.000,23,English enhances communication in technology.,Give me 1 sentence about the importance of learning English. Max 5 words.
demo-test-85,1001,126689,2025-08-07 02:34:13.000,25,English enhances cultural understanding globally.,Give me 1 sentence about the importance of learning English. Max 5 words.
demo-test-88,1001,126692,2025-08-07 02:34:13.000,25,English allows for better connections.,Give me 1 sentence about the importance of learning English. Max 5 words.
demo-test-102,1001,126686,2025-08-07 02:34:13.000,40,English enhances your communication skills! \n\nWhat do you enjoy talking about?,Give me 1 sentence about the importance of learning English. Max 5 words.
demo-test-120,1001,126688,2025-08-07 02:34:13.000,28,English is crucial for business! \n\nWhat business do you want to start?,Give me 1 sentence about the importance of learning English. Max 5 words.
demo-test-122,1001,126693,2025-08-07 02:34:13.000,24,English helps you find jobs! \n\nWhat job do you dream of?,Give me 1 sentence about the importance of learning English. Max 5 words.
demo-test-159,1001,126684,2025-08-07 02:34:13.000,12,English is essential for success. \n\nWhat success do you want?,Give me 1 sentence about the importance of learning English. Max 5 words.
demo-test-173,1001,126691,2025-08-07 02:34:13.000,13,English connects people across countries! \n\nWhich country would you like to visit?,Give me 1 sentence about the importance of learning English. Max 5 words.
demo-test-177,1001,126697,2025-08-07 02:34:13.000,13,English is important for success. \n\nWhat is your dream job?,Give me 1 sentence about the importance of learning English. Max 5 words.
demo-test-196,1001,126698,2025-08-07 02:34:13.000,13,English is key for success! \n\nWhat success do you want to achieve?,Give me 1 sentence about the importance of learning English. Max 5 words.
demo-test-14,1001,126753,2025-08-07 02:34:14.000,62,Important for international travel safety! ✈️?,Give me 1 sentence about the importance of learning English. Max 5 words.
demo-test-15,1001,126768,2025-08-07 02:34:14.000,61,English is essential for communication!,Give me 1 sentence about the importance of learning English. Max 5 words.
demo-test-16,1001,126767,2025-08-07 02:34:14.000,62,English promotes global friendship and understanding! ?❤️,Give me 1 sentence about the importance of learning English. Max 5 words.
demo-test-17,1001,126738,2025-08-07 02:34:14.000,62,Improves understanding of popular media!,Give me 1 sentence about the importance of learning English. Max 5 words.
demo-test-18,1001,126730,2025-08-07 02:34:14.000,64,English is vital for communication! ?,Give me 1 sentence about the importance of learning English. Max 5 words.
demo-test-26,1001,126734,2025-08-07 02:34:14.000,50,English connects cultures and people! ?❤️,Give me 1 sentence about the importance of learning English. Max 5 words.
demo-test-29,1001,126712,2025-08-07 02:34:14.000,51,English helps with global connections! ?,Give me 1 sentence about the importance of learning English. Max 5 words.
demo-test-33,1001,126722,2025-08-07 02:34:14.000,36,English connects people around the world. What is your favorite movie?,Give me 1 sentence about the importance of learning English. Max 5 words.
demo-test-34,1001,126725,2025-08-07 02:34:14.000,35,English opens doors to success. What success do you dream of? ?,Give me 1 sentence about the importance of learning English. Max 5 words.
demo-test-35,1001,126720,2025-08-07 02:34:14.000,34,English connects you to the world. What part of the world interests you? ?,Give me 1 sentence about the importance of learning English. Max 5 words.
demo-test-36,1001,126759,2025-08-07 02:34:14.000,35,English improves communication with everyone. What is your favorite book?,Give me 1 sentence about the importance of learning English. Max 5 words.
demo-test-48,1001,126709,2025-08-07 02:34:14.000,44,English connects people from everywhere! ?? Who do you want to meet?,Give me 1 sentence about the importance of learning English. Max 5 words.
demo-test-49,1001,126721,2025-08-07 02:34:14.000,38,English connects people across cultures. What culture interests you the most? ?✨,Give me 1 sentence about the importance of learning English. Max 5 words.
demo-test-51,1001,126762,2025-08-07 02:34:14.000,40,English allows access to information. \n\nWhat information do you want?,Give me 1 sentence about the importance of learning English. Max 5 words.
demo-test-52,1001,126711,2025-08-07 02:34:14.000,32,English is crucial for success.,Give me 1 sentence about the importance of learning English. Max 5 words.
demo-test-53,1001,126755,2025-08-07 02:34:14.000,26,English connects cultures and people. \n\nWhich culture are you curious about?,Give me 1 sentence about the importance of learning English. Max 5 words.
demo-test-54,1001,126708,2025-08-07 02:34:14.000,28,English opens doors to communication. What do you want to communicate?,Give me 1 sentence about the importance of learning English. Max 5 words.
demo-test-68,1001,126763,2025-08-07 02:34:14.000,26,English is key for understanding.\n\nWhat do you find difficult in English?,Give me 1 sentence about the importance of learning English. Max 5 words.
demo-test-70,1001,126706,2025-08-07 02:34:14.000,42,English is essential for success.,Give me 1 sentence about the importance of learning English. Max 5 words.
demo-test-71,1001,126743,2025-08-07 02:34:14.000,24,English is essential for success. What do you want to learn today?,Give me 1 sentence about the importance of learning English. Max 5 words.
demo-test-72,1001,126745,2025-08-07 02:34:14.000,22,English helps bridge cultural gaps. What do you want to learn next?,Give me 1 sentence about the importance of learning English. Max 5 words.
demo-test-82,1001,126732,2025-08-07 02:34:14.000,26,English connects people around the globe.,Give me 1 sentence about the importance of learning English. Max 5 words.
demo-test-84,1001,126700,2025-08-07 02:34:14.000,23,English helps in global business.,Give me 1 sentence about the importance of learning English. Max 5 words.
demo-test-86,1001,126714,2025-08-07 02:34:14.000,28,English enhances job prospects greatly.,Give me 1 sentence about the importance of learning English. Max 5 words.
demo-test-87,1001,126744,2025-08-07 02:34:14.000,25,English connects people across borders.,Give me 1 sentence about the importance of learning English. Max 5 words.
demo-test-89,1001,126746,2025-08-07 02:34:14.000,24,English is important for travel.,Give me 1 sentence about the importance of learning English. Max 5 words.
demo-test-90,1001,126735,2025-08-07 02:34:14.000,25,English fosters international job opportunities.,Give me 1 sentence about the importance of learning English. Max 5 words.
demo-test-95,1001,126757,2025-08-07 02:34:14.000,19,English opens doors to opportunities.,Give me 1 sentence about the importance of learning English. Max 5 words.
demo-test-96,1001,126754,2025-08-07 02:34:14.000,20,English is important for understanding.,Give me 1 sentence about the importance of learning English. Max 5 words.
demo-test-99,1001,126751,2025-08-07 02:34:14.000,27,English is key for education.,Give me 1 sentence about the importance of learning English. Max 5 words.
demo-test-101,1001,126715,2025-08-07 02:34:14.000,52,English is key for global communication. \n\nWhat do you want to learn next?,Give me 1 sentence about the importance of learning English. Max 5 words.
demo-test-103,1001,126705,2025-08-07 02:34:14.000,39,English opens doors to adventures. \n\nWhat adventure do you dream of?,Give me 1 sentence about the importance of learning English. Max 5 words.
demo-test-105,1001,126704,2025-08-07 02:34:14.000,40,English connects cultures and people together! \n\nWhat culture are you interested in?,Give me 1 sentence about the importance of learning English. Max 5 words.
demo-test-106,1001,126736,2025-08-07 02:34:14.000,34,English connects you with others! \n\nWho would you like to connect with?,Give me 1 sentence about the importance of learning English. Max 5 words.
demo-test-107,1001,126717,2025-08-07 02:34:14.000,37,English helps you explore cultures. \n\nWhich culture are you interested in?,Give me 1 sentence about the importance of learning English. Max 5 words.
demo-test-108,1001,126739,2025-08-07 02:34:14.000,37,English helps you make friends!\n\nWhat qualities do you look for in friends?,Give me 1 sentence about the importance of learning English. Max 5 words.
demo-test-119,1001,126731,2025-08-07 02:34:14.000,28,English is key for opportunities. \n\nWhat opportunity do you dream of?,Give me 1 sentence about the importance of learning English. Max 5 words.
demo-test-121,1001,126703,2025-08-07 02:34:14.000,24,English is essential for success!\n\nWhat is your dream job?,Give me 1 sentence about the importance of learning English. Max 5 words.
demo-test-123,1001,126742,2025-08-07 02:34:14.000,24,English opens doors to opportunities! \n\nWhat opportunity are you excited about?,Give me 1 sentence about the importance of learning English. Max 5 words.
demo-test-124,1001,126761,2025-08-07 02:34:14.000,24,English allows access to information! \n\nWhat kind of information do you like?,Give me 1 sentence about the importance of learning English. Max 5 words.
demo-test-125,1001,126766,2025-08-07 02:34:14.000,24,English helps in understanding others! \n\nWho is someone you want to understand better?,Give me 1 sentence about the importance of learning English. Max 5 words.
demo-test-126,1001,126752,2025-08-07 02:34:14.000,25,English enhances your learning experience!\n\nWhat do you like to learn?,Give me 1 sentence about the importance of learning English. Max 5 words.
demo-test-136,1001,126726,2025-08-07 02:34:14.000,27,English is key for opportunities! What opportunity do you dream of?,Give me 1 sentence about the importance of learning English. Max 5 words.
demo-test-137,1001,126737,2025-08-07 02:34:14.000,26,English opens doors to opportunities.\n\nWhat opportunity do you want?,Give me 1 sentence about the importance of learning English. Max 5 words.
demo-test-139,1001,126723,2025-08-07 02:34:14.000,26,English is important for travel! \n\nWhere would you like to travel?,Give me 1 sentence about the importance of learning English. Max 5 words.
demo-test-140,1001,126758,2025-08-07 02:34:14.000,26,English opens doors to success! \n\nWhat is your goal for learning English?,Give me 1 sentence about the importance of learning English. Max 5 words.
demo-test-141,1001,126760,2025-08-07 02:34:14.000,24,English is important for travel! \n\nWhere would you like to go?,Give me 1 sentence about the importance of learning English. Max 5 words.
demo-test-142,1001,126764,2025-08-07 02:34:14.000,26,English helps you understand cultures. \n\nWhat culture are you curious about?,Give me 1 sentence about the importance of learning English. Max 5 words.
demo-test-143,1001,126707,2025-08-07 02:34:14.000,26,English opens doors to success. \n\nWhat does success mean to you?,Give me 1 sentence about the importance of learning English. Max 5 words.
demo-test-144,1001,126748,2025-08-07 02:34:14.000,26,English opens doors to friendship. \n\nWho is your best friend?,Give me 1 sentence about the importance of learning English. Max 5 words.
demo-test-155,1001,126716,2025-08-07 02:34:14.000,11,English is essential for success! \n\nWhat success do you want?,Give me 1 sentence about the importance of learning English. Max 5 words.
demo-test-157,1001,126701,2025-08-07 02:34:14.000,12,English boosts confidence in speaking! \n\nHow do you feel when you speak English?,Give me 1 sentence about the importance of learning English. Max 5 words.
demo-test-158,1001,126702,2025-08-07 02:34:14.000,11,English is essential for travel! \n\nWhere would you like to go?,Give me 1 sentence about the importance of learning English. Max 5 words.
demo-test-160,1001,126747,2025-08-07 02:34:14.000,13,English opens doors to opportunities. \n\nWhat do you find challenging in learning English?,Give me 1 sentence about the importance of learning English. Max 5 words.
demo-test-161,1001,126727,2025-08-07 02:34:14.000,12,English opens cultural understanding doors. \n\nWhat culture interests you the most?,Give me 1 sentence about the importance of learning English. Max 5 words.
demo-test-162,1001,126741,2025-08-07 02:34:14.000,13,English is necessary for travel. \n\nWhere would you like to travel?,Give me 1 sentence about the importance of learning English. Max 5 words.
demo-test-174,1001,126710,2025-08-07 02:34:14.000,13,English is vital for success!  \n\nWhat does success mean to you?,Give me 1 sentence about the importance of learning English. Max 5 words.
demo-test-175,1001,126728,2025-08-07 02:34:14.000,13,English builds confidence in communication. \n\nHow do you feel when you speak English?,Give me 1 sentence about the importance of learning English. Max 5 words.
demo-test-176,1001,126740,2025-08-07 02:34:14.000,13,English helps in global communication! \n\nWhat do you like most about learning English?,Give me 1 sentence about the importance of learning English. Max 5 words.
demo-test-178,1001,126756,2025-08-07 02:34:14.000,13,English helps with understanding cultures! \n\nWhich culture interests you the most?,Give me 1 sentence about the importance of learning English. Max 5 words.
demo-test-179,1001,126733,2025-08-07 02:34:14.000,13,English connects cultures and ideas.\n\nWhat culture interests you the most?,Give me 1 sentence about the importance of learning English. Max 5 words.
demo-test-180,1001,126765,2025-08-07 02:34:14.000,13,English is vital for communication! \n\nWho do you want to communicate with?,Give me 1 sentence about the importance of learning English. Max 5 words.
demo-test-191,1001,126750,2025-08-07 02:34:14.000,12,English connects cultures and people! Which culture interests you most?,Give me 1 sentence about the importance of learning English. Max 5 words.
demo-test-192,1001,126713,2025-08-07 02:34:14.000,12,English improves your communication skills! \n\nHow do you practice your English?,Give me 1 sentence about the importance of learning English. Max 5 words.
demo-test-193,1001,126749,2025-08-07 02:34:14.000,13,English improves your career opportunities. \n\nWhat job do you dream of?,Give me 1 sentence about the importance of learning English. Max 5 words.
demo-test-194,1001,126724,2025-08-07 02:34:14.000,13,English helps you travel easily!\n\nWhere would you like to travel?,Give me 1 sentence about the importance of learning English. Max 5 words.
demo-test-195,1001,126719,2025-08-07 02:34:14.000,13,English is vital for education! \n\nWhat subject do you enjoy learning?,Give me 1 sentence about the importance of learning English. Max 5 words.
demo-test-197,1001,126718,2025-08-07 02:34:14.000,13,English opens global job opportunities! \n\nWhat job would you like?,Give me 1 sentence about the importance of learning English. Max 5 words.
demo-test-198,1001,126729,2025-08-07 02:34:14.000,13,English is essential for success! \n\nWhat success do you dream of?,Give me 1 sentence about the importance of learning English. Max 5 words.
demo-test-1,1001,126770,2025-08-07 02:34:15.000,35,English opens doors to opportunities. What topic would you like to explore?,Give me 1 sentence about the importance of learning English. Max 5 words.
demo-test-65,1001,126769,2025-08-07 02:34:15.000,26,English helps you understand better. What do you want to understand?,Give me 1 sentence about the importance of learning English. Max 5 words.
demo-test-116,1001,126772,2025-08-07 02:34:16.000,27,English helps you make friends! \n\nWhat do you like most about making new friends?,Give me 1 sentence about the importance of learning English. Max 5 words.
demo-test-171,1001,126771,2025-08-07 02:34:16.000,14,English improves communication worldwide! \n\nWhat do you want to learn next?,Give me 1 sentence about the importance of learning English. Max 5 words.
demo-test-9,1001,126782,2025-08-07 02:34:17.000,88,English opens doors to opportunities.,Give me 1 sentence about the importance of learning English. Max 5 words.
demo-test-11,1001,126795,2025-08-07 02:34:17.000,59,English is important for travel! ✈️,Give me 1 sentence about the importance of learning English. Max 5 words.
demo-test-28,1001,126778,2025-08-07 02:34:17.000,48,English helps bridge cultural gaps!,Give me 1 sentence about the importance of learning English. Max 5 words.
demo-test-30,1001,126792,2025-08-07 02:34:17.000,51,English is important for education. ??,Give me 1 sentence about the importance of learning English. Max 5 words.
demo-test-31,1001,126786,2025-08-07 02:34:17.000,44,English helps you share ideas! ? What ideas do you have?,Give me 1 sentence about the importance of learning English. Max 5 words.
demo-test-47,1001,126793,2025-08-07 02:34:17.000,44,English is necessary for communication! ? What do you want to communicate?,Give me 1 sentence about the importance of learning English. Max 5 words.
demo-test-62,1001,126776,2025-08-07 02:34:17.000,22,English opens doors to opportunities. What is your favorite season?,Give me 1 sentence about the importance of learning English. Max 5 words.
demo-test-66,1001,126784,2025-08-07 02:34:17.000,29,English enhances personal and professional growth. What growth do you seek?,Give me 1 sentence about the importance of learning English. Max 5 words.
demo-test-67,1001,126777,2025-08-07 02:34:17.000,28,English connects you with everyone. What do you like about learning?,Give me 1 sentence about the importance of learning English. Max 5 words.
demo-test-98,1001,126779,2025-08-07 02:34:17.000,22,English is key for education.,Give me 1 sentence about the importance of learning English. Max 5 words.
demo-test-100,1001,126773,2025-08-07 02:34:17.000,25,English is necessary for communication.,Give me 1 sentence about the importance of learning English. Max 5 words.
demo-test-102,1001,126789,2025-08-07 02:34:17.000,41,English is essential for education! \n\nWhat subject do you like most?,Give me 1 sentence about the importance of learning English. Max 5 words.
demo-test-104,1001,126787,2025-08-07 02:34:17.000,40,English is important for travel! Where do you want to visit?,Give me 1 sentence about the importance of learning English. Max 5 words.
demo-test-117,1001,126775,2025-08-07 02:34:17.000,29,English connects people from everywhere!\n\nWho would you like to meet?,Give me 1 sentence about the importance of learning English. Max 5 words.
demo-test-118,1001,126785,2025-08-07 02:34:17.000,29,English is key for education. \n\nWhat do you want to learn?,Give me 1 sentence about the importance of learning English. Max 5 words.
demo-test-120,1001,126794,2025-08-07 02:34:17.000,29,English is vital for understanding! \n\nWhat do you want to understand better?,Give me 1 sentence about the importance of learning English. Max 5 words.
demo-test-135,1001,126780,2025-08-07 02:34:17.000,25,English is crucial for communication. \n\nWhat do you enjoy most about learning English?,Give me 1 sentence about the importance of learning English. Max 5 words.
demo-test-138,1001,126788,2025-08-07 02:34:17.000,27,English opens job opportunities worldwide. \n\nWhat job do you want?,Give me 1 sentence about the importance of learning English. Max 5 words.
demo-test-151,1001,126791,2025-08-07 02:34:17.000,9,English is essential for travel! \n\nWhere would you like to travel?,Give me 1 sentence about the importance of learning English. Max 5 words.
demo-test-153,1001,126781,2025-08-07 02:34:17.000,13,English is vital for education! \n\nWhat subject do you want to learn in English?,Give me 1 sentence about the importance of learning English. Max 5 words.
demo-test-154,1001,126774,2025-08-07 02:34:17.000,13,English opens doors to opportunities. \n\nWhat opportunity do you dream of?,Give me 1 sentence about the importance of learning English. Max 5 words.
demo-test-172,1001,126790,2025-08-07 02:34:17.000,14,English connects people around globe. \n\nWho would you like to meet that speaks English?,Give me 1 sentence about the importance of learning English. Max 5 words.
demo-test-190,1001,126783,2025-08-07 02:34:17.000,13,English helps you make friends! \n\nWho is your best friend?,Give me 1 sentence about the importance of learning English. Max 5 words.
demo-test-10,1001,126796,2025-08-07 02:34:18.000,21,English improves global communication skills. What do you like to communicate about?,Give me 1 sentence about the importance of learning English. Max 5 words.
demo-test-13,1001,126801,2025-08-07 02:34:18.000,64,English fosters international friendship and understanding!,Give me 1 sentence about the importance of learning English. Max 5 words.
demo-test-42,1001,126797,2025-08-07 02:34:18.000,34,English connects people across cultures. What culture do you find interesting?,Give me 1 sentence about the importance of learning English. Max 5 words.
demo-test-44,1001,126799,2025-08-07 02:34:18.000,34,English connects people globally and locally. What connections are important to you?,Give me 1 sentence about the importance of learning English. Max 5 words.
demo-test-46,1001,126798,2025-08-07 02:34:18.000,42,English is key for communication! ??,Give me 1 sentence about the importance of learning English. Max 5 words.
demo-test-88,1001,126800,2025-08-07 02:34:18.000,26,English is key for success.,Give me 1 sentence about the importance of learning English. Max 5 words.
demo-test-36,1001,126804,2025-08-07 02:34:19.000,36,English helps in global understanding. What is your favorite hobby?,Give me 1 sentence about the importance of learning English. Max 5 words.
demo-test-49,1001,126803,2025-08-07 02:34:19.000,39,English helps you understand others. What do you want to understand better? ?,Give me 1 sentence about the importance of learning English. Max 5 words.
demo-test-194,1001,126802,2025-08-07 02:34:19.000,14,English is vital for success!\n\nWhat does success mean to you?,Give me 1 sentence about the importance of learning English. Max 5 words.
demo-test-16,1001,126809,2025-08-07 02:34:20.000,63,English connects people from everywhere! ?✨,Give me 1 sentence about the importance of learning English. Max 5 words.
demo-test-50,1001,126805,2025-08-07 02:34:20.000,39,English is vital for understanding. What do you like to understand? ??,Give me 1 sentence about the importance of learning English. Max 5 words.
demo-test-83,1001,126810,2025-08-07 02:34:20.000,24,English is key for success.,Give me 1 sentence about the importance of learning English. Max 5 words.
demo-test-121,1001,126806,2025-08-07 02:34:20.000,25,English helps you make friends!\n\nWhat qualities do you look for in a friend?,Give me 1 sentence about the importance of learning English. Max 5 words.
demo-test-126,1001,126808,2025-08-07 02:34:20.000,26,English opens doors to opportunities!\n\nWhat opportunity do you dream of?,Give me 1 sentence about the importance of learning English. Max 5 words.
demo-test-142,1001,126807,2025-08-07 02:34:20.000,27,English is useful for communication. \n\nWhat do you like to communicate about?,Give me 1 sentence about the importance of learning English. Max 5 words.
demo-test-179,1001,126811,2025-08-07 02:34:20.000,14,English is vital for education.\n\nWhat subject do you enjoy most?,Give me 1 sentence about the importance of learning English. Max 5 words.
demo-test-29,1001,126813,2025-08-07 02:34:21.000,52,English is vital for travel! ✈️,Give me 1 sentence about the importance of learning English. Max 5 words.
demo-test-33,1001,126816,2025-08-07 02:34:21.000,37,English enables global communication effectively. What is your favorite music genre? ?,Give me 1 sentence about the importance of learning English. Max 5 words.
demo-test-53,1001,126818,2025-08-07 02:34:21.000,27,English is important for jobs. \n\nWhat job do you want?,Give me 1 sentence about the importance of learning English. Max 5 words.
demo-test-70,1001,126815,2025-08-07 02:34:21.000,43,English opens up new opportunities.,Give me 1 sentence about the importance of learning English. Max 5 words.
demo-test-89,1001,126817,2025-08-07 02:34:21.000,25,English improves your career chances.,Give me 1 sentence about the importance of learning English. Max 5 words.
demo-test-143,1001,126819,2025-08-07 02:34:21.000,27,English is key for travel. \n\nWhere do you want to go?,Give me 1 sentence about the importance of learning English. Max 5 words.
demo-test-158,1001,126812,2025-08-07 02:34:21.000,12,English is important for friendship! \n\nDo you have friends who speak English?,Give me 1 sentence about the importance of learning English. Max 5 words.
demo-test-162,1001,126814,2025-08-07 02:34:21.000,14,English is vital for opportunities. \n\nWhat opportunity do you hope for?,Give me 1 sentence about the importance of learning English. Max 5 words.
demo-test-177,1001,126820,2025-08-07 02:34:21.000,14,English connects people and ideas. \n\nWhat idea do you want to share?,Give me 1 sentence about the importance of learning English. Max 5 words.
demo-test-17,1001,126825,2025-08-07 02:34:22.000,63,Helps in understanding scientific research!,Give me 1 sentence about the importance of learning English. Max 5 words.
demo-test-18,1001,126823,2025-08-07 02:34:22.000,65,English improves understanding and cooperation! ?,Give me 1 sentence about the importance of learning English. Max 5 words.
demo-test-71,1001,126824,2025-08-07 02:34:22.000,25,English opens doors to knowledge. What is your favorite way to learn?,Give me 1 sentence about the importance of learning English. Max 5 words.
demo-test-125,1001,126821,2025-08-07 02:34:22.000,25,English is key for travel! \n\nWhere do you want to travel?,Give me 1 sentence about the importance of learning English. Max 5 words.
demo-test-139,1001,126822,2025-08-07 02:34:22.000,27,English helps in global communication! \n\nWhat do you find fun about learning English?,Give me 1 sentence about the importance of learning English. Max 5 words.
demo-test-15,1001,126827,2025-08-07 02:34:23.000,62,English helps you understand cultures!,Give me 1 sentence about the importance of learning English. Max 5 words.
demo-test-35,1001,126835,2025-08-07 02:34:23.000,35,English is key for understanding. What do you want to understand better? ?,Give me 1 sentence about the importance of learning English. Max 5 words.
demo-test-48,1001,126826,2025-08-07 02:34:23.000,45,English helps you understand media! ?? What is your favorite movie?,Give me 1 sentence about the importance of learning English. Max 5 words.
demo-test-52,1001,126837,2025-08-07 02:34:23.000,33,English builds bridges between cultures.,Give me 1 sentence about the importance of learning English. Max 5 words.
demo-test-69,1001,126830,2025-08-07 02:34:23.000,27,English is essential for communication. What do you enjoy doing in your free time?,Give me 1 sentence about the importance of learning English. Max 5 words.
demo-test-85,1001,126833,2025-08-07 02:34:23.000,26,English opens doors to opportunities.,Give me 1 sentence about the importance of learning English. Max 5 words.
demo-test-90,1001,126828,2025-08-07 02:34:23.000,26,English bridges communication gaps worldwide.,Give me 1 sentence about the importance of learning English. Max 5 words.
demo-test-122,1001,126836,2025-08-07 02:34:23.000,25,English connects you with people! \n\nWho would you like to meet?,Give me 1 sentence about the importance of learning English. Max 5 words.
demo-test-140,1001,126829,2025-08-07 02:34:23.000,27,English enhances your career prospects! \n\nWhat career are you interested in?,Give me 1 sentence about the importance of learning English. Max 5 words.
demo-test-195,1001,126832,2025-08-07 02:34:23.000,14,English connects cultures around the world! \n\nWhat culture interests you the most?,Give me 1 sentence about the importance of learning English. Max 5 words.
demo-test-196,1001,126834,2025-08-07 02:34:23.000,14,English opens doors to opportunities! \n\nWhat opportunity are you excited about?,Give me 1 sentence about the importance of learning English. Max 5 words.
demo-test-198,1001,126831,2025-08-07 02:34:23.000,14,English connects people and cultures! \n\nWhich culture interests you the most?,Give me 1 sentence about the importance of learning English. Max 5 words.
demo-test-32,1001,126847,2025-08-07 02:34:24.000,38,English is essential for communication. What do you like to communicate about? ?,Give me 1 sentence about the importance of learning English. Max 5 words.
demo-test-34,1001,126840,2025-08-07 02:34:24.000,36,English is key for understanding. What do you want to understand? ?,Give me 1 sentence about the importance of learning English. Max 5 words.
demo-test-51,1001,126841,2025-08-07 02:34:24.000,41,English helps you make friends. \n\nWho is your best friend?,Give me 1 sentence about the importance of learning English. Max 5 words.
demo-test-68,1001,126844,2025-08-07 02:34:24.000,27,English opens doors to opportunities.\n\nWhat do you want to learn today?,Give me 1 sentence about the importance of learning English. Max 5 words.
demo-test-84,1001,126846,2025-08-07 02:34:24.000,24,English improves your future opportunities.,Give me 1 sentence about the importance of learning English. Max 5 words.
demo-test-87,1001,126839,2025-08-07 02:34:24.000,26,English builds friendships and connections.,Give me 1 sentence about the importance of learning English. Max 5 words.
demo-test-105,1001,126849,2025-08-07 02:34:24.000,41,English helps in global understanding! \n\nWhat do you want to understand better in English?,Give me 1 sentence about the importance of learning English. Max 5 words.
demo-test-119,1001,126845,2025-08-07 02:34:24.000,29,English is essential for success. \n\nWhat kind of success do you want?,Give me 1 sentence about the importance of learning English. Max 5 words.
demo-test-137,1001,126850,2025-08-07 02:34:24.000,27,English enhances global job prospects.\n\nWhat job would you like?,Give me 1 sentence about the importance of learning English. Max 5 words.
demo-test-141,1001,126838,2025-08-07 02:34:24.000,25,English is vital for communication! \n\nWhat do you enjoy about it?,Give me 1 sentence about the importance of learning English. Max 5 words.
demo-test-155,1001,126843,2025-08-07 02:34:24.000,12,English allows access to information! \n\nWhat information are you curious about?,Give me 1 sentence about the importance of learning English. Max 5 words.
demo-test-157,1001,126842,2025-08-07 02:34:24.000,13,English connects you with others! \n\nWho do you want to connect with?,Give me 1 sentence about the importance of learning English. Max 5 words.
demo-test-191,1001,126848,2025-08-07 02:34:24.000,13,English opens doors to opportunities! What opportunity do you dream of?,Give me 1 sentence about the importance of learning English. Max 5 words.
demo-test-12,1001,126861,2025-08-07 02:34:25.000,63,Empowers personal and professional growth! ?,Give me 1 sentence about the importance of learning English. Max 5 words.
demo-test-54,1001,126851,2025-08-07 02:34:25.000,29,English connects people around the world. What do you think about that?,Give me 1 sentence about the importance of learning English. Max 5 words.
demo-test-86,1001,126857,2025-08-07 02:34:25.000,29,English is crucial for communication.,Give me 1 sentence about the importance of learning English. Max 5 words.
demo-test-101,1001,126862,2025-08-07 02:34:25.000,53,English connects people across borders. \n\nWhat country would you like to visit?,Give me 1 sentence about the importance of learning English. Max 5 words.
demo-test-103,1001,126853,2025-08-07 02:34:25.000,40,English helps in global communication. \n\nWhat is your favorite English phrase?,Give me 1 sentence about the importance of learning English. Max 5 words.
demo-test-106,1001,126852,2025-08-07 02:34:25.000,35,English opens doors to knowledge! \n\nWhat topic do you want to learn about?,Give me 1 sentence about the importance of learning English. Max 5 words.
demo-test-107,1001,126855,2025-08-07 02:34:25.000,38,English connects people around the world. \n\nWhat country would you like to visit?,Give me 1 sentence about the importance of learning English. Max 5 words.
demo-test-144,1001,126860,2025-08-07 02:34:25.000,27,English connects people across cultures. \n\nWhat culture fascinates you the most?,Give me 1 sentence about the importance of learning English. Max 5 words.
demo-test-176,1001,126856,2025-08-07 02:34:25.000,14,English connects cultures and people! \n\nWhat culture are you interested in learning about?,Give me 1 sentence about the importance of learning English. Max 5 words.
demo-test-178,1001,126858,2025-08-07 02:34:25.000,14,English improves your communication skills! \n\nHow do you practice speaking English?,Give me 1 sentence about the importance of learning English. Max 5 words.
demo-test-180,1001,126854,2025-08-07 02:34:25.000,14,English connects you to the world! \n\nWhat do you want to learn next?,Give me 1 sentence about the importance of learning English. Max 5 words.
demo-test-193,1001,126859,2025-08-07 02:34:25.000,14,English bridges gaps between cultures. \n\nWhich culture interests you the most?,Give me 1 sentence about the importance of learning English. Max 5 words.
demo-test-14,1001,126867,2025-08-07 02:34:26.000,63,Essential for sharing ideas globally! ??,Give me 1 sentence about the importance of learning English. Max 5 words.
demo-test-65,1001,126871,2025-08-07 02:34:26.000,27,English is essential for communication. What do you like to communicate?,Give me 1 sentence about the importance of learning English. Max 5 words.
demo-test-72,1001,126865,2025-08-07 02:34:26.000,23,English is important for travel. What country do you want to visit?,Give me 1 sentence about the importance of learning English. Max 5 words.
demo-test-108,1001,126864,2025-08-07 02:34:26.000,38,English allows access to information!\n\nWhat type of information interests you?,Give me 1 sentence about the importance of learning English. Max 5 words.
demo-test-159,1001,126870,2025-08-07 02:34:26.000,13,English connects people globally every day. \n\nWho would you like to meet?,Give me 1 sentence about the importance of learning English. Max 5 words.
demo-test-160,1001,126869,2025-08-07 02:34:26.000,14,English helps you travel easily. \n\nWhat's your favorite place to visit?,Give me 1 sentence about the importance of learning English. Max 5 words.
demo-test-161,1001,126863,2025-08-07 02:34:26.000,13,English helps in global business. \n\nWhat type of business do you like?,Give me 1 sentence about the importance of learning English. Max 5 words.
demo-test-173,1001,126866,2025-08-07 02:34:26.000,14,English is essential for travel! \n\nWhere do you want to travel?,Give me 1 sentence about the importance of learning English. Max 5 words.
demo-test-175,1001,126868,2025-08-07 02:34:26.000,14,English connects you with others. \n\nWho would you like to talk to in English?,Give me 1 sentence about the importance of learning English. Max 5 words.
demo-test-64,1001,126872,2025-08-07 02:34:27.000,27,English is important for education. What do you want to study?,Give me 1 sentence about the importance of learning English. Max 5 words.
demo-test-124,1001,126874,2025-08-07 02:34:27.000,25,English helps you understand the world! \n\nWhat part of the world interests you?,Give me 1 sentence about the importance of learning English. Max 5 words.
demo-test-174,1001,126876,2025-08-07 02:34:27.000,14,English opens doors to opportunities!  \n\nWhat opportunities do you dream about?,Give me 1 sentence about the importance of learning English. Max 5 words.
demo-test-192,1001,126875,2025-08-07 02:34:27.000,13,English builds confidence in speaking! \n\nWhat do you want to say in English?,Give me 1 sentence about the importance of learning English. Max 5 words.
demo-test-197,1001,126873,2025-08-07 02:34:27.000,14,English helps you travel easily! \n\nWhere do you dream of traveling?,Give me 1 sentence about the importance of learning English. Max 5 words.
demo-test-123,1001,126877,2025-08-07 02:34:29.000,25,English helps you understand media! \n\nWhat is your favorite movie?,Give me 1 sentence about the importance of learning English. Max 5 words.
demo-test-156,1001,126879,2025-08-07 02:34:41.000,12,English helps you understand cultures! What culture interests you the most?,Give me 1 sentence about the importance of learning English. Max 5 words.
demo-test-2,1001,126892,2025-08-08 00:58:07.000,1,"Halo demo-test-2! Selamat datang kembali! Kamu sudah belajar banyak tentang pentingnya belajar bahasa Inggris. Sekarang, topik apa yang ingin kamu diskusikan hari ini? Mungkin tentang hobi, makanan, atau cuaca? Pilih satu, ya! ?",NULL
demo-test-2,1001,126893,2025-08-08 01:20:43.000,2,Hai! ? Bagaimana kabarmu hari ini? Apakah kamu siap untuk belajar bahasa Inggris? Let's have some fun! What did you do today?,hai
demo-test-2,1001,126894,2025-08-08 01:21:53.000,3,"Hello! ? What a great greeting! How are you today? Are you ready to practice your English? Tell me, what is your favorite food? ?",hello
demo-test-2,1001,126895,2025-08-08 01:22:20.000,4,It looks like your message got cut off! Perhaps you mean to say your favorite food? Can you tell me about it? ?,p
demo-test-2,1024,126896,2025-08-08 01:23:20.000,5,Sure! What do you usually do in a day? ? Your answer will help me improve our chats in the future!,p
demo-test-2,1001,126897,2025-08-08 01:29:27.000,6,I see you're having fun with letters! ? No problem! Let’s go back to your favorite food. Food is a wonderful topic! What do you like to eat? Do you prefer spicy food or sweet food? ??,pp
demo-test-2,1001,126898,2025-08-08 01:30:15.000,7,"It seems like you're having a bit of fun with ""p""! ? That's okay! How about this: can you tell me one word in English you want to learn today? Let's make it interesting! ?",p
demo-test-2,1001,126899,2025-08-08 01:31:48.000,8,"Looks like ""p"" is your favorite letter today! ? How about we try something different? Can you say ""pizza"" in English? What toppings do you like? ?",p
demo-test-2,1001,127115,2025-08-11 00:26:26.000,1,"Hi, demo-test-2! ? Great to see you again! Yesterday, we talked about food. You did well, but let’s work on making full sentences. What topic do you want to discuss today? Food, hobbies, or something else? ??",NULL
demo-test-9,1001,127177,2025-08-11 09:34:31.000,1,"Hello, demo-test-9! ? Great to see you again! Learning English is important, and you’re doing well! Today, what topic do you want to discuss? Maybe we can review vocabulary or grammar? What do you think? ?",NULL
demo-test-9,1001,127185,2025-08-12 00:59:52.000,1,"Hello, demo-test-9! Great to see you again! ? Yesterday, we talked about the importance of learning English. You did well! Now, what topic would you like to discuss today? It can be anything fun, like hobbies or food? What do you think? ?",NULL
demo-test-1,1001,127197,2025-08-12 05:14:01.000,36,English connects you to the world. What is your favorite English word?,Give me 1 sentence about the importance of learning English. Max 5 words.
demo-test-19,1001,127198,2025-08-12 05:14:01.000,58,English allows global communication easily!,Give me 1 sentence about the importance of learning English. Max 5 words.
demo-test-199,1001,127196,2025-08-12 05:14:01.000,11,English opens doors to success! What’s your goal in learning English?,Give me 1 sentence about the importance of learning English. Max 5 words.
demo-test-25,1001,127199,2025-08-12 05:14:02.000,47,English is essential for travel! ✈️?,Give me 1 sentence about the importance of learning English. Max 5 words.
demo-test-9,1001,127202,2025-08-12 05:14:03.000,2,Learning English opens many doors! ?✨ What do you think about that?,Give me 1 sentence about the importance of learning English. Max 5 words.
demo-test-10,1001,127220,2025-08-12 05:14:03.000,22,English enhances travel experiences greatly. Where do you want to travel?,Give me 1 sentence about the importance of learning English. Max 5 words.
demo-test-26,1001,127206,2025-08-12 05:14:03.000,51,English boosts confidence in speaking! ?,Give me 1 sentence about the importance of learning English. Max 5 words.
demo-test-27,1001,127211,2025-08-12 05:14:03.000,53,English helps you express ideas! ?,Give me 1 sentence about the importance of learning English. Max 5 words.
demo-test-44,1001,127221,2025-08-12 05:14:03.000,35,English helps you understand cultures. Which culture interests you the most?,Give me 1 sentence about the importance of learning English. Max 5 words.
demo-test-46,1001,127217,2025-08-12 05:14:03.000,43,English bridges cultures and friendships! ??,Give me 1 sentence about the importance of learning English. Max 5 words.
demo-test-60,1001,127200,2025-08-12 05:14:03.000,26,English is key for opportunities. What opportunities do you dream of?,Give me 1 sentence about the importance of learning English. Max 5 words.
demo-test-62,1001,127213,2025-08-12 05:14:03.000,23,English connects people around the world. What is your favorite hobby?,Give me 1 sentence about the importance of learning English. Max 5 words.
demo-test-64,1001,127222,2025-08-12 05:14:03.000,28,English connects people across cultures. What culture are you curious about?,Give me 1 sentence about the importance of learning English. Max 5 words.
demo-test-80,1001,127210,2025-08-12 05:14:03.000,23,English improves social connections globally.,Give me 1 sentence about the importance of learning English. Max 5 words.
demo-test-82,1001,127218,2025-08-12 05:14:03.000,27,English is important for success.,Give me 1 sentence about the importance of learning English. Max 5 words.
demo-test-98,1001,127205,2025-08-12 05:14:03.000,23,English helps in global business.,Give me 1 sentence about the importance of learning English. Max 5 words.
demo-test-99,1001,127219,2025-08-12 05:14:03.000,28,English builds confidence in communication.,Give me 1 sentence about the importance of learning English. Max 5 words.
demo-test-115,1001,127204,2025-08-12 05:14:03.000,24,English improves your job prospects. \n\nWhat job would you like?,Give me 1 sentence about the importance of learning English. Max 5 words.
demo-test-116,1001,127201,2025-08-12 05:14:03.000,28,English allows access to information! \n\nWhat type of information interests you the most?,Give me 1 sentence about the importance of learning English. Max 5 words.
demo-test-134,1001,127209,2025-08-12 05:14:03.000,26,English improves job opportunities globally. \n\nWhat job would you like?,Give me 1 sentence about the importance of learning English. Max 5 words.
demo-test-152,1001,127208,2025-08-12 05:14:03.000,11,English improves your job prospects.\n\nWhat job do you dream of?,Give me 1 sentence about the importance of learning English. Max 5 words.
demo-test-153,1001,127203,2025-08-12 05:14:03.000,14,English opens global job opportunities! \n\nWhat job do you dream of having?,Give me 1 sentence about the importance of learning English. Max 5 words.
demo-test-154,1001,127216,2025-08-12 05:14:03.000,14,English helps in global understanding. \n\nWhat do you want to understand better?,Give me 1 sentence about the importance of learning English. Max 5 words.
demo-test-170,1001,127212,2025-08-12 05:14:03.000,13,English makes learning easier worldwide! \n\nWhat subjects do you want to learn in English?,Give me 1 sentence about the importance of learning English. Max 5 words.
demo-test-171,1001,127215,2025-08-12 05:14:03.000,15,English opens up new possibilities!\n\nWhat is your goal in learning English?,Give me 1 sentence about the importance of learning English. Max 5 words.
demo-test-188,1001,127207,2025-08-12 05:14:03.000,9,English helps understand different cultures. \n\nWhat culture interests you the most?,Give me 1 sentence about the importance of learning English. Max 5 words.
demo-test-190,1001,127214,2025-08-12 05:14:03.000,14,English is vital for travel! \n\nWhere do you want to travel?,Give me 1 sentence about the importance of learning English. Max 5 words.
demo-test-45,1001,127224,2025-08-12 05:14:04.000,34,English opens doors to opportunities. What opportunity do you want? ?,Give me 1 sentence about the importance of learning English. Max 5 words.
demo-test-100,1001,127229,2025-08-12 05:14:04.000,26,English enables better global communication.,Give me 1 sentence about the importance of learning English. Max 5 words.
demo-test-117,1001,127225,2025-08-12 05:14:04.000,30,English is key for global success! \n\nWhat success do you want to achieve?,Give me 1 sentence about the importance of learning English. Max 5 words.
demo-test-118,1001,127223,2025-08-12 05:14:04.000,30,English connects you to opportunities. \n\nWhat opportunity are you most excited about?,Give me 1 sentence about the importance of learning English. Max 5 words.
demo-test-155,1001,127227,2025-08-12 05:14:04.000,13,English opens doors to opportunities! \n\nWhat opportunity are you dreaming of?,Give me 1 sentence about the importance of learning English. Max 5 words.
demo-test-172,1001,127226,2025-08-12 05:14:04.000,15,English opens doors to knowledge. \n\nWhat is your favorite subject in school?,Give me 1 sentence about the importance of learning English. Max 5 words.
demo-test-189,1001,127228,2025-08-12 05:14:04.000,9,English is vital for travel. \n\nWhere would you like to travel using your English skills?,Give me 1 sentence about the importance of learning English. Max 5 words.
demo-test-30,1001,127234,2025-08-12 05:14:05.000,52,English helps you explore opportunities. ??,Give me 1 sentence about the importance of learning English. Max 5 words.
demo-test-87,1001,127235,2025-08-12 05:14:05.000,27,English is important for travel.,Give me 1 sentence about the importance of learning English. Max 5 words.
demo-test-135,1001,127231,2025-08-12 05:14:05.000,26,English unlocks global opportunities and connections.\n\nWhat skills do you want to improve in English?,Give me 1 sentence about the importance of learning English. Max 5 words.
demo-test-138,1001,127232,2025-08-12 05:14:05.000,28,English connects people across nations. \n\nWhere would you like to travel?,Give me 1 sentence about the importance of learning English. Max 5 words.
demo-test-156,1001,127230,2025-08-12 05:14:05.000,13,English connects people from everywhere! Who would you like to meet?,Give me 1 sentence about the importance of learning English. Max 5 words.
demo-test-191,1001,127233,2025-08-12 05:14:05.000,14,English helps you understand better! What do you want to understand more?,Give me 1 sentence about the importance of learning English. Max 5 words.
demo-test-13,1001,127244,2025-08-12 05:14:06.000,65,English enhances global job prospects!,Give me 1 sentence about the importance of learning English. Max 5 words.
demo-test-48,1001,127236,2025-08-12 05:14:06.000,46,English is key for communication! ?? What do you like to talk about?,Give me 1 sentence about the importance of learning English. Max 5 words.
demo-test-63,1001,127242,2025-08-12 05:14:06.000,25,English connects people across nations. What is your favorite English word?,Give me 1 sentence about the importance of learning English. Max 5 words.
demo-test-68,1001,127240,2025-08-12 05:14:06.000,28,English connects people around the world.\n\nWhat is your favorite English phrase?,Give me 1 sentence about the importance of learning English. Max 5 words.
demo-test-81,1001,127239,2025-08-12 05:14:06.000,23,English is key for understanding.,Give me 1 sentence about the importance of learning English. Max 5 words.
demo-test-83,1001,127238,2025-08-12 05:14:06.000,25,English helps build international relationships.,Give me 1 sentence about the importance of learning English. Max 5 words.
demo-test-101,1001,127246,2025-08-12 05:14:06.000,54,English is vital for understanding. \n\nWhat do you enjoy most about learning?,Give me 1 sentence about the importance of learning English. Max 5 words.
demo-test-105,1001,127245,2025-08-12 05:14:06.000,42,English is key for world travel! \n\nWhere would you like to travel?,Give me 1 sentence about the importance of learning English. Max 5 words.
demo-test-120,1001,127243,2025-08-12 05:14:06.000,30,English helps connect with others! \n\nWho would you like to connect with?,Give me 1 sentence about the importance of learning English. Max 5 words.
demo-test-173,1001,127241,2025-08-12 05:14:06.000,15,English helps in finding jobs! \n\nWhat job do you dream of?,Give me 1 sentence about the importance of learning English. Max 5 words.
demo-test-175,1001,127237,2025-08-12 05:14:06.000,15,English opens doors to opportunities. \n\nWhat opportunity do you dream of?,Give me 1 sentence about the importance of learning English. Max 5 words.
demo-test-12,1001,127280,2025-08-12 05:14:07.000,64,Key to accessing global opportunities! ?,Give me 1 sentence about the importance of learning English. Max 5 words.
demo-test-16,1001,127250,2025-08-12 05:14:07.000,64,English is key for communication! ?,Give me 1 sentence about the importance of learning English. Max 5 words.
demo-test-28,1001,127256,2025-08-12 05:14:07.000,49,English is essential for success!,Give me 1 sentence about the importance of learning English. Max 5 words.
demo-test-29,1001,127281,2025-08-12 05:14:07.000,53,English opens doors to opportunities! ?,Give me 1 sentence about the importance of learning English. Max 5 words.
demo-test-47,1001,127253,2025-08-12 05:14:07.000,45,English helps you make friends! ? Who is your best friend?,Give me 1 sentence about the importance of learning English. Max 5 words.
demo-test-51,1001,127275,2025-08-12 05:14:07.000,42,English is necessary for travel. \n\nWhere do you want to go?,Give me 1 sentence about the importance of learning English. Max 5 words.
demo-test-52,1001,127251,2025-08-12 05:14:07.000,34,English helps you explore opportunities.,Give me 1 sentence about the importance of learning English. Max 5 words.
demo-test-65,1001,127255,2025-08-12 05:14:07.000,28,English opens doors to opportunities. What opportunities are you excited about?,Give me 1 sentence about the importance of learning English. Max 5 words.
demo-test-70,1001,127277,2025-08-12 05:14:07.000,44,English is vital for communication.,Give me 1 sentence about the importance of learning English. Max 5 words.
demo-test-84,1001,127264,2025-08-12 05:14:07.000,25,English is essential for education.,Give me 1 sentence about the importance of learning English. Max 5 words.
demo-test-85,1001,127258,2025-08-12 05:14:07.000,27,English is key for success.,Give me 1 sentence about the importance of learning English. Max 5 words.
demo-test-86,1001,127248,2025-08-12 05:14:07.000,30,English helps understand global cultures.,Give me 1 sentence about the importance of learning English. Max 5 words.
demo-test-88,1001,127247,2025-08-12 05:14:07.000,27,English is crucial for communication.,Give me 1 sentence about the importance of learning English. Max 5 words.
demo-test-89,1001,127269,2025-08-12 05:14:07.000,26,English connects people around world.,Give me 1 sentence about the importance of learning English. Max 5 words.
demo-test-103,1001,127274,2025-08-12 05:14:07.000,41,English is key for new opportunities. \n\nWhat opportunity do you hope for?,Give me 1 sentence about the importance of learning English. Max 5 words.
demo-test-121,1001,127271,2025-08-12 05:14:07.000,26,English is key for travel!\n\nWhere would you like to go?,Give me 1 sentence about the importance of learning English. Max 5 words.
demo-test-122,1001,127276,2025-08-12 05:14:07.000,26,English is vital for education! \n\nWhat do you want to study?,Give me 1 sentence about the importance of learning English. Max 5 words.
demo-test-123,1001,127270,2025-08-12 05:14:07.000,26,English allows access to information! \n\nWhat kind of information do you like?,Give me 1 sentence about the importance of learning English. Max 5 words.
demo-test-125,1001,127273,2025-08-12 05:14:07.000,26,English is vital for success! \n\nWhat does success mean to you?,Give me 1 sentence about the importance of learning English. Max 5 words.
demo-test-126,1001,127278,2025-08-12 05:14:07.000,27,English is crucial for education!\n\nWhat subject do you want to study?,Give me 1 sentence about the importance of learning English. Max 5 words.
demo-test-137,1001,127257,2025-08-12 05:14:07.000,28,English connects people worldwide easily.\n\nWhat country would you like to visit?,Give me 1 sentence about the importance of learning English. Max 5 words.
demo-test-140,1001,127267,2025-08-12 05:14:07.000,28,English helps you connect globally! \n\nWho would you like to connect with?,Give me 1 sentence about the importance of learning English. Max 5 words.
demo-test-141,1001,127266,2025-08-12 05:14:07.000,26,English is essential for success! \n\nWhat success do you want?,Give me 1 sentence about the importance of learning English. Max 5 words.
demo-test-142,1001,127272,2025-08-12 05:14:07.000,28,English enhances your career prospects. \n\nWhat job do you dream of?,Give me 1 sentence about the importance of learning English. Max 5 words.
demo-test-157,1001,127254,2025-08-12 05:14:07.000,14,English is important for travel! \n\nWhere do you want to travel?,Give me 1 sentence about the importance of learning English. Max 5 words.
demo-test-158,1001,127249,2025-08-12 05:14:07.000,13,English improves your communication skills!\n\nWhat language do you like most?,Give me 1 sentence about the importance of learning English. Max 5 words.
demo-test-160,1001,127268,2025-08-12 05:14:07.000,15,English is essential for success. \n\nWhat do you want to achieve with your English skills?,Give me 1 sentence about the importance of learning English. Max 5 words.
demo-test-162,1001,127279,2025-08-12 05:14:07.000,15,English improves job prospects globally. \n\nWhat job do you dream of?,Give me 1 sentence about the importance of learning English. Max 5 words.
demo-test-176,1001,127263,2025-08-12 05:14:07.000,15,English is key for education! \n\nWhat subject do you enjoy most in school?,Give me 1 sentence about the importance of learning English. Max 5 words.
demo-test-177,1001,127252,2025-08-12 05:14:07.000,15,English opens doors to opportunities. \n\nWhat opportunity do you dream of?,Give me 1 sentence about the importance of learning English. Max 5 words.
demo-test-179,1001,127282,2025-08-12 05:14:07.000,15,English opens doors to knowledge.\n\nWhat do you want to learn next?,Give me 1 sentence about the importance of learning English. Max 5 words.
demo-test-192,1001,127265,2025-08-12 05:14:07.000,14,English connects people and ideas! \n\nWho would you like to talk to in English?,Give me 1 sentence about the importance of learning English. Max 5 words.
demo-test-193,1001,127259,2025-08-12 05:14:07.000,15,English helps you explore opportunities. \n\nWhat opportunity do you want?,Give me 1 sentence about the importance of learning English. Max 5 words.
demo-test-194,1001,127262,2025-08-12 05:14:07.000,15,English is key for communication!\n\nWhat do you want to communicate in English?,Give me 1 sentence about the importance of learning English. Max 5 words.
demo-test-197,1001,127261,2025-08-12 05:14:07.000,15,English connects people around world! \n\nWhat country would you like to visit?,Give me 1 sentence about the importance of learning English. Max 5 words.
demo-test-199,1001,127260,2025-08-12 05:14:07.000,12,English is vital for opportunities! What do you find challenging in English?,Give me 1 sentence about the importance of learning English. Max 5 words.
demo-test-1,1001,127327,2025-08-12 05:14:08.000,37,English helps you share ideas. What do you want to learn next?,Give me 1 sentence about the importance of learning English. Max 5 words.
demo-test-9,1001,127298,2025-08-12 05:14:08.000,3,English connects people worldwide! ?? What do you feel about that?,Give me 1 sentence about the importance of learning English. Max 5 words.
demo-test-11,1001,127304,2025-08-12 05:14:08.000,60,English is essential for communication! ?️,Give me 1 sentence about the importance of learning English. Max 5 words.
demo-test-14,1001,127314,2025-08-12 05:14:08.000,64,Improves teamwork in diverse environments! ??,Give me 1 sentence about the importance of learning English. Max 5 words.
demo-test-15,1001,127286,2025-08-12 05:14:08.000,63,English connects you with everyone!,Give me 1 sentence about the importance of learning English. Max 5 words.
demo-test-17,1001,127324,2025-08-12 05:14:08.000,64,Connects you with diverse people!,Give me 1 sentence about the importance of learning English. Max 5 words.
demo-test-18,1001,127301,2025-08-12 05:14:08.000,66,English opens doors to knowledge! ?,Give me 1 sentence about the importance of learning English. Max 5 words.
demo-test-19,1001,127284,2025-08-12 05:14:08.000,59,English opens doors to success!,Give me 1 sentence about the importance of learning English. Max 5 words.
demo-test-25,1001,127325,2025-08-12 05:14:08.000,48,English helps you express ideas! ?✨,Give me 1 sentence about the importance of learning English. Max 5 words.
demo-test-26,1001,127323,2025-08-12 05:14:08.000,52,English enables better job opportunities! ?✨,Give me 1 sentence about the importance of learning English. Max 5 words.
demo-test-27,1001,127322,2025-08-12 05:14:08.000,54,English is essential for education! ?,Give me 1 sentence about the importance of learning English. Max 5 words.
demo-test-31,1001,127289,2025-08-12 05:14:08.000,45,English is key for teamwork! ? What team activity do you enjoy?,Give me 1 sentence about the importance of learning English. Max 5 words.
demo-test-32,1001,127296,2025-08-12 05:14:08.000,39,English helps build global connections. Who would you like to connect with? ??,Give me 1 sentence about the importance of learning English. Max 5 words.
demo-test-33,1001,127316,2025-08-12 05:14:08.000,38,English helps you travel anywhere. Where do you want to travel? ?,Give me 1 sentence about the importance of learning English. Max 5 words.
demo-test-34,1001,127309,2025-08-12 05:14:08.000,37,English helps you make friends. Do you have English-speaking friends? ?,Give me 1 sentence about the importance of learning English. Max 5 words.
demo-test-35,1001,127312,2025-08-12 05:14:08.000,36,English is important for communication. What do you like to communicate about? ?,Give me 1 sentence about the importance of learning English. Max 5 words.
demo-test-36,1001,127320,2025-08-12 05:14:08.000,37,English is key for education. What is your favorite animal?,Give me 1 sentence about the importance of learning English. Max 5 words.
demo-test-49,1001,127308,2025-08-12 05:14:08.000,40,English opens opportunities for success. What success do you dream of? ?,Give me 1 sentence about the importance of learning English. Max 5 words.
demo-test-50,1001,127294,2025-08-12 05:14:08.000,40,English enhances your global connections. What connections do you value most? ??,Give me 1 sentence about the importance of learning English. Max 5 words.
demo-test-53,1001,127307,2025-08-12 05:14:08.000,28,English helps you make friends. \n\nWho would you like to befriend?,Give me 1 sentence about the importance of learning English. Max 5 words.
demo-test-54,1001,127310,2025-08-12 05:14:08.000,30,English helps you share ideas. What ideas do you want to share?,Give me 1 sentence about the importance of learning English. Max 5 words.
demo-test-66,1001,127287,2025-08-12 05:14:08.000,30,English helps you make friends. Who is your best friend?,Give me 1 sentence about the importance of learning English. Max 5 words.
demo-test-67,1001,127302,2025-08-12 05:14:08.000,29,English is essential for communication. What do you want to practice today?,Give me 1 sentence about the importance of learning English. Max 5 words.
demo-test-69,1001,127295,2025-08-12 05:14:08.000,28,English helps you explore the world. What is your favorite place?,Give me 1 sentence about the importance of learning English. Max 5 words.
demo-test-71,1001,127306,2025-08-12 05:14:08.000,26,English connects people around world. What do you want to practice next?,Give me 1 sentence about the importance of learning English. Max 5 words.
demo-test-72,1001,127293,2025-08-12 05:14:08.000,24,English is essential for education. What subjects do you like?,Give me 1 sentence about the importance of learning English. Max 5 words.
demo-test-90,1001,127300,2025-08-12 05:14:08.000,27,English connects people globally every day.,Give me 1 sentence about the importance of learning English. Max 5 words.
demo-test-102,1001,127315,2025-08-12 05:14:08.000,42,English helps you make friends! \n\nWhat qualities do you look for in a friend?,Give me 1 sentence about the importance of learning English. Max 5 words.
demo-test-104,1001,127313,2025-08-12 05:14:08.000,41,English helps you connect globally! Who would you like to connect with?,Give me 1 sentence about the importance of learning English. Max 5 words.
demo-test-106,1001,127285,2025-08-12 05:14:08.000,36,English is essential for understanding! \n\nWhat do you want to understand better?,Give me 1 sentence about the importance of learning English. Max 5 words.
demo-test-107,1001,127299,2025-08-12 05:14:08.000,39,English bridges gaps between cultures. \n\nWhat culture do you want to learn about?,Give me 1 sentence about the importance of learning English. Max 5 words.
demo-test-108,1001,127311,2025-08-12 05:14:08.000,39,English enhances travel experiences worldwide!\n\nWhat place do you dream of visiting?,Give me 1 sentence about the importance of learning English. Max 5 words.
demo-test-119,1001,127292,2025-08-12 05:14:08.000,30,English enables global friendships easily. \n\nWho is your best friend?,Give me 1 sentence about the importance of learning English. Max 5 words.
demo-test-124,1001,127305,2025-08-12 05:14:08.000,26,English opens doors to opportunities! \n\nWhat opportunity are you excited about?,Give me 1 sentence about the importance of learning English. Max 5 words.
demo-test-136,1001,127288,2025-08-12 05:14:08.000,28,English improves your global connections! What connection do you want to make?,Give me 1 sentence about the importance of learning English. Max 5 words.
demo-test-139,1001,127321,2025-08-12 05:14:08.000,28,English is key to understanding! \n\nWhat do you enjoy most about learning?,Give me 1 sentence about the importance of learning English. Max 5 words.
demo-test-143,1001,127297,2025-08-12 05:14:08.000,28,English is essential for communication. \n\nWhat do you like to communicate about?,Give me 1 sentence about the importance of learning English. Max 5 words.
demo-test-144,1001,127290,2025-08-12 05:14:08.000,28,English helps you travel better. \n\nWhere would you like to travel?,Give me 1 sentence about the importance of learning English. Max 5 words.
demo-test-159,1001,127291,2025-08-12 05:14:08.000,14,English boosts confidence in communication. \n\nHow do you practice speaking English?,Give me 1 sentence about the importance of learning English. Max 5 words.
demo-test-161,1001,127319,2025-08-12 05:14:08.000,14,English is key for travel. \n\nWhere do you want to travel?,Give me 1 sentence about the importance of learning English. Max 5 words.
demo-test-174,1001,127318,2025-08-12 05:14:08.000,15,English connects cultures and people!  \n\nWhich culture interests you the most?,Give me 1 sentence about the importance of learning English. Max 5 words.
demo-test-180,1001,127303,2025-08-12 05:14:08.000,15,English improves job opportunities! \n\nWhat job do you dream of?,Give me 1 sentence about the importance of learning English. Max 5 words.
demo-test-195,1001,127283,2025-08-12 05:14:08.000,15,English expands your career opportunities! \n\nWhat job would you like?,Give me 1 sentence about the importance of learning English. Max 5 words.
demo-test-196,1001,127326,2025-08-12 05:14:08.000,15,English helps you make friends! \n\nWho is your best friend?,Give me 1 sentence about the importance of learning English. Max 5 words.
demo-test-198,1001,127317,2025-08-12 05:14:08.000,15,English improves your communication skills! \n\nWhat do you want to talk about?,Give me 1 sentence about the importance of learning English. Max 5 words.
demo-test-178,1001,127328,2025-08-12 05:14:09.000,15,English connects you to the world! \n\nWhat country would you like to visit?,Give me 1 sentence about the importance of learning English. Max 5 words.
demo-test-10,1001,127329,2025-08-12 05:14:10.000,23,English helps you understand movies. What is your favorite movie?,Give me 1 sentence about the importance of learning English. Max 5 words.
demo-test-80,1001,127333,2025-08-12 05:14:10.000,24,English builds confidence in communication.,Give me 1 sentence about the importance of learning English. Max 5 words.
demo-test-82,1001,127332,2025-08-12 05:14:10.000,28,English enhances your global connections.,Give me 1 sentence about the importance of learning English. Max 5 words.
demo-test-98,1001,127330,2025-08-12 05:14:10.000,24,English promotes cultural understanding worldwide.,Give me 1 sentence about the importance of learning English. Max 5 words.
demo-test-100,1001,127331,2025-08-12 05:14:10.000,27,English is essential for travel.,Give me 1 sentence about the importance of learning English. Max 5 words.
demo-test-30,1001,127335,2025-08-12 05:14:11.000,53,English opens doors to knowledge. ?✨,Give me 1 sentence about the importance of learning English. Max 5 words.
demo-test-44,1001,127351,2025-08-12 05:14:11.000,36,English is essential for travel. Where do you dream of traveling?,Give me 1 sentence about the importance of learning English. Max 5 words.
demo-test-45,1001,127339,2025-08-12 05:14:11.000,35,English is useful for communication. What do you like to communicate about? ?,Give me 1 sentence about the importance of learning English. Max 5 words.
demo-test-46,1001,127334,2025-08-12 05:14:11.000,44,English opens doors to knowledge! ?✨,Give me 1 sentence about the importance of learning English. Max 5 words.
demo-test-48,1001,127350,2025-08-12 05:14:11.000,47,English improves job and career! ?✨ What job do you dream of?,Give me 1 sentence about the importance of learning English. Max 5 words.
demo-test-60,1001,127342,2025-08-12 05:14:11.000,27,English is important for understanding. What do you want to understand?,Give me 1 sentence about the importance of learning English. Max 5 words.
demo-test-62,1001,127337,2025-08-12 05:14:11.000,24,English is important for travel. What is your favorite holiday?,Give me 1 sentence about the importance of learning English. Max 5 words.
demo-test-64,1001,127348,2025-08-12 05:14:11.000,29,English opens doors to communication. What do you want to communicate?,Give me 1 sentence about the importance of learning English. Max 5 words.
demo-test-68,1001,127343,2025-08-12 05:14:11.000,29,English is important for travel.\n\nWhere would you like to travel?,Give me 1 sentence about the importance of learning English. Max 5 words.
demo-test-81,1001,127344,2025-08-12 05:14:11.000,24,English helps in global communication.,Give me 1 sentence about the importance of learning English. Max 5 words.
demo-test-83,1001,127346,2025-08-12 05:14:11.000,26,English is vital for travel.,Give me 1 sentence about the importance of learning English. Max 5 words.
demo-test-85,1001,127347,2025-08-12 05:14:11.000,28,English unites people from everywhere.,Give me 1 sentence about the importance of learning English. Max 5 words.
demo-test-87,1001,127345,2025-08-12 05:14:11.000,28,English helps in global communication.,Give me 1 sentence about the importance of learning English. Max 5 words.
demo-test-135,1001,127349,2025-08-12 05:14:11.000,27,English is essential for travel. \n\nWhat place do you want to visit?,Give me 1 sentence about the importance of learning English. Max 5 words.
demo-test-152,1001,127336,2025-08-12 05:14:11.000,12,English connects cultures around the world.\n\nWhat culture interests you the most?,Give me 1 sentence about the importance of learning English. Max 5 words.
demo-test-156,1001,127340,2025-08-12 05:14:11.000,14,English is essential for travel! Where do you want to go?,Give me 1 sentence about the importance of learning English. Max 5 words.
demo-test-171,1001,127338,2025-08-12 05:14:11.000,16,English is key for success!\n\nWhat do you enjoy most about learning English?,Give me 1 sentence about the importance of learning English. Max 5 words.
demo-test-191,1001,127341,2025-08-12 05:14:11.000,15,English allows global communication easily! What do you like to talk about?,Give me 1 sentence about the importance of learning English. Max 5 words.
demo-test-15,1001,127352,2025-08-12 05:14:13.000,64,English is crucial for travel!,Give me 1 sentence about the importance of learning English. Max 5 words.
demo-test-28,1001,127353,2025-08-12 05:14:13.000,50,English opens doors to opportunities!,Give me 1 sentence about the importance of learning English. Max 5 words.
demo-test-52,1001,127355,2025-08-12 05:14:13.000,35,English connects people worldwide effectively.,Give me 1 sentence about the importance of learning English. Max 5 words.
demo-test-70,1001,127356,2025-08-12 05:14:13.000,45,English bridges cultural connections worldwide.,Give me 1 sentence about the importance of learning English. Max 5 words.
demo-test-72,1001,127358,2025-08-12 05:14:13.000,25,English opens many career paths. What job interests you the most?,Give me 1 sentence about the importance of learning English. Max 5 words.
demo-test-88,1001,127354,2025-08-12 05:14:13.000,28,English helps understand global cultures.,Give me 1 sentence about the importance of learning English. Max 5 words.
demo-test-121,1001,127360,2025-08-12 05:14:13.000,27,English opens doors to opportunities!\n\nWhat opportunity do you dream of?,Give me 1 sentence about the importance of learning English. Max 5 words.
demo-test-158,1001,127357,2025-08-12 05:14:13.000,14,English opens doors to knowledge! \n\nWhat do you want to learn next?,Give me 1 sentence about the importance of learning English. Max 5 words.
demo-test-179,1001,127359,2025-08-12 05:14:13.000,16,English improves job opportunities globally.\n\nWhat job would you like?,Give me 1 sentence about the importance of learning English. Max 5 words.
demo-test-11,1001,127366,2025-08-12 05:14:14.000,61,English bridges cultural gaps worldwide! ?,Give me 1 sentence about the importance of learning English. Max 5 words.
demo-test-16,1001,127367,2025-08-12 05:14:14.000,65,English opens doors to opportunities! ?,Give me 1 sentence about the importance of learning English. Max 5 words.
demo-test-18,1001,127363,2025-08-12 05:14:14.000,67,English is essential for success! ?,Give me 1 sentence about the importance of learning English. Max 5 words.
demo-test-31,1001,127364,2025-08-12 05:14:14.000,46,English is essential for travel! ✈️ Where would you like to go?,Give me 1 sentence about the importance of learning English. Max 5 words.
demo-test-32,1001,127362,2025-08-12 05:14:14.000,40,English opens doors to opportunities. What opportunities do you dream of? ?,Give me 1 sentence about the importance of learning English. Max 5 words.
demo-test-89,1001,127361,2025-08-12 05:14:14.000,27,English is vital for success.,Give me 1 sentence about the importance of learning English. Max 5 words.
demo-test-194,1001,127365,2025-08-12 05:14:14.000,16,English connects people worldwide easily!\n\nWho would you like to connect with?,Give me 1 sentence about the importance of learning English. Max 5 words.
demo-test-13,1001,127372,2025-08-12 05:14:15.000,66,English is essential for travel!,Give me 1 sentence about the importance of learning English. Max 5 words.
demo-test-33,1001,127371,2025-08-12 05:14:15.000,39,English is vital for success. What do you like to learn?,Give me 1 sentence about the importance of learning English. Max 5 words.
demo-test-34,1001,127369,2025-08-12 05:14:15.000,38,English is essential for travel. Where do you want to go? ✈️,Give me 1 sentence about the importance of learning English. Max 5 words.
demo-test-49,1001,127375,2025-08-12 05:14:15.000,41,English is important for communication. What do you like to communicate about? ?,Give me 1 sentence about the importance of learning English. Max 5 words.
demo-test-66,1001,127368,2025-08-12 05:14:15.000,31,English opens doors to opportunities. What opportunity do you dream of?,Give me 1 sentence about the importance of learning English. Max 5 words.
demo-test-69,1001,127374,2025-08-12 05:14:15.000,29,English is important for travel. What is your favorite animal?,Give me 1 sentence about the importance of learning English. Max 5 words.
demo-test-90,1001,127370,2025-08-12 05:14:15.000,28,English opens doors to knowledge.,Give me 1 sentence about the importance of learning English. Max 5 words.
demo-test-137,1001,127373,2025-08-12 05:14:15.000,29,English helps you understand cultures.\n\nWhat culture are you interested in?,Give me 1 sentence about the importance of learning English. Max 5 words.
demo-test-29,1001,127379,2025-08-12 05:14:16.000,54,English improves communication across cultures! ?,Give me 1 sentence about the importance of learning English. Max 5 words.
demo-test-63,1001,127376,2025-08-12 05:14:16.000,26,English helps you share ideas. What do you want to discuss today?,Give me 1 sentence about the importance of learning English. Max 5 words.
demo-test-65,1001,127377,2025-08-12 05:14:16.000,29,English helps you learn globally. What do you want to learn?,Give me 1 sentence about the importance of learning English. Max 5 words.
demo-test-108,1001,127378,2025-08-12 05:14:16.000,40,English helps you understand others!\n\nWhat do you enjoy about learning?,Give me 1 sentence about the importance of learning English. Max 5 words.
demo-test-14,1001,127380,2025-08-12 05:14:17.000,65,Broadens horizons and opportunities worldwide! ??,Give me 1 sentence about the importance of learning English. Max 5 words.
demo-test-17,1001,127385,2025-08-12 05:14:17.000,65,Facilitates travel and cultural exchange!,Give me 1 sentence about the importance of learning English. Max 5 words.
demo-test-35,1001,127382,2025-08-12 05:14:17.000,37,English is essential for travel. Where do you dream to travel? ✈️,Give me 1 sentence about the importance of learning English. Max 5 words.
demo-test-47,1001,127387,2025-08-12 05:14:17.000,46,English helps in global communication! ? What do you want to share?,Give me 1 sentence about the importance of learning English. Max 5 words.
demo-test-54,1001,127381,2025-08-12 05:14:17.000,31,English is essential for understanding. What do you want to understand better?,Give me 1 sentence about the importance of learning English. Max 5 words.
demo-test-84,1001,127384,2025-08-12 05:14:17.000,26,English connects people from everywhere.,Give me 1 sentence about the importance of learning English. Max 5 words.
demo-test-86,1001,127386,2025-08-12 05:14:17.000,31,English is important for travel.,Give me 1 sentence about the importance of learning English. Max 5 words.
demo-test-136,1001,127383,2025-08-12 05:14:17.000,29,English opens doors to success! What success do you want?,Give me 1 sentence about the importance of learning English. Max 5 words.
demo-test-12,1001,127388,2025-08-12 05:14:18.000,65,Essential for effective cross-cultural communication! ?,Give me 1 sentence about the importance of learning English. Max 5 words.
demo-test-50,1001,127390,2025-08-12 05:14:18.000,41,English is key for communication. What do you enjoy discussing? ??,Give me 1 sentence about the importance of learning English. Max 5 words.
demo-test-67,1001,127392,2025-08-12 05:14:18.000,30,English helps you understand cultures. What culture interests you the most?,Give me 1 sentence about the importance of learning English. Max 5 words.
demo-test-71,1001,127391,2025-08-12 05:14:18.000,27,English is important for travel. What places do you want to visit?,Give me 1 sentence about the importance of learning English. Max 5 words.
demo-test-104,1001,127389,2025-08-12 05:14:18.000,42,English allows access to information! What information do you want?,Give me 1 sentence about the importance of learning English. Max 5 words.
demo-test-126,1001,127393,2025-08-12 05:14:18.000,28,English connects you to the world!\n\nWhat part of the world interests you?,Give me 1 sentence about the importance of learning English. Max 5 words.
demo-test-36,1001,127394,2025-08-12 05:14:19.000,38,English connects people from everywhere. What is your favorite food?,Give me 1 sentence about the importance of learning English. Max 5 words.
demo-test-99,1001,127395,2025-08-12 05:14:20.000,29,English is important for travel.,Give me 1 sentence about the importance of learning English. Max 5 words.
demo-test-9,1001,127443,2025-08-14 12:54:11.738,1,"Hello, demo-test-9! Great to see you again! ? You are doing well with your English. Learning is important! What topic would you like to discuss today? It can be anything! Food, travel, or hobbies? What do you want to talk about?",NULL
demo-test-9,1001,127444,2025-08-14 12:55:40.396,2,"Testing is fun! ? It helps us learn! What would you like to test today? Vocabulary, grammar, or maybe a conversation? Let’s make it exciting!",test
demo-test-9,1001,127445,2025-08-14 12:57:05.983,3,"Tes? Ah, you mean ""test""! ? It's great to check what you know! Do you want to practice some English words or sentences? What do you prefer?",tes
demo-test-2,1001,127446,2025-08-14 12:57:26.638,1,"Hi demo-test-2! Great to see you again! ? Yesterday, we talked about food. Today, what topic would you like to discuss? Maybe more about food, or something else? Let me know!",NULL
demo-test-2,1001,127447,2025-08-14 12:57:34.308,2,Okay! Let's have fun! ? What is your favorite food? Why do you like it? Tell me!,oke
demo-test-3,1001,127448,2025-08-14 13:10:57.124,1,"Hello, demo-test-3! ? Great to see you again! Yesterday, we talked about the importance of learning English. You are making progress! ? What topic would you like to discuss today? Do you want to continue with English skills or something fun?",NULL
demo-test-3,1001,127449,2025-08-14 13:11:35.854,2,"Testing is fun! ? It helps us learn and see what we know. What do you want to test today? Vocabulary, grammar, or maybe a fun quiz?",test
demo-test-3,1001,127450,2025-08-14 13:28:54.456,3,"Oops! Looks like we need a bit more than just ""p""! ? Can you tell me more about what you want? Maybe a word or a question?",p
demo-test-10,1001,127451,2025-08-14 13:29:27.596,1,"Hello, demo-test-10! Great to see you again! ? You are doing well with your English. Today, what topic would you like to discuss? Maybe the importance of learning English again, or something new? What do you think?",NULL
demo-test-10,1001,127452,2025-08-14 13:29:33.601,2,No problem! ? Let's talk about why learning English is important. It helps us talk to many people around the world! Why do you want to learn English?,aa
demo-test-10,1001,127453,2025-08-14 13:29:42.562,3,"That's okay! We can take our time. ? Learning English can help you travel, make friends, and find a good job! What do you like about learning English?",aaa
demo-test-4,1001,127460,2025-08-15 08:00:19.819,1,"Hello, demo-test-4! I'm happy to see you! ? Yesterday, we talked about the importance of learning English. Great job! Today, what topic would you like to discuss? It can be anything fun! Remember, practice helps you improve! What do you think?",NULL
demo-test-9,1001,127503,2025-08-18 02:56:08.362,1,"Hello, demo-test-9! Great to see you again! You are doing well, but we still have some grammar and vocabulary lessons to finish. Today, what topic do you want to discuss? English learning, hobbies, or something else? Let’s have fun! What do you think?",NULL
demo-test-9,1001,127504,2025-08-19 02:57:05.169,2,"It looks like your message got cut off! No worries! Can you tell me more about what you want to say? Or maybe, what is your favorite hobby? Let’s chat!",p
demo-test-9,1001,127544,2025-08-20 07:34:17.218,1,"Hello, demo-test-9! Great to see you again! ? You are doing well with your English! Today, what topic would you like to discuss? Is it about learning English, or something else? Let me know!",NULL
demo-test-9,1001,127562,2025-08-21 06:50:47.326,1,"Hello, demo-test-9! Great to see you again! You are doing well with your English! Today, what topic would you like to discuss? Maybe something fun like hobbies or food? Let me know! ?",NULL
demo-test-1,1001,127583,2025-08-22 04:36:27.605,1,"Hello, demo-test-1! Great to see you again! ? Your progress is amazing! Let's keep improving your English. What topic do you want to discuss today? It can be fun or serious! What do you think? ?",NULL
demo-test-9,1001,127587,2025-08-22 04:49:21.285,1,"Hello, demo-test-9! ? Great to see you again! Yesterday, we talked about the importance of learning English. You are doing well! What topic would you like to discuss today? Maybe travel, hobbies, or food? What do you think? ?✈️",NULL
demo-test-9,1001,127751,2025-08-26 06:19:47.043,1,"Hello, demo-test-9! ? Great to see you again! You are making progress with your English. Today, what topic do you want to discuss? Would you like to talk more about the importance of learning English or something new? Let me know!",NULL
demo-test-9,1001,127752,2025-08-26 06:19:47.948,1,"Hello, demo-test-9! Great to see you again! ? You did well yesterday, but let’s work on vocabulary more today. What topic do you want to discuss? Do you want to talk about hobbies, food, or travel? What do you think? ?",NULL
